Internal Server Error: /admin/registrations/studentapplication/
Traceback (most recent call last):
  File "C:\Users\ASUS\AppData\Roaming\Python\Python314\site-packages\django\db\models\options.py", line 683, in get_field
    return self.fields_map[field_name]
           ~~~~~~~~~~~~~~~^^^^^^^^^^^^
KeyError: 'institution_display'

During handling of the above exception, another exception occurred:

Traceback (most recent call last):
  File "C:\Users\ASUS\AppData\Roaming\Python\Python314\site-packages\django\contrib\admin\utils.py", line 290, in lookup_field
    f = _get_non_gfk_field(opts, name)
  File "C:\Users\ASUS\AppData\Roaming\Python\Python314\site-packages\django\contrib\admin\utils.py", line 330, in _get_non_gfk_field
    field = opts.get_field(name)
  File "C:\Users\ASUS\AppData\Roaming\Python\Python314\site-packages\django\db\models\options.py", line 685, in get_field
    raise FieldDoesNotExist(
        "%s has no field named '%s'" % (self.object_name, field_name)
    )
django.core.exceptions.FieldDoesNotExist: StudentApplication has no field named 'institution_display'

During handling of the above exception, another exception occurred:

Traceback (most recent call last):
  File "C:\Users\ASUS\AppData\Roaming\Python\Python314\site-packages\django\core\handlers\exception.py", line 55, in inner
    response = get_response(request)
  File "C:\Users\ASUS\AppData\Roaming\Python\Python314\site-packages\django\core\handlers\base.py", line 220, in _get_response
    response = response.render()
  File "C:\Users\ASUS\AppData\Roaming\Python\Python314\site-packages\django\template\response.py", line 114, in render
    self.content = self.rendered_content
                   ^^^^^^^^^^^^^^^^^^^^^
  File "C:\Users\ASUS\AppData\Roaming\Python\Python314\site-packages\django\template\response.py", line 92, in rendered_content
    return template.render(context, self._request)
           ~~~~~~~~~~~~~~~^^^^^^^^^^^^^^^^^^^^^^^^
  File "C:\Users\ASUS\AppData\Roaming\Python\Python314\site-packages\django\template\backends\django.py", line 107, in render
    return self.template.render(context)
           ~~~~~~~~~~~~~~~~~~~~^^^^^^^^^
  File "C:\Users\ASUS\AppData\Roaming\Python\Python314\site-packages\django\template\base.py", line 172, in render
    return self._render(context)
           ~~~~~~~~~~~~^^^^^^^^^
  File "C:\Users\ASUS\AppData\Roaming\Python\Python314\site-packages\django\template\base.py", line 164, in _render
    return self.nodelist.render(context)
           ~~~~~~~~~~~~~~~~~~~~^^^^^^^^^
  File "C:\Users\ASUS\AppData\Roaming\Python\Python314\site-packages\django\template\base.py", line 1018, in render
    return SafeString("".join([node.render_annotated(context) for node in self]))
                               ~~~~~~~~~~~~~~~~~~~~~^^^^^^^^^
  File "C:\Users\ASUS\AppData\Roaming\Python\Python314\site-packages\django\template\base.py", line 979, in render_annotated
    return self.render(context)
           ~~~~~~~~~~~^^^^^^^^^
  File "C:\Users\ASUS\AppData\Roaming\Python\Python314\site-packages\django\template\loader_tags.py", line 159, in render
    return compiled_parent._render(context)
           ~~~~~~~~~~~~~~~~~~~~~~~^^^^^^^^^
  File "C:\Users\ASUS\AppData\Roaming\Python\Python314\site-packages\django\template\base.py", line 164, in _render
    return self.nodelist.render(context)
           ~~~~~~~~~~~~~~~~~~~~^^^^^^^^^
  File "C:\Users\ASUS\AppData\Roaming\Python\Python314\site-packages\django\template\base.py", line 1018, in render
    return SafeString("".join([node.render_annotated(context) for node in self]))
                               ~~~~~~~~~~~~~~~~~~~~~^^^^^^^^^
  File "C:\Users\ASUS\AppData\Roaming\Python\Python314\site-packages\django\template\base.py", line 979, in render_annotated
    return self.render(context)
           ~~~~~~~~~~~^^^^^^^^^
  File "C:\Users\ASUS\AppData\Roaming\Python\Python314\site-packages\django\template\loader_tags.py", line 159, in render
    return compiled_parent._render(context)
           ~~~~~~~~~~~~~~~~~~~~~~~^^^^^^^^^
  File "C:\Users\ASUS\AppData\Roaming\Python\Python314\site-packages\django\template\base.py", line 164, in _render
    return self.nodelist.render(context)
           ~~~~~~~~~~~~~~~~~~~~^^^^^^^^^
  File "C:\Users\ASUS\AppData\Roaming\Python\Python314\site-packages\django\template\base.py", line 1018, in render
    return SafeString("".join([node.render_annotated(context) for node in self]))
                               ~~~~~~~~~~~~~~~~~~~~~^^^^^^^^^
  File "C:\Users\ASUS\AppData\Roaming\Python\Python314\site-packages\django\template\base.py", line 979, in render_annotated
    return self.render(context)
           ~~~~~~~~~~~^^^^^^^^^
  File "C:\Users\ASUS\AppData\Roaming\Python\Python314\site-packages\django\template\loader_tags.py", line 65, in render
    result = block.nodelist.render(context)
  File "C:\Users\ASUS\AppData\Roaming\Python\Python314\site-packages\django\template\base.py", line 1018, in render
    return SafeString("".join([node.render_annotated(context) for node in self]))
                               ~~~~~~~~~~~~~~~~~~~~~^^^^^^^^^
  File "C:\Users\ASUS\AppData\Roaming\Python\Python314\site-packages\django\template\base.py", line 979, in render_annotated
    return self.render(context)
           ~~~~~~~~~~~^^^^^^^^^
  File "C:\Users\ASUS\AppData\Roaming\Python\Python314\site-packages\django\template\loader_tags.py", line 65, in render
    result = block.nodelist.render(context)
  File "C:\Users\ASUS\AppData\Roaming\Python\Python314\site-packages\django\template\base.py", line 1018, in render
    return SafeString("".join([node.render_annotated(context) for node in self]))
                               ~~~~~~~~~~~~~~~~~~~~~^^^^^^^^^
  File "C:\Users\ASUS\AppData\Roaming\Python\Python314\site-packages\django\template\base.py", line 979, in render_annotated
    return self.render(context)
           ~~~~~~~~~~~^^^^^^^^^
  File "C:\Users\ASUS\AppData\Roaming\Python\Python314\site-packages\django\contrib\admin\templatetags\base.py", line 47, in render
    return super().render(context)
           ~~~~~~~~~~~~~~^^^^^^^^^
  File "C:\Users\ASUS\AppData\Roaming\Python\Python314\site-packages\django\template\library.py", line 362, in render
    _dict = self.func(*resolved_args, **resolved_kwargs)
  File "C:\Users\ASUS\AppData\Roaming\Python\Python314\site-packages\django\contrib\admin\templatetags\admin_list.py", line 354, in result_list
    "results": list(results(cl)),
               ~~~~^^^^^^^^^^^^^
  File "C:\Users\ASUS\AppData\Roaming\Python\Python314\site-packages\django\contrib\admin\templatetags\admin_list.py", line 330, in results
    yield ResultList(None, items_for_result(cl, res, None))
          ~~~~~~~~~~^^^^^^^^^^^^^^^^^^^^^^^^^^^^^^^^^^^^^^^
  File "C:\Users\ASUS\AppData\Roaming\Python\Python314\site-packages\django\contrib\admin\templatetags\admin_list.py", line 321, in __init__
    super().__init__(*items)
    ~~~~~~~~~~~~~~~~^^^^^^^^
  File "C:\Users\ASUS\AppData\Roaming\Python\Python314\site-packages\django\contrib\admin\templatetags\admin_list.py", line 219, in items_for_result
    f, attr, value = lookup_field(field_name, result, cl.model_admin)
                     ~~~~~~~~~~~~^^^^^^^^^^^^^^^^^^^^^^^^^^^^^^^^^^^^
  File "C:\Users\ASUS\AppData\Roaming\Python\Python314\site-packages\django\contrib\admin\utils.py", line 299, in lookup_field
    value = attr(obj)
  File "C:\Users\ASUS\Downloads\TRAINING PROJECT\TRAINING PROJECT\registrations\admin.py", line 82, in institution_display
    return obj.institution.name if obj.institution else "-"
           ^^^^^^^^^^^^^^^^^^^^
AttributeError: 'str' object has no attribute 'name'
Internal Server Error: /admin/registrations/studentapplication/1/change/
Traceback (most recent call last):
  File "C:\Users\ASUS\AppData\Roaming\Python\Python314\site-packages\django\contrib\admin\options.py", line 841, in get_form
    return modelform_factory(self.model, **defaults)
  File "C:\Users\ASUS\AppData\Roaming\Python\Python314\site-packages\django\forms\models.py", line 654, in modelform_factory
    return type(form)(class_name, (form,), form_class_attrs)
           ~~~~~~~~~~^^^^^^^^^^^^^^^^^^^^^^^^^^^^^^^^^^^^^^^
  File "C:\Users\ASUS\AppData\Roaming\Python\Python314\site-packages\django\forms\models.py", line 334, in __new__
    raise FieldError(message)
django.core.exceptions.FieldError: Unknown field(s) (highest_qualification, address_line2, address_line1, is_ex_serviceman, date_of_birth) specified for StudentApplication

During handling of the above exception, another exception occurred:

Traceback (most recent call last):
  File "C:\Users\ASUS\AppData\Roaming\Python\Python314\site-packages\django\core\handlers\exception.py", line 55, in inner
    response = get_response(request)
  File "C:\Users\ASUS\AppData\Roaming\Python\Python314\site-packages\django\core\handlers\base.py", line 197, in _get_response
    response = wrapped_callback(request, *callback_args, **callback_kwargs)
  File "C:\Users\ASUS\AppData\Roaming\Python\Python314\site-packages\django\contrib\admin\options.py", line 720, in wrapper
    return self.admin_site.admin_view(view)(*args, **kwargs)
           ~~~~~~~~~~~~~~~~~~~~~~~~~~~~~~~~^^^^^^^^^^^^^^^^^
  File "C:\Users\ASUS\AppData\Roaming\Python\Python314\site-packages\django\utils\decorators.py", line 192, in _view_wrapper
    result = _process_exception(request, e)
  File "C:\Users\ASUS\AppData\Roaming\Python\Python314\site-packages\django\utils\decorators.py", line 190, in _view_wrapper
    response = view_func(request, *args, **kwargs)
  File "C:\Users\ASUS\AppData\Roaming\Python\Python314\site-packages\django\views\decorators\cache.py", line 80, in _view_wrapper
    response = view_func(request, *args, **kwargs)
  File "C:\Users\ASUS\AppData\Roaming\Python\Python314\site-packages\django\contrib\admin\sites.py", line 246, in inner
    return view(request, *args, **kwargs)
  File "C:\Users\ASUS\AppData\Roaming\Python\Python314\site-packages\django\contrib\admin\options.py", line 1988, in change_view
    return self.changeform_view(request, object_id, form_url, extra_context)
           ~~~~~~~~~~~~~~~~~~~~^^^^^^^^^^^^^^^^^^^^^^^^^^^^^^^^^^^^^^^^^^^^^
  File "C:\Users\ASUS\AppData\Roaming\Python\Python314\site-packages\django\utils\decorators.py", line 48, in _wrapper
    return bound_method(*args, **kwargs)
  File "C:\Users\ASUS\AppData\Roaming\Python\Python314\site-packages\django\utils\decorators.py", line 192, in _view_wrapper
    result = _process_exception(request, e)
  File "C:\Users\ASUS\AppData\Roaming\Python\Python314\site-packages\django\utils\decorators.py", line 190, in _view_wrapper
    response = view_func(request, *args, **kwargs)
  File "C:\Users\ASUS\AppData\Roaming\Python\Python314\site-packages\django\contrib\admin\options.py", line 1841, in changeform_view
    return self._changeform_view(request, object_id, form_url, extra_context)
           ~~~~~~~~~~~~~~~~~~~~~^^^^^^^^^^^^^^^^^^^^^^^^^^^^^^^^^^^^^^^^^^^^^
  File "C:\Users\ASUS\AppData\Roaming\Python\Python314\site-packages\django\contrib\admin\options.py", line 1879, in _changeform_view
    ModelForm = self.get_form(
        request, obj, change=not add, fields=flatten_fieldsets(fieldsets)
    )
  File "C:\Users\ASUS\AppData\Roaming\Python\Python314\site-packages\django\contrib\admin\options.py", line 843, in get_form
    raise FieldError(
    ...<2 lines>...
    )
django.core.exceptions.FieldError: Unknown field(s) (highest_qualification, address_line2, address_line1, is_ex_serviceman, date_of_birth) specified for StudentApplication. Check fields/fieldsets/exclude attributes of class StudentApplicationAdmin.
Internal Server Error: /dashboard/applications/
Traceback (most recent call last):
  File "C:\Users\ASUS\AppData\Roaming\Python\Python314\site-packages\django\template\backends\django.py", line 107, in render
    return self.template.render(context)
           ~~~~~~~~~~~~~~~~~~~~^^^^^^^^^
  File "C:\Users\ASUS\AppData\Roaming\Python\Python314\site-packages\django\template\base.py", line 172, in render
    return self._render(context)
           ~~~~~~~~~~~~^^^^^^^^^
  File "C:\Users\ASUS\AppData\Roaming\Python\Python314\site-packages\django\template\base.py", line 164, in _render
    return self.nodelist.render(context)
           ~~~~~~~~~~~~~~~~~~~~^^^^^^^^^
  File "C:\Users\ASUS\AppData\Roaming\Python\Python314\site-packages\django\template\base.py", line 1018, in render
    return SafeString("".join([node.render_annotated(context) for node in self]))
                               ~~~~~~~~~~~~~~~~~~~~~^^^^^^^^^
  File "C:\Users\ASUS\AppData\Roaming\Python\Python314\site-packages\django\template\base.py", line 979, in render_annotated
    return self.render(context)
           ~~~~~~~~~~~^^^^^^^^^
  File "C:\Users\ASUS\AppData\Roaming\Python\Python314\site-packages\django\template\loader_tags.py", line 134, in render
    compiled_parent = self.get_parent(context)
  File "C:\Users\ASUS\AppData\Roaming\Python\Python314\site-packages\django\template\loader_tags.py", line 131, in get_parent
    return self.find_template(parent, context)
           ~~~~~~~~~~~~~~~~~~^^^^^^^^^^^^^^^^^
  File "C:\Users\ASUS\AppData\Roaming\Python\Python314\site-packages\django\template\loader_tags.py", line 109, in find_template
    template, origin = context.template.engine.find_template(
                       ~~~~~~~~~~~~~~~~~~~~~~~~~~~~~~~~~~~~~^
        template_name,
        ^^^^^^^^^^^^^^
        skip=history,
        ^^^^^^^^^^^^^
    )
    ^
  File "C:\Users\ASUS\AppData\Roaming\Python\Python314\site-packages\django\template\engine.py", line 163, in find_template
    raise TemplateDoesNotExist(name, tried=tried)
django.template.exceptions.TemplateDoesNotExist: dashboard/base.html

The above exception was the direct cause of the following exception:

Traceback (most recent call last):
  File "C:\Users\ASUS\AppData\Roaming\Python\Python314\site-packages\django\core\handlers\exception.py", line 55, in inner
    response = get_response(request)
  File "C:\Users\ASUS\AppData\Roaming\Python\Python314\site-packages\django\core\handlers\base.py", line 197, in _get_response
    response = wrapped_callback(request, *callback_args, **callback_kwargs)
  File "C:\Users\ASUS\AppData\Roaming\Python\Python314\site-packages\django\contrib\auth\decorators.py", line 59, in _view_wrapper
    return view_func(request, *args, **kwargs)
  File "C:\Users\ASUS\Downloads\TRAINING PROJECT\TRAINING PROJECT\dashboard\views.py", line 124, in application_list
    return render(request, 'dashboard/applications.html', context)
  File "C:\Users\ASUS\AppData\Roaming\Python\Python314\site-packages\django\shortcuts.py", line 25, in render
    content = loader.render_to_string(template_name, context, request, using=using)
  File "C:\Users\ASUS\AppData\Roaming\Python\Python314\site-packages\django\template\loader.py", line 62, in render_to_string
    return template.render(context, request)
           ~~~~~~~~~~~~~~~^^^^^^^^^^^^^^^^^^
  File "C:\Users\ASUS\AppData\Roaming\Python\Python314\site-packages\django\template\backends\django.py", line 109, in render
    reraise(exc, self.backend)
    ~~~~~~~^^^^^^^^^^^^^^^^^^^
  File "C:\Users\ASUS\AppData\Roaming\Python\Python314\site-packages\django\template\backends\django.py", line 130, in reraise
    raise new from exc
django.template.exceptions.TemplateDoesNotExist: dashboard/base.html
Internal Server Error: /
Traceback (most recent call last):
  File "C:\Users\ASUS\AppData\Roaming\Python\Python314\site-packages\django\template\smartif.py", line 180, in translate_token
    op = OPERATORS[token]
         ~~~~~~~~~^^^^^^^
KeyError: "form_data.gender=='Male'"

During handling of the above exception, another exception occurred:

Traceback (most recent call last):
  File "C:\Users\ASUS\AppData\Roaming\Python\Python314\site-packages\django\core\handlers\exception.py", line 55, in inner
    response = get_response(request)
  File "C:\Users\ASUS\AppData\Roaming\Python\Python314\site-packages\django\core\handlers\base.py", line 197, in _get_response
    response = wrapped_callback(request, *callback_args, **callback_kwargs)
  File "C:\Users\ASUS\Downloads\TRAINING PROJECT\TRAINING PROJECT\registrations\views.py", line 148, in registration_view
    return render(request, 'registration/index.html', context)
  File "C:\Users\ASUS\AppData\Roaming\Python\Python314\site-packages\django\shortcuts.py", line 25, in render
    content = loader.render_to_string(template_name, context, request, using=using)
  File "C:\Users\ASUS\AppData\Roaming\Python\Python314\site-packages\django\template\loader.py", line 61, in render_to_string
    template = get_template(template_name, using=using)
  File "C:\Users\ASUS\AppData\Roaming\Python\Python314\site-packages\django\template\loader.py", line 15, in get_template
    return engine.get_template(template_name)
           ~~~~~~~~~~~~~~~~~~~^^^^^^^^^^^^^^^
  File "C:\Users\ASUS\AppData\Roaming\Python\Python314\site-packages\django\template\backends\django.py", line 79, in get_template
    return Template(self.engine.get_template(template_name), self)
                    ~~~~~~~~~~~~~~~~~~~~~~~~^^^^^^^^^^^^^^^
  File "C:\Users\ASUS\AppData\Roaming\Python\Python314\site-packages\django\template\engine.py", line 177, in get_template
    template, origin = self.find_template(template_name)
                       ~~~~~~~~~~~~~~~~~~^^^^^^^^^^^^^^^
  File "C:\Users\ASUS\AppData\Roaming\Python\Python314\site-packages\django\template\engine.py", line 159, in find_template
    template = loader.get_template(name, skip=skip)
  File "C:\Users\ASUS\AppData\Roaming\Python\Python314\site-packages\django\template\loaders\cached.py", line 57, in get_template
    template = super().get_template(template_name, skip)
  File "C:\Users\ASUS\AppData\Roaming\Python\Python314\site-packages\django\template\loaders\base.py", line 28, in get_template
    return Template(
        contents,
    ...<2 lines>...
        self.engine,
    )
  File "C:\Users\ASUS\AppData\Roaming\Python\Python314\site-packages\django\template\base.py", line 155, in __init__
    self.nodelist = self.compile_nodelist()
                    ~~~~~~~~~~~~~~~~~~~~~^^
  File "C:\Users\ASUS\AppData\Roaming\Python\Python314\site-packages\django\template\base.py", line 197, in compile_nodelist
    nodelist = parser.parse()
  File "C:\Users\ASUS\AppData\Roaming\Python\Python314\site-packages\django\template\base.py", line 519, in parse
    raise self.error(token, e)
  File "C:\Users\ASUS\AppData\Roaming\Python\Python314\site-packages\django\template\base.py", line 517, in parse
    compiled_result = compile_func(self, token)
  File "C:\Users\ASUS\AppData\Roaming\Python\Python314\site-packages\django\template\loader_tags.py", line 299, in do_extends
    nodelist = parser.parse()
  File "C:\Users\ASUS\AppData\Roaming\Python\Python314\site-packages\django\template\base.py", line 519, in parse
    raise self.error(token, e)
  File "C:\Users\ASUS\AppData\Roaming\Python\Python314\site-packages\django\template\base.py", line 517, in parse
    compiled_result = compile_func(self, token)
  File "C:\Users\ASUS\AppData\Roaming\Python\Python314\site-packages\django\template\loader_tags.py", line 234, in do_block
    nodelist = parser.parse(("endblock",))
  File "C:\Users\ASUS\AppData\Roaming\Python\Python314\site-packages\django\template\base.py", line 519, in parse
    raise self.error(token, e)
  File "C:\Users\ASUS\AppData\Roaming\Python\Python314\site-packages\django\template\base.py", line 517, in parse
    compiled_result = compile_func(self, token)
  File "C:\Users\ASUS\AppData\Roaming\Python\Python314\site-packages\django\template\defaulttags.py", line 961, in do_if
    condition = TemplateIfParser(parser, bits).parse()
                ~~~~~~~~~~~~~~~~^^^^^^^^^^^^^^
  File "C:\Users\ASUS\AppData\Roaming\Python\Python314\site-packages\django\template\defaulttags.py", line 894, in __init__
    super().__init__(*args, **kwargs)
    ~~~~~~~~~~~~~~~~^^^^^^^^^^^^^^^^^
  File "C:\Users\ASUS\AppData\Roaming\Python\Python314\site-packages\django\template\smartif.py", line 171, in __init__
    mapped_tokens.append(self.translate_token(token))
                         ~~~~~~~~~~~~~~~~~~~~^^^^^^^
  File "C:\Users\ASUS\AppData\Roaming\Python\Python314\site-packages\django\template\smartif.py", line 182, in translate_token
    return self.create_var(token)
           ~~~~~~~~~~~~~~~^^^^^^^
  File "C:\Users\ASUS\AppData\Roaming\Python\Python314\site-packages\django\template\defaulttags.py", line 897, in create_var
    return TemplateLiteral(self.template_parser.compile_filter(value), value)
                           ~~~~~~~~~~~~~~~~~~~~~~~~~~~~~~~~~~~^^^^^^^
  File "C:\Users\ASUS\AppData\Roaming\Python\Python314\site-packages\django\template\base.py", line 610, in compile_filter
    return FilterExpression(token, self)
  File "C:\Users\ASUS\AppData\Roaming\Python\Python314\site-packages\django\template\base.py", line 711, in __init__
    raise TemplateSyntaxError(
    ...<2 lines>...
    )
django.template.exceptions.TemplateSyntaxError: Could not parse the remainder: '=='Male'' from 'form_data.gender=='Male''
Internal Server Error: /
Traceback (most recent call last):
  File "C:\Users\ASUS\AppData\Roaming\Python\Python314\site-packages\django\template\base.py", line 511, in parse
    compile_func = self.tags[command]
                   ~~~~~~~~~^^^^^^^^^
KeyError: 'endif'

During handling of the above exception, another exception occurred:

Traceback (most recent call last):
  File "C:\Users\ASUS\AppData\Roaming\Python\Python314\site-packages\django\core\handlers\exception.py", line 55, in inner
    response = get_response(request)
  File "C:\Users\ASUS\AppData\Roaming\Python\Python314\site-packages\django\core\handlers\base.py", line 197, in _get_response
    response = wrapped_callback(request, *callback_args, **callback_kwargs)
  File "C:\Users\ASUS\Downloads\TRAINING PROJECT\TRAINING PROJECT\registrations\views.py", line 148, in registration_view
    return render(request, 'registration/index.html', context)
  File "C:\Users\ASUS\AppData\Roaming\Python\Python314\site-packages\django\shortcuts.py", line 25, in render
    content = loader.render_to_string(template_name, context, request, using=using)
  File "C:\Users\ASUS\AppData\Roaming\Python\Python314\site-packages\django\template\loader.py", line 61, in render_to_string
    template = get_template(template_name, using=using)
  File "C:\Users\ASUS\AppData\Roaming\Python\Python314\site-packages\django\template\loader.py", line 15, in get_template
    return engine.get_template(template_name)
           ~~~~~~~~~~~~~~~~~~~^^^^^^^^^^^^^^^
  File "C:\Users\ASUS\AppData\Roaming\Python\Python314\site-packages\django\template\backends\django.py", line 79, in get_template
    return Template(self.engine.get_template(template_name), self)
                    ~~~~~~~~~~~~~~~~~~~~~~~~^^^^^^^^^^^^^^^
  File "C:\Users\ASUS\AppData\Roaming\Python\Python314\site-packages\django\template\engine.py", line 177, in get_template
    template, origin = self.find_template(template_name)
                       ~~~~~~~~~~~~~~~~~~^^^^^^^^^^^^^^^
  File "C:\Users\ASUS\AppData\Roaming\Python\Python314\site-packages\django\template\engine.py", line 159, in find_template
    template = loader.get_template(name, skip=skip)
  File "C:\Users\ASUS\AppData\Roaming\Python\Python314\site-packages\django\template\loaders\cached.py", line 57, in get_template
    template = super().get_template(template_name, skip)
  File "C:\Users\ASUS\AppData\Roaming\Python\Python314\site-packages\django\template\loaders\base.py", line 28, in get_template
    return Template(
        contents,
    ...<2 lines>...
        self.engine,
    )
  File "C:\Users\ASUS\AppData\Roaming\Python\Python314\site-packages\django\template\base.py", line 155, in __init__
    self.nodelist = self.compile_nodelist()
                    ~~~~~~~~~~~~~~~~~~~~~^^
  File "C:\Users\ASUS\AppData\Roaming\Python\Python314\site-packages\django\template\base.py", line 197, in compile_nodelist
    nodelist = parser.parse()
  File "C:\Users\ASUS\AppData\Roaming\Python\Python314\site-packages\django\template\base.py", line 519, in parse
    raise self.error(token, e)
  File "C:\Users\ASUS\AppData\Roaming\Python\Python314\site-packages\django\template\base.py", line 517, in parse
    compiled_result = compile_func(self, token)
  File "C:\Users\ASUS\AppData\Roaming\Python\Python314\site-packages\django\template\loader_tags.py", line 299, in do_extends
    nodelist = parser.parse()
  File "C:\Users\ASUS\AppData\Roaming\Python\Python314\site-packages\django\template\base.py", line 519, in parse
    raise self.error(token, e)
  File "C:\Users\ASUS\AppData\Roaming\Python\Python314\site-packages\django\template\base.py", line 517, in parse
    compiled_result = compile_func(self, token)
  File "C:\Users\ASUS\AppData\Roaming\Python\Python314\site-packages\django\template\loader_tags.py", line 234, in do_block
    nodelist = parser.parse(("endblock",))
  File "C:\Users\ASUS\AppData\Roaming\Python\Python314\site-packages\django\template\base.py", line 519, in parse
    raise self.error(token, e)
  File "C:\Users\ASUS\AppData\Roaming\Python\Python314\site-packages\django\template\base.py", line 517, in parse
    compiled_result = compile_func(self, token)
  File "C:\Users\ASUS\AppData\Roaming\Python\Python314\site-packages\django\template\defaulttags.py", line 862, in do_for
    nodelist_loop = parser.parse(
        (
    ...<2 lines>...
        )
    )
  File "C:\Users\ASUS\AppData\Roaming\Python\Python314\site-packages\django\template\base.py", line 513, in parse
    self.invalid_block_tag(token, command, parse_until)
    ~~~~~~~~~~~~~~~~~~~~~~^^^^^^^^^^^^^^^^^^^^^^^^^^^^^
  File "C:\Users\ASUS\AppData\Roaming\Python\Python314\site-packages\django\template\base.py", line 568, in invalid_block_tag
    raise self.error(
    ...<8 lines>...
    )
django.template.exceptions.TemplateSyntaxError: Invalid block tag on line 161: 'endif', expected 'empty' or 'endfor'. Did you forget to register or load this tag?
Internal Server Error: /
Traceback (most recent call last):
  File "C:\Users\ASUS\AppData\Roaming\Python\Python314\site-packages\django\template\smartif.py", line 180, in translate_token
    op = OPERATORS[token]
         ~~~~~~~~~^^^^^^^
KeyError: 'form_data.occupation==o.id|stringformat:"s"'

During handling of the above exception, another exception occurred:

Traceback (most recent call last):
  File "C:\Users\ASUS\AppData\Roaming\Python\Python314\site-packages\django\core\handlers\exception.py", line 55, in inner
    response = get_response(request)
  File "C:\Users\ASUS\AppData\Roaming\Python\Python314\site-packages\django\core\handlers\base.py", line 197, in _get_response
    response = wrapped_callback(request, *callback_args, **callback_kwargs)
  File "C:\Users\ASUS\Downloads\TRAINING PROJECT\TRAINING PROJECT\registrations\views.py", line 148, in registration_view
    return render(request, 'registration/index.html', context)
  File "C:\Users\ASUS\AppData\Roaming\Python\Python314\site-packages\django\shortcuts.py", line 25, in render
    content = loader.render_to_string(template_name, context, request, using=using)
  File "C:\Users\ASUS\AppData\Roaming\Python\Python314\site-packages\django\template\loader.py", line 61, in render_to_string
    template = get_template(template_name, using=using)
  File "C:\Users\ASUS\AppData\Roaming\Python\Python314\site-packages\django\template\loader.py", line 15, in get_template
    return engine.get_template(template_name)
           ~~~~~~~~~~~~~~~~~~~^^^^^^^^^^^^^^^
  File "C:\Users\ASUS\AppData\Roaming\Python\Python314\site-packages\django\template\backends\django.py", line 79, in get_template
    return Template(self.engine.get_template(template_name), self)
                    ~~~~~~~~~~~~~~~~~~~~~~~~^^^^^^^^^^^^^^^
  File "C:\Users\ASUS\AppData\Roaming\Python\Python314\site-packages\django\template\engine.py", line 177, in get_template
    template, origin = self.find_template(template_name)
                       ~~~~~~~~~~~~~~~~~~^^^^^^^^^^^^^^^
  File "C:\Users\ASUS\AppData\Roaming\Python\Python314\site-packages\django\template\engine.py", line 159, in find_template
    template = loader.get_template(name, skip=skip)
  File "C:\Users\ASUS\AppData\Roaming\Python\Python314\site-packages\django\template\loaders\cached.py", line 57, in get_template
    template = super().get_template(template_name, skip)
  File "C:\Users\ASUS\AppData\Roaming\Python\Python314\site-packages\django\template\loaders\base.py", line 28, in get_template
    return Template(
        contents,
    ...<2 lines>...
        self.engine,
    )
  File "C:\Users\ASUS\AppData\Roaming\Python\Python314\site-packages\django\template\base.py", line 155, in __init__
    self.nodelist = self.compile_nodelist()
                    ~~~~~~~~~~~~~~~~~~~~~^^
  File "C:\Users\ASUS\AppData\Roaming\Python\Python314\site-packages\django\template\base.py", line 197, in compile_nodelist
    nodelist = parser.parse()
  File "C:\Users\ASUS\AppData\Roaming\Python\Python314\site-packages\django\template\base.py", line 519, in parse
    raise self.error(token, e)
  File "C:\Users\ASUS\AppData\Roaming\Python\Python314\site-packages\django\template\base.py", line 517, in parse
    compiled_result = compile_func(self, token)
  File "C:\Users\ASUS\AppData\Roaming\Python\Python314\site-packages\django\template\loader_tags.py", line 299, in do_extends
    nodelist = parser.parse()
  File "C:\Users\ASUS\AppData\Roaming\Python\Python314\site-packages\django\template\base.py", line 519, in parse
    raise self.error(token, e)
  File "C:\Users\ASUS\AppData\Roaming\Python\Python314\site-packages\django\template\base.py", line 517, in parse
    compiled_result = compile_func(self, token)
  File "C:\Users\ASUS\AppData\Roaming\Python\Python314\site-packages\django\template\loader_tags.py", line 234, in do_block
    nodelist = parser.parse(("endblock",))
  File "C:\Users\ASUS\AppData\Roaming\Python\Python314\site-packages\django\template\base.py", line 519, in parse
    raise self.error(token, e)
  File "C:\Users\ASUS\AppData\Roaming\Python\Python314\site-packages\django\template\base.py", line 517, in parse
    compiled_result = compile_func(self, token)
  File "C:\Users\ASUS\AppData\Roaming\Python\Python314\site-packages\django\template\defaulttags.py", line 862, in do_for
    nodelist_loop = parser.parse(
        (
    ...<2 lines>...
        )
    )
  File "C:\Users\ASUS\AppData\Roaming\Python\Python314\site-packages\django\template\base.py", line 519, in parse
    raise self.error(token, e)
  File "C:\Users\ASUS\AppData\Roaming\Python\Python314\site-packages\django\template\base.py", line 517, in parse
    compiled_result = compile_func(self, token)
  File "C:\Users\ASUS\AppData\Roaming\Python\Python314\site-packages\django\template\defaulttags.py", line 961, in do_if
    condition = TemplateIfParser(parser, bits).parse()
                ~~~~~~~~~~~~~~~~^^^^^^^^^^^^^^
  File "C:\Users\ASUS\AppData\Roaming\Python\Python314\site-packages\django\template\defaulttags.py", line 894, in __init__
    super().__init__(*args, **kwargs)
    ~~~~~~~~~~~~~~~~^^^^^^^^^^^^^^^^^
  File "C:\Users\ASUS\AppData\Roaming\Python\Python314\site-packages\django\template\smartif.py", line 171, in __init__
    mapped_tokens.append(self.translate_token(token))
                         ~~~~~~~~~~~~~~~~~~~~^^^^^^^
  File "C:\Users\ASUS\AppData\Roaming\Python\Python314\site-packages\django\template\smartif.py", line 182, in translate_token
    return self.create_var(token)
           ~~~~~~~~~~~~~~~^^^^^^^
  File "C:\Users\ASUS\AppData\Roaming\Python\Python314\site-packages\django\template\defaulttags.py", line 897, in create_var
    return TemplateLiteral(self.template_parser.compile_filter(value), value)
                           ~~~~~~~~~~~~~~~~~~~~~~~~~~~~~~~~~~~^^^^^^^
  File "C:\Users\ASUS\AppData\Roaming\Python\Python314\site-packages\django\template\base.py", line 610, in compile_filter
    return FilterExpression(token, self)
  File "C:\Users\ASUS\AppData\Roaming\Python\Python314\site-packages\django\template\base.py", line 683, in __init__
    raise TemplateSyntaxError(
    ...<2 lines>...
    )
django.template.exceptions.TemplateSyntaxError: Could not parse some characters: form_data.occupation|==o.id||stringformat:"s"
Internal Server Error: /api/auto-save/
Traceback (most recent call last):
  File "C:\Users\ASUS\AppData\Roaming\Python\Python314\site-packages\django\db\backends\utils.py", line 105, in _execute
    return self.cursor.execute(sql, params)
           ~~~~~~~~~~~~~~~~~~~^^^^^^^^^^^^^
  File "C:\Users\ASUS\AppData\Roaming\Python\Python314\site-packages\django\db\backends\sqlite3\base.py", line 360, in execute
    return super().execute(query, params)
           ~~~~~~~~~~~~~~~^^^^^^^^^^^^^^^
sqlite3.IntegrityError: UNIQUE constraint failed: registrations_studentapplication.application_number

The above exception was the direct cause of the following exception:

Traceback (most recent call last):
  File "C:\Users\ASUS\AppData\Roaming\Python\Python314\site-packages\django\core\handlers\exception.py", line 55, in inner
    response = get_response(request)
  File "C:\Users\ASUS\AppData\Roaming\Python\Python314\site-packages\django\core\handlers\base.py", line 197, in _get_response
    response = wrapped_callback(request, *callback_args, **callback_kwargs)
  File "C:\Users\ASUS\Downloads\TRAINING PROJECT\TRAINING PROJECT\registrations\views.py", line 689, in auto_save_field
    app = StudentApplication.objects.create(status=status_obj)
  File "C:\Users\ASUS\AppData\Roaming\Python\Python314\site-packages\django\db\models\manager.py", line 87, in manager_method
    return getattr(self.get_queryset(), name)(*args, **kwargs)
           ~~~~~~~~~~~~~~~~~~~~~~~~~~~~~~~~~~^^^^^^^^^^^^^^^^^
  File "C:\Users\ASUS\AppData\Roaming\Python\Python314\site-packages\django\db\models\query.py", line 665, in create
    obj.save(force_insert=True, using=self.db)
    ~~~~~~~~^^^^^^^^^^^^^^^^^^^^^^^^^^^^^^^^^^
  File "C:\Users\ASUS\AppData\Roaming\Python\Python314\site-packages\django\db\models\base.py", line 902, in save
    self.save_base(
    ~~~~~~~~~~~~~~^
        using=using,
        ^^^^^^^^^^^^
    ...<2 lines>...
        update_fields=update_fields,
        ^^^^^^^^^^^^^^^^^^^^^^^^^^^^
    )
    ^
  File "C:\Users\ASUS\AppData\Roaming\Python\Python314\site-packages\django\db\models\base.py", line 1008, in save_base
    updated = self._save_table(
        raw,
    ...<4 lines>...
        update_fields,
    )
  File "C:\Users\ASUS\AppData\Roaming\Python\Python314\site-packages\django\db\models\base.py", line 1169, in _save_table
    results = self._do_insert(
        cls._base_manager, using, fields, returning_fields, raw
    )
  File "C:\Users\ASUS\AppData\Roaming\Python\Python314\site-packages\django\db\models\base.py", line 1210, in _do_insert
    return manager._insert(
           ~~~~~~~~~~~~~~~^
        [self],
        ^^^^^^^
    ...<3 lines>...
        raw=raw,
        ^^^^^^^^
    )
    ^
  File "C:\Users\ASUS\AppData\Roaming\Python\Python314\site-packages\django\db\models\manager.py", line 87, in manager_method
    return getattr(self.get_queryset(), name)(*args, **kwargs)
           ~~~~~~~~~~~~~~~~~~~~~~~~~~~~~~~~~~^^^^^^^^^^^^^^^^^
  File "C:\Users\ASUS\AppData\Roaming\Python\Python314\site-packages\django\db\models\query.py", line 1873, in _insert
    return query.get_compiler(using=using).execute_sql(returning_fields)
           ~~~~~~~~~~~~~~~~~~~~~~~~~~~~~~~~~~~~~~~~~~~^^^^^^^^^^^^^^^^^^
  File "C:\Users\ASUS\AppData\Roaming\Python\Python314\site-packages\django\db\models\sql\compiler.py", line 1882, in execute_sql
    cursor.execute(sql, params)
    ~~~~~~~~~~~~~~^^^^^^^^^^^^^
  File "C:\Users\ASUS\AppData\Roaming\Python\Python314\site-packages\django\db\backends\utils.py", line 122, in execute
    return super().execute(sql, params)
           ~~~~~~~~~~~~~~~^^^^^^^^^^^^^
  File "C:\Users\ASUS\AppData\Roaming\Python\Python314\site-packages\django\db\backends\utils.py", line 79, in execute
    return self._execute_with_wrappers(
           ~~~~~~~~~~~~~~~~~~~~~~~~~~~^
        sql, params, many=False, executor=self._execute
        ^^^^^^^^^^^^^^^^^^^^^^^^^^^^^^^^^^^^^^^^^^^^^^^
    )
    ^
  File "C:\Users\ASUS\AppData\Roaming\Python\Python314\site-packages\django\db\backends\utils.py", line 92, in _execute_with_wrappers
    return executor(sql, params, many, context)
  File "C:\Users\ASUS\AppData\Roaming\Python\Python314\site-packages\django\db\backends\utils.py", line 100, in _execute
    with self.db.wrap_database_errors:
         ^^^^^^^^^^^^^^^^^^^^^^^^^^^^
  File "C:\Users\ASUS\AppData\Roaming\Python\Python314\site-packages\django\db\utils.py", line 91, in __exit__
    raise dj_exc_value.with_traceback(traceback) from exc_value
  File "C:\Users\ASUS\AppData\Roaming\Python\Python314\site-packages\django\db\backends\utils.py", line 105, in _execute
    return self.cursor.execute(sql, params)
           ~~~~~~~~~~~~~~~~~~~^^^^^^^^^^^^^
  File "C:\Users\ASUS\AppData\Roaming\Python\Python314\site-packages\django\db\backends\sqlite3\base.py", line 360, in execute
    return super().execute(query, params)
           ~~~~~~~~~~~~~~~^^^^^^^^^^^^^^^
django.db.utils.IntegrityError: UNIQUE constraint failed: registrations_studentapplication.application_number
Internal Server Error: /api/auto-save/
Traceback (most recent call last):
  File "C:\Users\ASUS\AppData\Roaming\Python\Python314\site-packages\django\db\backends\utils.py", line 105, in _execute
    return self.cursor.execute(sql, params)
           ~~~~~~~~~~~~~~~~~~~^^^^^^^^^^^^^
  File "C:\Users\ASUS\AppData\Roaming\Python\Python314\site-packages\django\db\backends\sqlite3\base.py", line 360, in execute
    return super().execute(query, params)
           ~~~~~~~~~~~~~~~^^^^^^^^^^^^^^^
sqlite3.IntegrityError: UNIQUE constraint failed: registrations_studentapplication.application_number

The above exception was the direct cause of the following exception:

Traceback (most recent call last):
  File "C:\Users\ASUS\AppData\Roaming\Python\Python314\site-packages\django\core\handlers\exception.py", line 55, in inner
    response = get_response(request)
  File "C:\Users\ASUS\AppData\Roaming\Python\Python314\site-packages\django\core\handlers\base.py", line 197, in _get_response
    response = wrapped_callback(request, *callback_args, **callback_kwargs)
  File "C:\Users\ASUS\Downloads\TRAINING PROJECT\TRAINING PROJECT\registrations\views.py", line 689, in auto_save_field
    app = StudentApplication.objects.create(status=status_obj)
  File "C:\Users\ASUS\AppData\Roaming\Python\Python314\site-packages\django\db\models\manager.py", line 87, in manager_method
    return getattr(self.get_queryset(), name)(*args, **kwargs)
           ~~~~~~~~~~~~~~~~~~~~~~~~~~~~~~~~~~^^^^^^^^^^^^^^^^^
  File "C:\Users\ASUS\AppData\Roaming\Python\Python314\site-packages\django\db\models\query.py", line 665, in create
    obj.save(force_insert=True, using=self.db)
    ~~~~~~~~^^^^^^^^^^^^^^^^^^^^^^^^^^^^^^^^^^
  File "C:\Users\ASUS\AppData\Roaming\Python\Python314\site-packages\django\db\models\base.py", line 902, in save
    self.save_base(
    ~~~~~~~~~~~~~~^
        using=using,
        ^^^^^^^^^^^^
    ...<2 lines>...
        update_fields=update_fields,
        ^^^^^^^^^^^^^^^^^^^^^^^^^^^^
    )
    ^
  File "C:\Users\ASUS\AppData\Roaming\Python\Python314\site-packages\django\db\models\base.py", line 1008, in save_base
    updated = self._save_table(
        raw,
    ...<4 lines>...
        update_fields,
    )
  File "C:\Users\ASUS\AppData\Roaming\Python\Python314\site-packages\django\db\models\base.py", line 1169, in _save_table
    results = self._do_insert(
        cls._base_manager, using, fields, returning_fields, raw
    )
  File "C:\Users\ASUS\AppData\Roaming\Python\Python314\site-packages\django\db\models\base.py", line 1210, in _do_insert
    return manager._insert(
           ~~~~~~~~~~~~~~~^
        [self],
        ^^^^^^^
    ...<3 lines>...
        raw=raw,
        ^^^^^^^^
    )
    ^
  File "C:\Users\ASUS\AppData\Roaming\Python\Python314\site-packages\django\db\models\manager.py", line 87, in manager_method
    return getattr(self.get_queryset(), name)(*args, **kwargs)
           ~~~~~~~~~~~~~~~~~~~~~~~~~~~~~~~~~~^^^^^^^^^^^^^^^^^
  File "C:\Users\ASUS\AppData\Roaming\Python\Python314\site-packages\django\db\models\query.py", line 1873, in _insert
    return query.get_compiler(using=using).execute_sql(returning_fields)
           ~~~~~~~~~~~~~~~~~~~~~~~~~~~~~~~~~~~~~~~~~~~^^^^^^^^^^^^^^^^^^
  File "C:\Users\ASUS\AppData\Roaming\Python\Python314\site-packages\django\db\models\sql\compiler.py", line 1882, in execute_sql
    cursor.execute(sql, params)
    ~~~~~~~~~~~~~~^^^^^^^^^^^^^
  File "C:\Users\ASUS\AppData\Roaming\Python\Python314\site-packages\django\db\backends\utils.py", line 122, in execute
    return super().execute(sql, params)
           ~~~~~~~~~~~~~~~^^^^^^^^^^^^^
  File "C:\Users\ASUS\AppData\Roaming\Python\Python314\site-packages\django\db\backends\utils.py", line 79, in execute
    return self._execute_with_wrappers(
           ~~~~~~~~~~~~~~~~~~~~~~~~~~~^
        sql, params, many=False, executor=self._execute
        ^^^^^^^^^^^^^^^^^^^^^^^^^^^^^^^^^^^^^^^^^^^^^^^
    )
    ^
  File "C:\Users\ASUS\AppData\Roaming\Python\Python314\site-packages\django\db\backends\utils.py", line 92, in _execute_with_wrappers
    return executor(sql, params, many, context)
  File "C:\Users\ASUS\AppData\Roaming\Python\Python314\site-packages\django\db\backends\utils.py", line 100, in _execute
    with self.db.wrap_database_errors:
         ^^^^^^^^^^^^^^^^^^^^^^^^^^^^
  File "C:\Users\ASUS\AppData\Roaming\Python\Python314\site-packages\django\db\utils.py", line 91, in __exit__
    raise dj_exc_value.with_traceback(traceback) from exc_value
  File "C:\Users\ASUS\AppData\Roaming\Python\Python314\site-packages\django\db\backends\utils.py", line 105, in _execute
    return self.cursor.execute(sql, params)
           ~~~~~~~~~~~~~~~~~~~^^^^^^^^^^^^^
  File "C:\Users\ASUS\AppData\Roaming\Python\Python314\site-packages\django\db\backends\sqlite3\base.py", line 360, in execute
    return super().execute(query, params)
           ~~~~~~~~~~~~~~~^^^^^^^^^^^^^^^
django.db.utils.IntegrityError: UNIQUE constraint failed: registrations_studentapplication.application_number
Internal Server Error: /api/auto-save/
Traceback (most recent call last):
  File "C:\Users\ASUS\AppData\Roaming\Python\Python314\site-packages\django\db\backends\utils.py", line 105, in _execute
    return self.cursor.execute(sql, params)
           ~~~~~~~~~~~~~~~~~~~^^^^^^^^^^^^^
  File "C:\Users\ASUS\AppData\Roaming\Python\Python314\site-packages\django\db\backends\sqlite3\base.py", line 360, in execute
    return super().execute(query, params)
           ~~~~~~~~~~~~~~~^^^^^^^^^^^^^^^
sqlite3.IntegrityError: UNIQUE constraint failed: registrations_studentapplication.application_number

The above exception was the direct cause of the following exception:

Traceback (most recent call last):
  File "C:\Users\ASUS\AppData\Roaming\Python\Python314\site-packages\django\core\handlers\exception.py", line 55, in inner
    response = get_response(request)
  File "C:\Users\ASUS\AppData\Roaming\Python\Python314\site-packages\django\core\handlers\base.py", line 197, in _get_response
    response = wrapped_callback(request, *callback_args, **callback_kwargs)
  File "C:\Users\ASUS\Downloads\TRAINING PROJECT\TRAINING PROJECT\registrations\views.py", line 689, in auto_save_field
    app = StudentApplication.objects.create(status=status_obj)
  File "C:\Users\ASUS\AppData\Roaming\Python\Python314\site-packages\django\db\models\manager.py", line 87, in manager_method
    return getattr(self.get_queryset(), name)(*args, **kwargs)
           ~~~~~~~~~~~~~~~~~~~~~~~~~~~~~~~~~~^^^^^^^^^^^^^^^^^
  File "C:\Users\ASUS\AppData\Roaming\Python\Python314\site-packages\django\db\models\query.py", line 665, in create
    obj.save(force_insert=True, using=self.db)
    ~~~~~~~~^^^^^^^^^^^^^^^^^^^^^^^^^^^^^^^^^^
  File "C:\Users\ASUS\AppData\Roaming\Python\Python314\site-packages\django\db\models\base.py", line 902, in save
    self.save_base(
    ~~~~~~~~~~~~~~^
        using=using,
        ^^^^^^^^^^^^
    ...<2 lines>...
        update_fields=update_fields,
        ^^^^^^^^^^^^^^^^^^^^^^^^^^^^
    )
    ^
  File "C:\Users\ASUS\AppData\Roaming\Python\Python314\site-packages\django\db\models\base.py", line 1008, in save_base
    updated = self._save_table(
        raw,
    ...<4 lines>...
        update_fields,
    )
  File "C:\Users\ASUS\AppData\Roaming\Python\Python314\site-packages\django\db\models\base.py", line 1169, in _save_table
    results = self._do_insert(
        cls._base_manager, using, fields, returning_fields, raw
    )
  File "C:\Users\ASUS\AppData\Roaming\Python\Python314\site-packages\django\db\models\base.py", line 1210, in _do_insert
    return manager._insert(
           ~~~~~~~~~~~~~~~^
        [self],
        ^^^^^^^
    ...<3 lines>...
        raw=raw,
        ^^^^^^^^
    )
    ^
  File "C:\Users\ASUS\AppData\Roaming\Python\Python314\site-packages\django\db\models\manager.py", line 87, in manager_method
    return getattr(self.get_queryset(), name)(*args, **kwargs)
           ~~~~~~~~~~~~~~~~~~~~~~~~~~~~~~~~~~^^^^^^^^^^^^^^^^^
  File "C:\Users\ASUS\AppData\Roaming\Python\Python314\site-packages\django\db\models\query.py", line 1873, in _insert
    return query.get_compiler(using=using).execute_sql(returning_fields)
           ~~~~~~~~~~~~~~~~~~~~~~~~~~~~~~~~~~~~~~~~~~~^^^^^^^^^^^^^^^^^^
  File "C:\Users\ASUS\AppData\Roaming\Python\Python314\site-packages\django\db\models\sql\compiler.py", line 1882, in execute_sql
    cursor.execute(sql, params)
    ~~~~~~~~~~~~~~^^^^^^^^^^^^^
  File "C:\Users\ASUS\AppData\Roaming\Python\Python314\site-packages\django\db\backends\utils.py", line 122, in execute
    return super().execute(sql, params)
           ~~~~~~~~~~~~~~~^^^^^^^^^^^^^
  File "C:\Users\ASUS\AppData\Roaming\Python\Python314\site-packages\django\db\backends\utils.py", line 79, in execute
    return self._execute_with_wrappers(
           ~~~~~~~~~~~~~~~~~~~~~~~~~~~^
        sql, params, many=False, executor=self._execute
        ^^^^^^^^^^^^^^^^^^^^^^^^^^^^^^^^^^^^^^^^^^^^^^^
    )
    ^
  File "C:\Users\ASUS\AppData\Roaming\Python\Python314\site-packages\django\db\backends\utils.py", line 92, in _execute_with_wrappers
    return executor(sql, params, many, context)
  File "C:\Users\ASUS\AppData\Roaming\Python\Python314\site-packages\django\db\backends\utils.py", line 100, in _execute
    with self.db.wrap_database_errors:
         ^^^^^^^^^^^^^^^^^^^^^^^^^^^^
  File "C:\Users\ASUS\AppData\Roaming\Python\Python314\site-packages\django\db\utils.py", line 91, in __exit__
    raise dj_exc_value.with_traceback(traceback) from exc_value
  File "C:\Users\ASUS\AppData\Roaming\Python\Python314\site-packages\django\db\backends\utils.py", line 105, in _execute
    return self.cursor.execute(sql, params)
           ~~~~~~~~~~~~~~~~~~~^^^^^^^^^^^^^
  File "C:\Users\ASUS\AppData\Roaming\Python\Python314\site-packages\django\db\backends\sqlite3\base.py", line 360, in execute
    return super().execute(query, params)
           ~~~~~~~~~~~~~~~^^^^^^^^^^^^^^^
django.db.utils.IntegrityError: UNIQUE constraint failed: registrations_studentapplication.application_number
Internal Server Error: /api/auto-save/
Traceback (most recent call last):
  File "C:\Users\ASUS\AppData\Roaming\Python\Python314\site-packages\django\db\backends\utils.py", line 105, in _execute
    return self.cursor.execute(sql, params)
           ~~~~~~~~~~~~~~~~~~~^^^^^^^^^^^^^
  File "C:\Users\ASUS\AppData\Roaming\Python\Python314\site-packages\django\db\backends\sqlite3\base.py", line 360, in execute
    return super().execute(query, params)
           ~~~~~~~~~~~~~~~^^^^^^^^^^^^^^^
sqlite3.IntegrityError: UNIQUE constraint failed: registrations_studentapplication.application_number

The above exception was the direct cause of the following exception:

Traceback (most recent call last):
  File "C:\Users\ASUS\AppData\Roaming\Python\Python314\site-packages\django\core\handlers\exception.py", line 55, in inner
    response = get_response(request)
  File "C:\Users\ASUS\AppData\Roaming\Python\Python314\site-packages\django\core\handlers\base.py", line 197, in _get_response
    response = wrapped_callback(request, *callback_args, **callback_kwargs)
  File "C:\Users\ASUS\Downloads\TRAINING PROJECT\TRAINING PROJECT\registrations\views.py", line 689, in auto_save_field
    app = StudentApplication.objects.create(status=status_obj)
  File "C:\Users\ASUS\AppData\Roaming\Python\Python314\site-packages\django\db\models\manager.py", line 87, in manager_method
    return getattr(self.get_queryset(), name)(*args, **kwargs)
           ~~~~~~~~~~~~~~~~~~~~~~~~~~~~~~~~~~^^^^^^^^^^^^^^^^^
  File "C:\Users\ASUS\AppData\Roaming\Python\Python314\site-packages\django\db\models\query.py", line 665, in create
    obj.save(force_insert=True, using=self.db)
    ~~~~~~~~^^^^^^^^^^^^^^^^^^^^^^^^^^^^^^^^^^
  File "C:\Users\ASUS\AppData\Roaming\Python\Python314\site-packages\django\db\models\base.py", line 902, in save
    self.save_base(
    ~~~~~~~~~~~~~~^
        using=using,
        ^^^^^^^^^^^^
    ...<2 lines>...
        update_fields=update_fields,
        ^^^^^^^^^^^^^^^^^^^^^^^^^^^^
    )
    ^
  File "C:\Users\ASUS\AppData\Roaming\Python\Python314\site-packages\django\db\models\base.py", line 1008, in save_base
    updated = self._save_table(
        raw,
    ...<4 lines>...
        update_fields,
    )
  File "C:\Users\ASUS\AppData\Roaming\Python\Python314\site-packages\django\db\models\base.py", line 1169, in _save_table
    results = self._do_insert(
        cls._base_manager, using, fields, returning_fields, raw
    )
  File "C:\Users\ASUS\AppData\Roaming\Python\Python314\site-packages\django\db\models\base.py", line 1210, in _do_insert
    return manager._insert(
           ~~~~~~~~~~~~~~~^
        [self],
        ^^^^^^^
    ...<3 lines>...
        raw=raw,
        ^^^^^^^^
    )
    ^
  File "C:\Users\ASUS\AppData\Roaming\Python\Python314\site-packages\django\db\models\manager.py", line 87, in manager_method
    return getattr(self.get_queryset(), name)(*args, **kwargs)
           ~~~~~~~~~~~~~~~~~~~~~~~~~~~~~~~~~~^^^^^^^^^^^^^^^^^
  File "C:\Users\ASUS\AppData\Roaming\Python\Python314\site-packages\django\db\models\query.py", line 1873, in _insert
    return query.get_compiler(using=using).execute_sql(returning_fields)
           ~~~~~~~~~~~~~~~~~~~~~~~~~~~~~~~~~~~~~~~~~~~^^^^^^^^^^^^^^^^^^
  File "C:\Users\ASUS\AppData\Roaming\Python\Python314\site-packages\django\db\models\sql\compiler.py", line 1882, in execute_sql
    cursor.execute(sql, params)
    ~~~~~~~~~~~~~~^^^^^^^^^^^^^
  File "C:\Users\ASUS\AppData\Roaming\Python\Python314\site-packages\django\db\backends\utils.py", line 122, in execute
    return super().execute(sql, params)
           ~~~~~~~~~~~~~~~^^^^^^^^^^^^^
  File "C:\Users\ASUS\AppData\Roaming\Python\Python314\site-packages\django\db\backends\utils.py", line 79, in execute
    return self._execute_with_wrappers(
           ~~~~~~~~~~~~~~~~~~~~~~~~~~~^
        sql, params, many=False, executor=self._execute
        ^^^^^^^^^^^^^^^^^^^^^^^^^^^^^^^^^^^^^^^^^^^^^^^
    )
    ^
  File "C:\Users\ASUS\AppData\Roaming\Python\Python314\site-packages\django\db\backends\utils.py", line 92, in _execute_with_wrappers
    return executor(sql, params, many, context)
  File "C:\Users\ASUS\AppData\Roaming\Python\Python314\site-packages\django\db\backends\utils.py", line 100, in _execute
    with self.db.wrap_database_errors:
         ^^^^^^^^^^^^^^^^^^^^^^^^^^^^
  File "C:\Users\ASUS\AppData\Roaming\Python\Python314\site-packages\django\db\utils.py", line 91, in __exit__
    raise dj_exc_value.with_traceback(traceback) from exc_value
  File "C:\Users\ASUS\AppData\Roaming\Python\Python314\site-packages\django\db\backends\utils.py", line 105, in _execute
    return self.cursor.execute(sql, params)
           ~~~~~~~~~~~~~~~~~~~^^^^^^^^^^^^^
  File "C:\Users\ASUS\AppData\Roaming\Python\Python314\site-packages\django\db\backends\sqlite3\base.py", line 360, in execute
    return super().execute(query, params)
           ~~~~~~~~~~~~~~~^^^^^^^^^^^^^^^
django.db.utils.IntegrityError: UNIQUE constraint failed: registrations_studentapplication.application_number
Internal Server Error: /api/auto-save/
Traceback (most recent call last):
  File "C:\Users\ASUS\AppData\Roaming\Python\Python314\site-packages\django\db\backends\utils.py", line 105, in _execute
    return self.cursor.execute(sql, params)
           ~~~~~~~~~~~~~~~~~~~^^^^^^^^^^^^^
  File "C:\Users\ASUS\AppData\Roaming\Python\Python314\site-packages\django\db\backends\sqlite3\base.py", line 360, in execute
    return super().execute(query, params)
           ~~~~~~~~~~~~~~~^^^^^^^^^^^^^^^
sqlite3.IntegrityError: UNIQUE constraint failed: registrations_studentapplication.application_number

The above exception was the direct cause of the following exception:

Traceback (most recent call last):
  File "C:\Users\ASUS\AppData\Roaming\Python\Python314\site-packages\django\core\handlers\exception.py", line 55, in inner
    response = get_response(request)
  File "C:\Users\ASUS\AppData\Roaming\Python\Python314\site-packages\django\core\handlers\base.py", line 197, in _get_response
    response = wrapped_callback(request, *callback_args, **callback_kwargs)
  File "C:\Users\ASUS\Downloads\TRAINING PROJECT\TRAINING PROJECT\registrations\views.py", line 689, in auto_save_field
    app = StudentApplication.objects.create(status=status_obj)
  File "C:\Users\ASUS\AppData\Roaming\Python\Python314\site-packages\django\db\models\manager.py", line 87, in manager_method
    return getattr(self.get_queryset(), name)(*args, **kwargs)
           ~~~~~~~~~~~~~~~~~~~~~~~~~~~~~~~~~~^^^^^^^^^^^^^^^^^
  File "C:\Users\ASUS\AppData\Roaming\Python\Python314\site-packages\django\db\models\query.py", line 665, in create
    obj.save(force_insert=True, using=self.db)
    ~~~~~~~~^^^^^^^^^^^^^^^^^^^^^^^^^^^^^^^^^^
  File "C:\Users\ASUS\AppData\Roaming\Python\Python314\site-packages\django\db\models\base.py", line 902, in save
    self.save_base(
    ~~~~~~~~~~~~~~^
        using=using,
        ^^^^^^^^^^^^
    ...<2 lines>...
        update_fields=update_fields,
        ^^^^^^^^^^^^^^^^^^^^^^^^^^^^
    )
    ^
  File "C:\Users\ASUS\AppData\Roaming\Python\Python314\site-packages\django\db\models\base.py", line 1008, in save_base
    updated = self._save_table(
        raw,
    ...<4 lines>...
        update_fields,
    )
  File "C:\Users\ASUS\AppData\Roaming\Python\Python314\site-packages\django\db\models\base.py", line 1169, in _save_table
    results = self._do_insert(
        cls._base_manager, using, fields, returning_fields, raw
    )
  File "C:\Users\ASUS\AppData\Roaming\Python\Python314\site-packages\django\db\models\base.py", line 1210, in _do_insert
    return manager._insert(
           ~~~~~~~~~~~~~~~^
        [self],
        ^^^^^^^
    ...<3 lines>...
        raw=raw,
        ^^^^^^^^
    )
    ^
  File "C:\Users\ASUS\AppData\Roaming\Python\Python314\site-packages\django\db\models\manager.py", line 87, in manager_method
    return getattr(self.get_queryset(), name)(*args, **kwargs)
           ~~~~~~~~~~~~~~~~~~~~~~~~~~~~~~~~~~^^^^^^^^^^^^^^^^^
  File "C:\Users\ASUS\AppData\Roaming\Python\Python314\site-packages\django\db\models\query.py", line 1873, in _insert
    return query.get_compiler(using=using).execute_sql(returning_fields)
           ~~~~~~~~~~~~~~~~~~~~~~~~~~~~~~~~~~~~~~~~~~~^^^^^^^^^^^^^^^^^^
  File "C:\Users\ASUS\AppData\Roaming\Python\Python314\site-packages\django\db\models\sql\compiler.py", line 1882, in execute_sql
    cursor.execute(sql, params)
    ~~~~~~~~~~~~~~^^^^^^^^^^^^^
  File "C:\Users\ASUS\AppData\Roaming\Python\Python314\site-packages\django\db\backends\utils.py", line 122, in execute
    return super().execute(sql, params)
           ~~~~~~~~~~~~~~~^^^^^^^^^^^^^
  File "C:\Users\ASUS\AppData\Roaming\Python\Python314\site-packages\django\db\backends\utils.py", line 79, in execute
    return self._execute_with_wrappers(
           ~~~~~~~~~~~~~~~~~~~~~~~~~~~^
        sql, params, many=False, executor=self._execute
        ^^^^^^^^^^^^^^^^^^^^^^^^^^^^^^^^^^^^^^^^^^^^^^^
    )
    ^
  File "C:\Users\ASUS\AppData\Roaming\Python\Python314\site-packages\django\db\backends\utils.py", line 92, in _execute_with_wrappers
    return executor(sql, params, many, context)
  File "C:\Users\ASUS\AppData\Roaming\Python\Python314\site-packages\django\db\backends\utils.py", line 100, in _execute
    with self.db.wrap_database_errors:
         ^^^^^^^^^^^^^^^^^^^^^^^^^^^^
  File "C:\Users\ASUS\AppData\Roaming\Python\Python314\site-packages\django\db\utils.py", line 91, in __exit__
    raise dj_exc_value.with_traceback(traceback) from exc_value
  File "C:\Users\ASUS\AppData\Roaming\Python\Python314\site-packages\django\db\backends\utils.py", line 105, in _execute
    return self.cursor.execute(sql, params)
           ~~~~~~~~~~~~~~~~~~~^^^^^^^^^^^^^
  File "C:\Users\ASUS\AppData\Roaming\Python\Python314\site-packages\django\db\backends\sqlite3\base.py", line 360, in execute
    return super().execute(query, params)
           ~~~~~~~~~~~~~~~^^^^^^^^^^^^^^^
django.db.utils.IntegrityError: UNIQUE constraint failed: registrations_studentapplication.application_number
Internal Server Error: /api/auto-save/
Traceback (most recent call last):
  File "C:\Users\ASUS\AppData\Roaming\Python\Python314\site-packages\django\db\backends\utils.py", line 105, in _execute
    return self.cursor.execute(sql, params)
           ~~~~~~~~~~~~~~~~~~~^^^^^^^^^^^^^
  File "C:\Users\ASUS\AppData\Roaming\Python\Python314\site-packages\django\db\backends\sqlite3\base.py", line 360, in execute
    return super().execute(query, params)
           ~~~~~~~~~~~~~~~^^^^^^^^^^^^^^^
sqlite3.IntegrityError: UNIQUE constraint failed: registrations_studentapplication.application_number

The above exception was the direct cause of the following exception:

Traceback (most recent call last):
  File "C:\Users\ASUS\AppData\Roaming\Python\Python314\site-packages\django\core\handlers\exception.py", line 55, in inner
    response = get_response(request)
  File "C:\Users\ASUS\AppData\Roaming\Python\Python314\site-packages\django\core\handlers\base.py", line 197, in _get_response
    response = wrapped_callback(request, *callback_args, **callback_kwargs)
  File "C:\Users\ASUS\Downloads\TRAINING PROJECT\TRAINING PROJECT\registrations\views.py", line 689, in auto_save_field
    app = StudentApplication.objects.create(status=status_obj)
  File "C:\Users\ASUS\AppData\Roaming\Python\Python314\site-packages\django\db\models\manager.py", line 87, in manager_method
    return getattr(self.get_queryset(), name)(*args, **kwargs)
           ~~~~~~~~~~~~~~~~~~~~~~~~~~~~~~~~~~^^^^^^^^^^^^^^^^^
  File "C:\Users\ASUS\AppData\Roaming\Python\Python314\site-packages\django\db\models\query.py", line 665, in create
    obj.save(force_insert=True, using=self.db)
    ~~~~~~~~^^^^^^^^^^^^^^^^^^^^^^^^^^^^^^^^^^
  File "C:\Users\ASUS\AppData\Roaming\Python\Python314\site-packages\django\db\models\base.py", line 902, in save
    self.save_base(
    ~~~~~~~~~~~~~~^
        using=using,
        ^^^^^^^^^^^^
    ...<2 lines>...
        update_fields=update_fields,
        ^^^^^^^^^^^^^^^^^^^^^^^^^^^^
    )
    ^
  File "C:\Users\ASUS\AppData\Roaming\Python\Python314\site-packages\django\db\models\base.py", line 1008, in save_base
    updated = self._save_table(
        raw,
    ...<4 lines>...
        update_fields,
    )
  File "C:\Users\ASUS\AppData\Roaming\Python\Python314\site-packages\django\db\models\base.py", line 1169, in _save_table
    results = self._do_insert(
        cls._base_manager, using, fields, returning_fields, raw
    )
  File "C:\Users\ASUS\AppData\Roaming\Python\Python314\site-packages\django\db\models\base.py", line 1210, in _do_insert
    return manager._insert(
           ~~~~~~~~~~~~~~~^
        [self],
        ^^^^^^^
    ...<3 lines>...
        raw=raw,
        ^^^^^^^^
    )
    ^
  File "C:\Users\ASUS\AppData\Roaming\Python\Python314\site-packages\django\db\models\manager.py", line 87, in manager_method
    return getattr(self.get_queryset(), name)(*args, **kwargs)
           ~~~~~~~~~~~~~~~~~~~~~~~~~~~~~~~~~~^^^^^^^^^^^^^^^^^
  File "C:\Users\ASUS\AppData\Roaming\Python\Python314\site-packages\django\db\models\query.py", line 1873, in _insert
    return query.get_compiler(using=using).execute_sql(returning_fields)
           ~~~~~~~~~~~~~~~~~~~~~~~~~~~~~~~~~~~~~~~~~~~^^^^^^^^^^^^^^^^^^
  File "C:\Users\ASUS\AppData\Roaming\Python\Python314\site-packages\django\db\models\sql\compiler.py", line 1882, in execute_sql
    cursor.execute(sql, params)
    ~~~~~~~~~~~~~~^^^^^^^^^^^^^
  File "C:\Users\ASUS\AppData\Roaming\Python\Python314\site-packages\django\db\backends\utils.py", line 122, in execute
    return super().execute(sql, params)
           ~~~~~~~~~~~~~~~^^^^^^^^^^^^^
  File "C:\Users\ASUS\AppData\Roaming\Python\Python314\site-packages\django\db\backends\utils.py", line 79, in execute
    return self._execute_with_wrappers(
           ~~~~~~~~~~~~~~~~~~~~~~~~~~~^
        sql, params, many=False, executor=self._execute
        ^^^^^^^^^^^^^^^^^^^^^^^^^^^^^^^^^^^^^^^^^^^^^^^
    )
    ^
  File "C:\Users\ASUS\AppData\Roaming\Python\Python314\site-packages\django\db\backends\utils.py", line 92, in _execute_with_wrappers
    return executor(sql, params, many, context)
  File "C:\Users\ASUS\AppData\Roaming\Python\Python314\site-packages\django\db\backends\utils.py", line 100, in _execute
    with self.db.wrap_database_errors:
         ^^^^^^^^^^^^^^^^^^^^^^^^^^^^
  File "C:\Users\ASUS\AppData\Roaming\Python\Python314\site-packages\django\db\utils.py", line 91, in __exit__
    raise dj_exc_value.with_traceback(traceback) from exc_value
  File "C:\Users\ASUS\AppData\Roaming\Python\Python314\site-packages\django\db\backends\utils.py", line 105, in _execute
    return self.cursor.execute(sql, params)
           ~~~~~~~~~~~~~~~~~~~^^^^^^^^^^^^^
  File "C:\Users\ASUS\AppData\Roaming\Python\Python314\site-packages\django\db\backends\sqlite3\base.py", line 360, in execute
    return super().execute(query, params)
           ~~~~~~~~~~~~~~~^^^^^^^^^^^^^^^
django.db.utils.IntegrityError: UNIQUE constraint failed: registrations_studentapplication.application_number
Internal Server Error: /api/auto-save/
Traceback (most recent call last):
  File "C:\Users\ASUS\AppData\Roaming\Python\Python314\site-packages\django\db\backends\utils.py", line 105, in _execute
    return self.cursor.execute(sql, params)
           ~~~~~~~~~~~~~~~~~~~^^^^^^^^^^^^^
  File "C:\Users\ASUS\AppData\Roaming\Python\Python314\site-packages\django\db\backends\sqlite3\base.py", line 360, in execute
    return super().execute(query, params)
           ~~~~~~~~~~~~~~~^^^^^^^^^^^^^^^
sqlite3.IntegrityError: UNIQUE constraint failed: registrations_studentapplication.application_number

The above exception was the direct cause of the following exception:

Traceback (most recent call last):
  File "C:\Users\ASUS\AppData\Roaming\Python\Python314\site-packages\django\core\handlers\exception.py", line 55, in inner
    response = get_response(request)
  File "C:\Users\ASUS\AppData\Roaming\Python\Python314\site-packages\django\core\handlers\base.py", line 197, in _get_response
    response = wrapped_callback(request, *callback_args, **callback_kwargs)
  File "C:\Users\ASUS\Downloads\TRAINING PROJECT\TRAINING PROJECT\registrations\views.py", line 689, in auto_save_field
    app = StudentApplication.objects.create(status=status_obj)
  File "C:\Users\ASUS\AppData\Roaming\Python\Python314\site-packages\django\db\models\manager.py", line 87, in manager_method
    return getattr(self.get_queryset(), name)(*args, **kwargs)
           ~~~~~~~~~~~~~~~~~~~~~~~~~~~~~~~~~~^^^^^^^^^^^^^^^^^
  File "C:\Users\ASUS\AppData\Roaming\Python\Python314\site-packages\django\db\models\query.py", line 665, in create
    obj.save(force_insert=True, using=self.db)
    ~~~~~~~~^^^^^^^^^^^^^^^^^^^^^^^^^^^^^^^^^^
  File "C:\Users\ASUS\AppData\Roaming\Python\Python314\site-packages\django\db\models\base.py", line 902, in save
    self.save_base(
    ~~~~~~~~~~~~~~^
        using=using,
        ^^^^^^^^^^^^
    ...<2 lines>...
        update_fields=update_fields,
        ^^^^^^^^^^^^^^^^^^^^^^^^^^^^
    )
    ^
  File "C:\Users\ASUS\AppData\Roaming\Python\Python314\site-packages\django\db\models\base.py", line 1008, in save_base
    updated = self._save_table(
        raw,
    ...<4 lines>...
        update_fields,
    )
  File "C:\Users\ASUS\AppData\Roaming\Python\Python314\site-packages\django\db\models\base.py", line 1169, in _save_table
    results = self._do_insert(
        cls._base_manager, using, fields, returning_fields, raw
    )
  File "C:\Users\ASUS\AppData\Roaming\Python\Python314\site-packages\django\db\models\base.py", line 1210, in _do_insert
    return manager._insert(
           ~~~~~~~~~~~~~~~^
        [self],
        ^^^^^^^
    ...<3 lines>...
        raw=raw,
        ^^^^^^^^
    )
    ^
  File "C:\Users\ASUS\AppData\Roaming\Python\Python314\site-packages\django\db\models\manager.py", line 87, in manager_method
    return getattr(self.get_queryset(), name)(*args, **kwargs)
           ~~~~~~~~~~~~~~~~~~~~~~~~~~~~~~~~~~^^^^^^^^^^^^^^^^^
  File "C:\Users\ASUS\AppData\Roaming\Python\Python314\site-packages\django\db\models\query.py", line 1873, in _insert
    return query.get_compiler(using=using).execute_sql(returning_fields)
           ~~~~~~~~~~~~~~~~~~~~~~~~~~~~~~~~~~~~~~~~~~~^^^^^^^^^^^^^^^^^^
  File "C:\Users\ASUS\AppData\Roaming\Python\Python314\site-packages\django\db\models\sql\compiler.py", line 1882, in execute_sql
    cursor.execute(sql, params)
    ~~~~~~~~~~~~~~^^^^^^^^^^^^^
  File "C:\Users\ASUS\AppData\Roaming\Python\Python314\site-packages\django\db\backends\utils.py", line 122, in execute
    return super().execute(sql, params)
           ~~~~~~~~~~~~~~~^^^^^^^^^^^^^
  File "C:\Users\ASUS\AppData\Roaming\Python\Python314\site-packages\django\db\backends\utils.py", line 79, in execute
    return self._execute_with_wrappers(
           ~~~~~~~~~~~~~~~~~~~~~~~~~~~^
        sql, params, many=False, executor=self._execute
        ^^^^^^^^^^^^^^^^^^^^^^^^^^^^^^^^^^^^^^^^^^^^^^^
    )
    ^
  File "C:\Users\ASUS\AppData\Roaming\Python\Python314\site-packages\django\db\backends\utils.py", line 92, in _execute_with_wrappers
    return executor(sql, params, many, context)
  File "C:\Users\ASUS\AppData\Roaming\Python\Python314\site-packages\django\db\backends\utils.py", line 100, in _execute
    with self.db.wrap_database_errors:
         ^^^^^^^^^^^^^^^^^^^^^^^^^^^^
  File "C:\Users\ASUS\AppData\Roaming\Python\Python314\site-packages\django\db\utils.py", line 91, in __exit__
    raise dj_exc_value.with_traceback(traceback) from exc_value
  File "C:\Users\ASUS\AppData\Roaming\Python\Python314\site-packages\django\db\backends\utils.py", line 105, in _execute
    return self.cursor.execute(sql, params)
           ~~~~~~~~~~~~~~~~~~~^^^^^^^^^^^^^
  File "C:\Users\ASUS\AppData\Roaming\Python\Python314\site-packages\django\db\backends\sqlite3\base.py", line 360, in execute
    return super().execute(query, params)
           ~~~~~~~~~~~~~~~^^^^^^^^^^^^^^^
django.db.utils.IntegrityError: UNIQUE constraint failed: registrations_studentapplication.application_number
Internal Server Error: /api/auto-save/
Traceback (most recent call last):
  File "C:\Users\ASUS\AppData\Roaming\Python\Python314\site-packages\django\db\backends\utils.py", line 105, in _execute
    return self.cursor.execute(sql, params)
           ~~~~~~~~~~~~~~~~~~~^^^^^^^^^^^^^
  File "C:\Users\ASUS\AppData\Roaming\Python\Python314\site-packages\django\db\backends\sqlite3\base.py", line 360, in execute
    return super().execute(query, params)
           ~~~~~~~~~~~~~~~^^^^^^^^^^^^^^^
sqlite3.IntegrityError: UNIQUE constraint failed: registrations_studentapplication.application_number

The above exception was the direct cause of the following exception:

Traceback (most recent call last):
  File "C:\Users\ASUS\AppData\Roaming\Python\Python314\site-packages\django\core\handlers\exception.py", line 55, in inner
    response = get_response(request)
  File "C:\Users\ASUS\AppData\Roaming\Python\Python314\site-packages\django\core\handlers\base.py", line 197, in _get_response
    response = wrapped_callback(request, *callback_args, **callback_kwargs)
  File "C:\Users\ASUS\Downloads\TRAINING PROJECT\TRAINING PROJECT\registrations\views.py", line 689, in auto_save_field
    app = StudentApplication.objects.create(status=status_obj)
  File "C:\Users\ASUS\AppData\Roaming\Python\Python314\site-packages\django\db\models\manager.py", line 87, in manager_method
    return getattr(self.get_queryset(), name)(*args, **kwargs)
           ~~~~~~~~~~~~~~~~~~~~~~~~~~~~~~~~~~^^^^^^^^^^^^^^^^^
  File "C:\Users\ASUS\AppData\Roaming\Python\Python314\site-packages\django\db\models\query.py", line 665, in create
    obj.save(force_insert=True, using=self.db)
    ~~~~~~~~^^^^^^^^^^^^^^^^^^^^^^^^^^^^^^^^^^
  File "C:\Users\ASUS\AppData\Roaming\Python\Python314\site-packages\django\db\models\base.py", line 902, in save
    self.save_base(
    ~~~~~~~~~~~~~~^
        using=using,
        ^^^^^^^^^^^^
    ...<2 lines>...
        update_fields=update_fields,
        ^^^^^^^^^^^^^^^^^^^^^^^^^^^^
    )
    ^
  File "C:\Users\ASUS\AppData\Roaming\Python\Python314\site-packages\django\db\models\base.py", line 1008, in save_base
    updated = self._save_table(
        raw,
    ...<4 lines>...
        update_fields,
    )
  File "C:\Users\ASUS\AppData\Roaming\Python\Python314\site-packages\django\db\models\base.py", line 1169, in _save_table
    results = self._do_insert(
        cls._base_manager, using, fields, returning_fields, raw
    )
  File "C:\Users\ASUS\AppData\Roaming\Python\Python314\site-packages\django\db\models\base.py", line 1210, in _do_insert
    return manager._insert(
           ~~~~~~~~~~~~~~~^
        [self],
        ^^^^^^^
    ...<3 lines>...
        raw=raw,
        ^^^^^^^^
    )
    ^
  File "C:\Users\ASUS\AppData\Roaming\Python\Python314\site-packages\django\db\models\manager.py", line 87, in manager_method
    return getattr(self.get_queryset(), name)(*args, **kwargs)
           ~~~~~~~~~~~~~~~~~~~~~~~~~~~~~~~~~~^^^^^^^^^^^^^^^^^
  File "C:\Users\ASUS\AppData\Roaming\Python\Python314\site-packages\django\db\models\query.py", line 1873, in _insert
    return query.get_compiler(using=using).execute_sql(returning_fields)
           ~~~~~~~~~~~~~~~~~~~~~~~~~~~~~~~~~~~~~~~~~~~^^^^^^^^^^^^^^^^^^
  File "C:\Users\ASUS\AppData\Roaming\Python\Python314\site-packages\django\db\models\sql\compiler.py", line 1882, in execute_sql
    cursor.execute(sql, params)
    ~~~~~~~~~~~~~~^^^^^^^^^^^^^
  File "C:\Users\ASUS\AppData\Roaming\Python\Python314\site-packages\django\db\backends\utils.py", line 122, in execute
    return super().execute(sql, params)
           ~~~~~~~~~~~~~~~^^^^^^^^^^^^^
  File "C:\Users\ASUS\AppData\Roaming\Python\Python314\site-packages\django\db\backends\utils.py", line 79, in execute
    return self._execute_with_wrappers(
           ~~~~~~~~~~~~~~~~~~~~~~~~~~~^
        sql, params, many=False, executor=self._execute
        ^^^^^^^^^^^^^^^^^^^^^^^^^^^^^^^^^^^^^^^^^^^^^^^
    )
    ^
  File "C:\Users\ASUS\AppData\Roaming\Python\Python314\site-packages\django\db\backends\utils.py", line 92, in _execute_with_wrappers
    return executor(sql, params, many, context)
  File "C:\Users\ASUS\AppData\Roaming\Python\Python314\site-packages\django\db\backends\utils.py", line 100, in _execute
    with self.db.wrap_database_errors:
         ^^^^^^^^^^^^^^^^^^^^^^^^^^^^
  File "C:\Users\ASUS\AppData\Roaming\Python\Python314\site-packages\django\db\utils.py", line 91, in __exit__
    raise dj_exc_value.with_traceback(traceback) from exc_value
  File "C:\Users\ASUS\AppData\Roaming\Python\Python314\site-packages\django\db\backends\utils.py", line 105, in _execute
    return self.cursor.execute(sql, params)
           ~~~~~~~~~~~~~~~~~~~^^^^^^^^^^^^^
  File "C:\Users\ASUS\AppData\Roaming\Python\Python314\site-packages\django\db\backends\sqlite3\base.py", line 360, in execute
    return super().execute(query, params)
           ~~~~~~~~~~~~~~~^^^^^^^^^^^^^^^
django.db.utils.IntegrityError: UNIQUE constraint failed: registrations_studentapplication.application_number
Internal Server Error: /api/auto-save/
Traceback (most recent call last):
  File "C:\Users\ASUS\AppData\Roaming\Python\Python314\site-packages\django\db\backends\utils.py", line 105, in _execute
    return self.cursor.execute(sql, params)
           ~~~~~~~~~~~~~~~~~~~^^^^^^^^^^^^^
  File "C:\Users\ASUS\AppData\Roaming\Python\Python314\site-packages\django\db\backends\sqlite3\base.py", line 360, in execute
    return super().execute(query, params)
           ~~~~~~~~~~~~~~~^^^^^^^^^^^^^^^
sqlite3.IntegrityError: UNIQUE constraint failed: registrations_studentapplication.application_number

The above exception was the direct cause of the following exception:

Traceback (most recent call last):
  File "C:\Users\ASUS\AppData\Roaming\Python\Python314\site-packages\django\core\handlers\exception.py", line 55, in inner
    response = get_response(request)
  File "C:\Users\ASUS\AppData\Roaming\Python\Python314\site-packages\django\core\handlers\base.py", line 197, in _get_response
    response = wrapped_callback(request, *callback_args, **callback_kwargs)
  File "C:\Users\ASUS\Downloads\TRAINING PROJECT\TRAINING PROJECT\registrations\views.py", line 689, in auto_save_field
    app = StudentApplication.objects.create(status=status_obj)
  File "C:\Users\ASUS\AppData\Roaming\Python\Python314\site-packages\django\db\models\manager.py", line 87, in manager_method
    return getattr(self.get_queryset(), name)(*args, **kwargs)
           ~~~~~~~~~~~~~~~~~~~~~~~~~~~~~~~~~~^^^^^^^^^^^^^^^^^
  File "C:\Users\ASUS\AppData\Roaming\Python\Python314\site-packages\django\db\models\query.py", line 665, in create
    obj.save(force_insert=True, using=self.db)
    ~~~~~~~~^^^^^^^^^^^^^^^^^^^^^^^^^^^^^^^^^^
  File "C:\Users\ASUS\AppData\Roaming\Python\Python314\site-packages\django\db\models\base.py", line 902, in save
    self.save_base(
    ~~~~~~~~~~~~~~^
        using=using,
        ^^^^^^^^^^^^
    ...<2 lines>...
        update_fields=update_fields,
        ^^^^^^^^^^^^^^^^^^^^^^^^^^^^
    )
    ^
  File "C:\Users\ASUS\AppData\Roaming\Python\Python314\site-packages\django\db\models\base.py", line 1008, in save_base
    updated = self._save_table(
        raw,
    ...<4 lines>...
        update_fields,
    )
  File "C:\Users\ASUS\AppData\Roaming\Python\Python314\site-packages\django\db\models\base.py", line 1169, in _save_table
    results = self._do_insert(
        cls._base_manager, using, fields, returning_fields, raw
    )
  File "C:\Users\ASUS\AppData\Roaming\Python\Python314\site-packages\django\db\models\base.py", line 1210, in _do_insert
    return manager._insert(
           ~~~~~~~~~~~~~~~^
        [self],
        ^^^^^^^
    ...<3 lines>...
        raw=raw,
        ^^^^^^^^
    )
    ^
  File "C:\Users\ASUS\AppData\Roaming\Python\Python314\site-packages\django\db\models\manager.py", line 87, in manager_method
    return getattr(self.get_queryset(), name)(*args, **kwargs)
           ~~~~~~~~~~~~~~~~~~~~~~~~~~~~~~~~~~^^^^^^^^^^^^^^^^^
  File "C:\Users\ASUS\AppData\Roaming\Python\Python314\site-packages\django\db\models\query.py", line 1873, in _insert
    return query.get_compiler(using=using).execute_sql(returning_fields)
           ~~~~~~~~~~~~~~~~~~~~~~~~~~~~~~~~~~~~~~~~~~~^^^^^^^^^^^^^^^^^^
  File "C:\Users\ASUS\AppData\Roaming\Python\Python314\site-packages\django\db\models\sql\compiler.py", line 1882, in execute_sql
    cursor.execute(sql, params)
    ~~~~~~~~~~~~~~^^^^^^^^^^^^^
  File "C:\Users\ASUS\AppData\Roaming\Python\Python314\site-packages\django\db\backends\utils.py", line 122, in execute
    return super().execute(sql, params)
           ~~~~~~~~~~~~~~~^^^^^^^^^^^^^
  File "C:\Users\ASUS\AppData\Roaming\Python\Python314\site-packages\django\db\backends\utils.py", line 79, in execute
    return self._execute_with_wrappers(
           ~~~~~~~~~~~~~~~~~~~~~~~~~~~^
        sql, params, many=False, executor=self._execute
        ^^^^^^^^^^^^^^^^^^^^^^^^^^^^^^^^^^^^^^^^^^^^^^^
    )
    ^
  File "C:\Users\ASUS\AppData\Roaming\Python\Python314\site-packages\django\db\backends\utils.py", line 92, in _execute_with_wrappers
    return executor(sql, params, many, context)
  File "C:\Users\ASUS\AppData\Roaming\Python\Python314\site-packages\django\db\backends\utils.py", line 100, in _execute
    with self.db.wrap_database_errors:
         ^^^^^^^^^^^^^^^^^^^^^^^^^^^^
  File "C:\Users\ASUS\AppData\Roaming\Python\Python314\site-packages\django\db\utils.py", line 91, in __exit__
    raise dj_exc_value.with_traceback(traceback) from exc_value
  File "C:\Users\ASUS\AppData\Roaming\Python\Python314\site-packages\django\db\backends\utils.py", line 105, in _execute
    return self.cursor.execute(sql, params)
           ~~~~~~~~~~~~~~~~~~~^^^^^^^^^^^^^
  File "C:\Users\ASUS\AppData\Roaming\Python\Python314\site-packages\django\db\backends\sqlite3\base.py", line 360, in execute
    return super().execute(query, params)
           ~~~~~~~~~~~~~~~^^^^^^^^^^^^^^^
django.db.utils.IntegrityError: UNIQUE constraint failed: registrations_studentapplication.application_number
Internal Server Error: /api/auto-save/
Traceback (most recent call last):
  File "C:\Users\ASUS\AppData\Roaming\Python\Python314\site-packages\django\db\backends\utils.py", line 105, in _execute
    return self.cursor.execute(sql, params)
           ~~~~~~~~~~~~~~~~~~~^^^^^^^^^^^^^
  File "C:\Users\ASUS\AppData\Roaming\Python\Python314\site-packages\django\db\backends\sqlite3\base.py", line 360, in execute
    return super().execute(query, params)
           ~~~~~~~~~~~~~~~^^^^^^^^^^^^^^^
sqlite3.IntegrityError: UNIQUE constraint failed: registrations_studentapplication.application_number

The above exception was the direct cause of the following exception:

Traceback (most recent call last):
  File "C:\Users\ASUS\AppData\Roaming\Python\Python314\site-packages\django\core\handlers\exception.py", line 55, in inner
    response = get_response(request)
  File "C:\Users\ASUS\AppData\Roaming\Python\Python314\site-packages\django\core\handlers\base.py", line 197, in _get_response
    response = wrapped_callback(request, *callback_args, **callback_kwargs)
  File "C:\Users\ASUS\Downloads\TRAINING PROJECT\TRAINING PROJECT\registrations\views.py", line 689, in auto_save_field
    app = StudentApplication.objects.create(status=status_obj)
  File "C:\Users\ASUS\AppData\Roaming\Python\Python314\site-packages\django\db\models\manager.py", line 87, in manager_method
    return getattr(self.get_queryset(), name)(*args, **kwargs)
           ~~~~~~~~~~~~~~~~~~~~~~~~~~~~~~~~~~^^^^^^^^^^^^^^^^^
  File "C:\Users\ASUS\AppData\Roaming\Python\Python314\site-packages\django\db\models\query.py", line 665, in create
    obj.save(force_insert=True, using=self.db)
    ~~~~~~~~^^^^^^^^^^^^^^^^^^^^^^^^^^^^^^^^^^
  File "C:\Users\ASUS\AppData\Roaming\Python\Python314\site-packages\django\db\models\base.py", line 902, in save
    self.save_base(
    ~~~~~~~~~~~~~~^
        using=using,
        ^^^^^^^^^^^^
    ...<2 lines>...
        update_fields=update_fields,
        ^^^^^^^^^^^^^^^^^^^^^^^^^^^^
    )
    ^
  File "C:\Users\ASUS\AppData\Roaming\Python\Python314\site-packages\django\db\models\base.py", line 1008, in save_base
    updated = self._save_table(
        raw,
    ...<4 lines>...
        update_fields,
    )
  File "C:\Users\ASUS\AppData\Roaming\Python\Python314\site-packages\django\db\models\base.py", line 1169, in _save_table
    results = self._do_insert(
        cls._base_manager, using, fields, returning_fields, raw
    )
  File "C:\Users\ASUS\AppData\Roaming\Python\Python314\site-packages\django\db\models\base.py", line 1210, in _do_insert
    return manager._insert(
           ~~~~~~~~~~~~~~~^
        [self],
        ^^^^^^^
    ...<3 lines>...
        raw=raw,
        ^^^^^^^^
    )
    ^
  File "C:\Users\ASUS\AppData\Roaming\Python\Python314\site-packages\django\db\models\manager.py", line 87, in manager_method
    return getattr(self.get_queryset(), name)(*args, **kwargs)
           ~~~~~~~~~~~~~~~~~~~~~~~~~~~~~~~~~~^^^^^^^^^^^^^^^^^
  File "C:\Users\ASUS\AppData\Roaming\Python\Python314\site-packages\django\db\models\query.py", line 1873, in _insert
    return query.get_compiler(using=using).execute_sql(returning_fields)
           ~~~~~~~~~~~~~~~~~~~~~~~~~~~~~~~~~~~~~~~~~~~^^^^^^^^^^^^^^^^^^
  File "C:\Users\ASUS\AppData\Roaming\Python\Python314\site-packages\django\db\models\sql\compiler.py", line 1882, in execute_sql
    cursor.execute(sql, params)
    ~~~~~~~~~~~~~~^^^^^^^^^^^^^
  File "C:\Users\ASUS\AppData\Roaming\Python\Python314\site-packages\django\db\backends\utils.py", line 122, in execute
    return super().execute(sql, params)
           ~~~~~~~~~~~~~~~^^^^^^^^^^^^^
  File "C:\Users\ASUS\AppData\Roaming\Python\Python314\site-packages\django\db\backends\utils.py", line 79, in execute
    return self._execute_with_wrappers(
           ~~~~~~~~~~~~~~~~~~~~~~~~~~~^
        sql, params, many=False, executor=self._execute
        ^^^^^^^^^^^^^^^^^^^^^^^^^^^^^^^^^^^^^^^^^^^^^^^
    )
    ^
  File "C:\Users\ASUS\AppData\Roaming\Python\Python314\site-packages\django\db\backends\utils.py", line 92, in _execute_with_wrappers
    return executor(sql, params, many, context)
  File "C:\Users\ASUS\AppData\Roaming\Python\Python314\site-packages\django\db\backends\utils.py", line 100, in _execute
    with self.db.wrap_database_errors:
         ^^^^^^^^^^^^^^^^^^^^^^^^^^^^
  File "C:\Users\ASUS\AppData\Roaming\Python\Python314\site-packages\django\db\utils.py", line 91, in __exit__
    raise dj_exc_value.with_traceback(traceback) from exc_value
  File "C:\Users\ASUS\AppData\Roaming\Python\Python314\site-packages\django\db\backends\utils.py", line 105, in _execute
    return self.cursor.execute(sql, params)
           ~~~~~~~~~~~~~~~~~~~^^^^^^^^^^^^^
  File "C:\Users\ASUS\AppData\Roaming\Python\Python314\site-packages\django\db\backends\sqlite3\base.py", line 360, in execute
    return super().execute(query, params)
           ~~~~~~~~~~~~~~~^^^^^^^^^^^^^^^
django.db.utils.IntegrityError: UNIQUE constraint failed: registrations_studentapplication.application_number
Internal Server Error: /api/auto-save/
Traceback (most recent call last):
  File "C:\Users\ASUS\AppData\Roaming\Python\Python314\site-packages\django\db\backends\utils.py", line 105, in _execute
    return self.cursor.execute(sql, params)
           ~~~~~~~~~~~~~~~~~~~^^^^^^^^^^^^^
  File "C:\Users\ASUS\AppData\Roaming\Python\Python314\site-packages\django\db\backends\sqlite3\base.py", line 360, in execute
    return super().execute(query, params)
           ~~~~~~~~~~~~~~~^^^^^^^^^^^^^^^
sqlite3.IntegrityError: UNIQUE constraint failed: registrations_studentapplication.application_number

The above exception was the direct cause of the following exception:

Traceback (most recent call last):
  File "C:\Users\ASUS\AppData\Roaming\Python\Python314\site-packages\django\core\handlers\exception.py", line 55, in inner
    response = get_response(request)
  File "C:\Users\ASUS\AppData\Roaming\Python\Python314\site-packages\django\core\handlers\base.py", line 197, in _get_response
    response = wrapped_callback(request, *callback_args, **callback_kwargs)
  File "C:\Users\ASUS\Downloads\TRAINING PROJECT\TRAINING PROJECT\registrations\views.py", line 689, in auto_save_field
    app = StudentApplication.objects.create(status=status_obj)
  File "C:\Users\ASUS\AppData\Roaming\Python\Python314\site-packages\django\db\models\manager.py", line 87, in manager_method
    return getattr(self.get_queryset(), name)(*args, **kwargs)
           ~~~~~~~~~~~~~~~~~~~~~~~~~~~~~~~~~~^^^^^^^^^^^^^^^^^
  File "C:\Users\ASUS\AppData\Roaming\Python\Python314\site-packages\django\db\models\query.py", line 665, in create
    obj.save(force_insert=True, using=self.db)
    ~~~~~~~~^^^^^^^^^^^^^^^^^^^^^^^^^^^^^^^^^^
  File "C:\Users\ASUS\AppData\Roaming\Python\Python314\site-packages\django\db\models\base.py", line 902, in save
    self.save_base(
    ~~~~~~~~~~~~~~^
        using=using,
        ^^^^^^^^^^^^
    ...<2 lines>...
        update_fields=update_fields,
        ^^^^^^^^^^^^^^^^^^^^^^^^^^^^
    )
    ^
  File "C:\Users\ASUS\AppData\Roaming\Python\Python314\site-packages\django\db\models\base.py", line 1008, in save_base
    updated = self._save_table(
        raw,
    ...<4 lines>...
        update_fields,
    )
  File "C:\Users\ASUS\AppData\Roaming\Python\Python314\site-packages\django\db\models\base.py", line 1169, in _save_table
    results = self._do_insert(
        cls._base_manager, using, fields, returning_fields, raw
    )
  File "C:\Users\ASUS\AppData\Roaming\Python\Python314\site-packages\django\db\models\base.py", line 1210, in _do_insert
    return manager._insert(
           ~~~~~~~~~~~~~~~^
        [self],
        ^^^^^^^
    ...<3 lines>...
        raw=raw,
        ^^^^^^^^
    )
    ^
  File "C:\Users\ASUS\AppData\Roaming\Python\Python314\site-packages\django\db\models\manager.py", line 87, in manager_method
    return getattr(self.get_queryset(), name)(*args, **kwargs)
           ~~~~~~~~~~~~~~~~~~~~~~~~~~~~~~~~~~^^^^^^^^^^^^^^^^^
  File "C:\Users\ASUS\AppData\Roaming\Python\Python314\site-packages\django\db\models\query.py", line 1873, in _insert
    return query.get_compiler(using=using).execute_sql(returning_fields)
           ~~~~~~~~~~~~~~~~~~~~~~~~~~~~~~~~~~~~~~~~~~~^^^^^^^^^^^^^^^^^^
  File "C:\Users\ASUS\AppData\Roaming\Python\Python314\site-packages\django\db\models\sql\compiler.py", line 1882, in execute_sql
    cursor.execute(sql, params)
    ~~~~~~~~~~~~~~^^^^^^^^^^^^^
  File "C:\Users\ASUS\AppData\Roaming\Python\Python314\site-packages\django\db\backends\utils.py", line 122, in execute
    return super().execute(sql, params)
           ~~~~~~~~~~~~~~~^^^^^^^^^^^^^
  File "C:\Users\ASUS\AppData\Roaming\Python\Python314\site-packages\django\db\backends\utils.py", line 79, in execute
    return self._execute_with_wrappers(
           ~~~~~~~~~~~~~~~~~~~~~~~~~~~^
        sql, params, many=False, executor=self._execute
        ^^^^^^^^^^^^^^^^^^^^^^^^^^^^^^^^^^^^^^^^^^^^^^^
    )
    ^
  File "C:\Users\ASUS\AppData\Roaming\Python\Python314\site-packages\django\db\backends\utils.py", line 92, in _execute_with_wrappers
    return executor(sql, params, many, context)
  File "C:\Users\ASUS\AppData\Roaming\Python\Python314\site-packages\django\db\backends\utils.py", line 100, in _execute
    with self.db.wrap_database_errors:
         ^^^^^^^^^^^^^^^^^^^^^^^^^^^^
  File "C:\Users\ASUS\AppData\Roaming\Python\Python314\site-packages\django\db\utils.py", line 91, in __exit__
    raise dj_exc_value.with_traceback(traceback) from exc_value
  File "C:\Users\ASUS\AppData\Roaming\Python\Python314\site-packages\django\db\backends\utils.py", line 105, in _execute
    return self.cursor.execute(sql, params)
           ~~~~~~~~~~~~~~~~~~~^^^^^^^^^^^^^
  File "C:\Users\ASUS\AppData\Roaming\Python\Python314\site-packages\django\db\backends\sqlite3\base.py", line 360, in execute
    return super().execute(query, params)
           ~~~~~~~~~~~~~~~^^^^^^^^^^^^^^^
django.db.utils.IntegrityError: UNIQUE constraint failed: registrations_studentapplication.application_number
Internal Server Error: /api/auto-save/
Traceback (most recent call last):
  File "C:\Users\ASUS\AppData\Roaming\Python\Python314\site-packages\django\db\backends\utils.py", line 105, in _execute
    return self.cursor.execute(sql, params)
           ~~~~~~~~~~~~~~~~~~~^^^^^^^^^^^^^
  File "C:\Users\ASUS\AppData\Roaming\Python\Python314\site-packages\django\db\backends\sqlite3\base.py", line 360, in execute
    return super().execute(query, params)
           ~~~~~~~~~~~~~~~^^^^^^^^^^^^^^^
sqlite3.IntegrityError: UNIQUE constraint failed: registrations_studentapplication.application_number

The above exception was the direct cause of the following exception:

Traceback (most recent call last):
  File "C:\Users\ASUS\AppData\Roaming\Python\Python314\site-packages\django\core\handlers\exception.py", line 55, in inner
    response = get_response(request)
  File "C:\Users\ASUS\AppData\Roaming\Python\Python314\site-packages\django\core\handlers\base.py", line 197, in _get_response
    response = wrapped_callback(request, *callback_args, **callback_kwargs)
  File "C:\Users\ASUS\Downloads\TRAINING PROJECT\TRAINING PROJECT\registrations\views.py", line 689, in auto_save_field
    app = StudentApplication.objects.create(status=status_obj)
  File "C:\Users\ASUS\AppData\Roaming\Python\Python314\site-packages\django\db\models\manager.py", line 87, in manager_method
    return getattr(self.get_queryset(), name)(*args, **kwargs)
           ~~~~~~~~~~~~~~~~~~~~~~~~~~~~~~~~~~^^^^^^^^^^^^^^^^^
  File "C:\Users\ASUS\AppData\Roaming\Python\Python314\site-packages\django\db\models\query.py", line 665, in create
    obj.save(force_insert=True, using=self.db)
    ~~~~~~~~^^^^^^^^^^^^^^^^^^^^^^^^^^^^^^^^^^
  File "C:\Users\ASUS\AppData\Roaming\Python\Python314\site-packages\django\db\models\base.py", line 902, in save
    self.save_base(
    ~~~~~~~~~~~~~~^
        using=using,
        ^^^^^^^^^^^^
    ...<2 lines>...
        update_fields=update_fields,
        ^^^^^^^^^^^^^^^^^^^^^^^^^^^^
    )
    ^
  File "C:\Users\ASUS\AppData\Roaming\Python\Python314\site-packages\django\db\models\base.py", line 1008, in save_base
    updated = self._save_table(
        raw,
    ...<4 lines>...
        update_fields,
    )
  File "C:\Users\ASUS\AppData\Roaming\Python\Python314\site-packages\django\db\models\base.py", line 1169, in _save_table
    results = self._do_insert(
        cls._base_manager, using, fields, returning_fields, raw
    )
  File "C:\Users\ASUS\AppData\Roaming\Python\Python314\site-packages\django\db\models\base.py", line 1210, in _do_insert
    return manager._insert(
           ~~~~~~~~~~~~~~~^
        [self],
        ^^^^^^^
    ...<3 lines>...
        raw=raw,
        ^^^^^^^^
    )
    ^
  File "C:\Users\ASUS\AppData\Roaming\Python\Python314\site-packages\django\db\models\manager.py", line 87, in manager_method
    return getattr(self.get_queryset(), name)(*args, **kwargs)
           ~~~~~~~~~~~~~~~~~~~~~~~~~~~~~~~~~~^^^^^^^^^^^^^^^^^
  File "C:\Users\ASUS\AppData\Roaming\Python\Python314\site-packages\django\db\models\query.py", line 1873, in _insert
    return query.get_compiler(using=using).execute_sql(returning_fields)
           ~~~~~~~~~~~~~~~~~~~~~~~~~~~~~~~~~~~~~~~~~~~^^^^^^^^^^^^^^^^^^
  File "C:\Users\ASUS\AppData\Roaming\Python\Python314\site-packages\django\db\models\sql\compiler.py", line 1882, in execute_sql
    cursor.execute(sql, params)
    ~~~~~~~~~~~~~~^^^^^^^^^^^^^
  File "C:\Users\ASUS\AppData\Roaming\Python\Python314\site-packages\django\db\backends\utils.py", line 122, in execute
    return super().execute(sql, params)
           ~~~~~~~~~~~~~~~^^^^^^^^^^^^^
  File "C:\Users\ASUS\AppData\Roaming\Python\Python314\site-packages\django\db\backends\utils.py", line 79, in execute
    return self._execute_with_wrappers(
           ~~~~~~~~~~~~~~~~~~~~~~~~~~~^
        sql, params, many=False, executor=self._execute
        ^^^^^^^^^^^^^^^^^^^^^^^^^^^^^^^^^^^^^^^^^^^^^^^
    )
    ^
  File "C:\Users\ASUS\AppData\Roaming\Python\Python314\site-packages\django\db\backends\utils.py", line 92, in _execute_with_wrappers
    return executor(sql, params, many, context)
  File "C:\Users\ASUS\AppData\Roaming\Python\Python314\site-packages\django\db\backends\utils.py", line 100, in _execute
    with self.db.wrap_database_errors:
         ^^^^^^^^^^^^^^^^^^^^^^^^^^^^
  File "C:\Users\ASUS\AppData\Roaming\Python\Python314\site-packages\django\db\utils.py", line 91, in __exit__
    raise dj_exc_value.with_traceback(traceback) from exc_value
  File "C:\Users\ASUS\AppData\Roaming\Python\Python314\site-packages\django\db\backends\utils.py", line 105, in _execute
    return self.cursor.execute(sql, params)
           ~~~~~~~~~~~~~~~~~~~^^^^^^^^^^^^^
  File "C:\Users\ASUS\AppData\Roaming\Python\Python314\site-packages\django\db\backends\sqlite3\base.py", line 360, in execute
    return super().execute(query, params)
           ~~~~~~~~~~~~~~~^^^^^^^^^^^^^^^
django.db.utils.IntegrityError: UNIQUE constraint failed: registrations_studentapplication.application_number
Internal Server Error: /api/auto-save/
Traceback (most recent call last):
  File "C:\Users\ASUS\AppData\Roaming\Python\Python314\site-packages\django\db\backends\utils.py", line 105, in _execute
    return self.cursor.execute(sql, params)
           ~~~~~~~~~~~~~~~~~~~^^^^^^^^^^^^^
  File "C:\Users\ASUS\AppData\Roaming\Python\Python314\site-packages\django\db\backends\sqlite3\base.py", line 360, in execute
    return super().execute(query, params)
           ~~~~~~~~~~~~~~~^^^^^^^^^^^^^^^
sqlite3.IntegrityError: UNIQUE constraint failed: registrations_studentapplication.application_number

The above exception was the direct cause of the following exception:

Traceback (most recent call last):
  File "C:\Users\ASUS\AppData\Roaming\Python\Python314\site-packages\django\core\handlers\exception.py", line 55, in inner
    response = get_response(request)
  File "C:\Users\ASUS\AppData\Roaming\Python\Python314\site-packages\django\core\handlers\base.py", line 197, in _get_response
    response = wrapped_callback(request, *callback_args, **callback_kwargs)
  File "C:\Users\ASUS\Downloads\TRAINING PROJECT\TRAINING PROJECT\registrations\views.py", line 689, in auto_save_field
    app = StudentApplication.objects.create(status=status_obj)
  File "C:\Users\ASUS\AppData\Roaming\Python\Python314\site-packages\django\db\models\manager.py", line 87, in manager_method
    return getattr(self.get_queryset(), name)(*args, **kwargs)
           ~~~~~~~~~~~~~~~~~~~~~~~~~~~~~~~~~~^^^^^^^^^^^^^^^^^
  File "C:\Users\ASUS\AppData\Roaming\Python\Python314\site-packages\django\db\models\query.py", line 665, in create
    obj.save(force_insert=True, using=self.db)
    ~~~~~~~~^^^^^^^^^^^^^^^^^^^^^^^^^^^^^^^^^^
  File "C:\Users\ASUS\AppData\Roaming\Python\Python314\site-packages\django\db\models\base.py", line 902, in save
    self.save_base(
    ~~~~~~~~~~~~~~^
        using=using,
        ^^^^^^^^^^^^
    ...<2 lines>...
        update_fields=update_fields,
        ^^^^^^^^^^^^^^^^^^^^^^^^^^^^
    )
    ^
  File "C:\Users\ASUS\AppData\Roaming\Python\Python314\site-packages\django\db\models\base.py", line 1008, in save_base
    updated = self._save_table(
        raw,
    ...<4 lines>...
        update_fields,
    )
  File "C:\Users\ASUS\AppData\Roaming\Python\Python314\site-packages\django\db\models\base.py", line 1169, in _save_table
    results = self._do_insert(
        cls._base_manager, using, fields, returning_fields, raw
    )
  File "C:\Users\ASUS\AppData\Roaming\Python\Python314\site-packages\django\db\models\base.py", line 1210, in _do_insert
    return manager._insert(
           ~~~~~~~~~~~~~~~^
        [self],
        ^^^^^^^
    ...<3 lines>...
        raw=raw,
        ^^^^^^^^
    )
    ^
  File "C:\Users\ASUS\AppData\Roaming\Python\Python314\site-packages\django\db\models\manager.py", line 87, in manager_method
    return getattr(self.get_queryset(), name)(*args, **kwargs)
           ~~~~~~~~~~~~~~~~~~~~~~~~~~~~~~~~~~^^^^^^^^^^^^^^^^^
  File "C:\Users\ASUS\AppData\Roaming\Python\Python314\site-packages\django\db\models\query.py", line 1873, in _insert
    return query.get_compiler(using=using).execute_sql(returning_fields)
           ~~~~~~~~~~~~~~~~~~~~~~~~~~~~~~~~~~~~~~~~~~~^^^^^^^^^^^^^^^^^^
  File "C:\Users\ASUS\AppData\Roaming\Python\Python314\site-packages\django\db\models\sql\compiler.py", line 1882, in execute_sql
    cursor.execute(sql, params)
    ~~~~~~~~~~~~~~^^^^^^^^^^^^^
  File "C:\Users\ASUS\AppData\Roaming\Python\Python314\site-packages\django\db\backends\utils.py", line 122, in execute
    return super().execute(sql, params)
           ~~~~~~~~~~~~~~~^^^^^^^^^^^^^
  File "C:\Users\ASUS\AppData\Roaming\Python\Python314\site-packages\django\db\backends\utils.py", line 79, in execute
    return self._execute_with_wrappers(
           ~~~~~~~~~~~~~~~~~~~~~~~~~~~^
        sql, params, many=False, executor=self._execute
        ^^^^^^^^^^^^^^^^^^^^^^^^^^^^^^^^^^^^^^^^^^^^^^^
    )
    ^
  File "C:\Users\ASUS\AppData\Roaming\Python\Python314\site-packages\django\db\backends\utils.py", line 92, in _execute_with_wrappers
    return executor(sql, params, many, context)
  File "C:\Users\ASUS\AppData\Roaming\Python\Python314\site-packages\django\db\backends\utils.py", line 100, in _execute
    with self.db.wrap_database_errors:
         ^^^^^^^^^^^^^^^^^^^^^^^^^^^^
  File "C:\Users\ASUS\AppData\Roaming\Python\Python314\site-packages\django\db\utils.py", line 91, in __exit__
    raise dj_exc_value.with_traceback(traceback) from exc_value
  File "C:\Users\ASUS\AppData\Roaming\Python\Python314\site-packages\django\db\backends\utils.py", line 105, in _execute
    return self.cursor.execute(sql, params)
           ~~~~~~~~~~~~~~~~~~~^^^^^^^^^^^^^
  File "C:\Users\ASUS\AppData\Roaming\Python\Python314\site-packages\django\db\backends\sqlite3\base.py", line 360, in execute
    return super().execute(query, params)
           ~~~~~~~~~~~~~~~^^^^^^^^^^^^^^^
django.db.utils.IntegrityError: UNIQUE constraint failed: registrations_studentapplication.application_number
Internal Server Error: /api/auto-save/
Traceback (most recent call last):
  File "C:\Users\ASUS\AppData\Roaming\Python\Python314\site-packages\django\db\backends\utils.py", line 105, in _execute
    return self.cursor.execute(sql, params)
           ~~~~~~~~~~~~~~~~~~~^^^^^^^^^^^^^
  File "C:\Users\ASUS\AppData\Roaming\Python\Python314\site-packages\django\db\backends\sqlite3\base.py", line 360, in execute
    return super().execute(query, params)
           ~~~~~~~~~~~~~~~^^^^^^^^^^^^^^^
sqlite3.IntegrityError: UNIQUE constraint failed: registrations_studentapplication.application_number

The above exception was the direct cause of the following exception:

Traceback (most recent call last):
  File "C:\Users\ASUS\AppData\Roaming\Python\Python314\site-packages\django\core\handlers\exception.py", line 55, in inner
    response = get_response(request)
  File "C:\Users\ASUS\AppData\Roaming\Python\Python314\site-packages\django\core\handlers\base.py", line 197, in _get_response
    response = wrapped_callback(request, *callback_args, **callback_kwargs)
  File "C:\Users\ASUS\Downloads\TRAINING PROJECT\TRAINING PROJECT\registrations\views.py", line 689, in auto_save_field
    app = StudentApplication.objects.create(status=status_obj)
  File "C:\Users\ASUS\AppData\Roaming\Python\Python314\site-packages\django\db\models\manager.py", line 87, in manager_method
    return getattr(self.get_queryset(), name)(*args, **kwargs)
           ~~~~~~~~~~~~~~~~~~~~~~~~~~~~~~~~~~^^^^^^^^^^^^^^^^^
  File "C:\Users\ASUS\AppData\Roaming\Python\Python314\site-packages\django\db\models\query.py", line 665, in create
    obj.save(force_insert=True, using=self.db)
    ~~~~~~~~^^^^^^^^^^^^^^^^^^^^^^^^^^^^^^^^^^
  File "C:\Users\ASUS\AppData\Roaming\Python\Python314\site-packages\django\db\models\base.py", line 902, in save
    self.save_base(
    ~~~~~~~~~~~~~~^
        using=using,
        ^^^^^^^^^^^^
    ...<2 lines>...
        update_fields=update_fields,
        ^^^^^^^^^^^^^^^^^^^^^^^^^^^^
    )
    ^
  File "C:\Users\ASUS\AppData\Roaming\Python\Python314\site-packages\django\db\models\base.py", line 1008, in save_base
    updated = self._save_table(
        raw,
    ...<4 lines>...
        update_fields,
    )
  File "C:\Users\ASUS\AppData\Roaming\Python\Python314\site-packages\django\db\models\base.py", line 1169, in _save_table
    results = self._do_insert(
        cls._base_manager, using, fields, returning_fields, raw
    )
  File "C:\Users\ASUS\AppData\Roaming\Python\Python314\site-packages\django\db\models\base.py", line 1210, in _do_insert
    return manager._insert(
           ~~~~~~~~~~~~~~~^
        [self],
        ^^^^^^^
    ...<3 lines>...
        raw=raw,
        ^^^^^^^^
    )
    ^
  File "C:\Users\ASUS\AppData\Roaming\Python\Python314\site-packages\django\db\models\manager.py", line 87, in manager_method
    return getattr(self.get_queryset(), name)(*args, **kwargs)
           ~~~~~~~~~~~~~~~~~~~~~~~~~~~~~~~~~~^^^^^^^^^^^^^^^^^
  File "C:\Users\ASUS\AppData\Roaming\Python\Python314\site-packages\django\db\models\query.py", line 1873, in _insert
    return query.get_compiler(using=using).execute_sql(returning_fields)
           ~~~~~~~~~~~~~~~~~~~~~~~~~~~~~~~~~~~~~~~~~~~^^^^^^^^^^^^^^^^^^
  File "C:\Users\ASUS\AppData\Roaming\Python\Python314\site-packages\django\db\models\sql\compiler.py", line 1882, in execute_sql
    cursor.execute(sql, params)
    ~~~~~~~~~~~~~~^^^^^^^^^^^^^
  File "C:\Users\ASUS\AppData\Roaming\Python\Python314\site-packages\django\db\backends\utils.py", line 122, in execute
    return super().execute(sql, params)
           ~~~~~~~~~~~~~~~^^^^^^^^^^^^^
  File "C:\Users\ASUS\AppData\Roaming\Python\Python314\site-packages\django\db\backends\utils.py", line 79, in execute
    return self._execute_with_wrappers(
           ~~~~~~~~~~~~~~~~~~~~~~~~~~~^
        sql, params, many=False, executor=self._execute
        ^^^^^^^^^^^^^^^^^^^^^^^^^^^^^^^^^^^^^^^^^^^^^^^
    )
    ^
  File "C:\Users\ASUS\AppData\Roaming\Python\Python314\site-packages\django\db\backends\utils.py", line 92, in _execute_with_wrappers
    return executor(sql, params, many, context)
  File "C:\Users\ASUS\AppData\Roaming\Python\Python314\site-packages\django\db\backends\utils.py", line 100, in _execute
    with self.db.wrap_database_errors:
         ^^^^^^^^^^^^^^^^^^^^^^^^^^^^
  File "C:\Users\ASUS\AppData\Roaming\Python\Python314\site-packages\django\db\utils.py", line 91, in __exit__
    raise dj_exc_value.with_traceback(traceback) from exc_value
  File "C:\Users\ASUS\AppData\Roaming\Python\Python314\site-packages\django\db\backends\utils.py", line 105, in _execute
    return self.cursor.execute(sql, params)
           ~~~~~~~~~~~~~~~~~~~^^^^^^^^^^^^^
  File "C:\Users\ASUS\AppData\Roaming\Python\Python314\site-packages\django\db\backends\sqlite3\base.py", line 360, in execute
    return super().execute(query, params)
           ~~~~~~~~~~~~~~~^^^^^^^^^^^^^^^
django.db.utils.IntegrityError: UNIQUE constraint failed: registrations_studentapplication.application_number
Internal Server Error: /api/auto-save/
Traceback (most recent call last):
  File "C:\Users\ASUS\AppData\Roaming\Python\Python314\site-packages\django\db\backends\utils.py", line 105, in _execute
    return self.cursor.execute(sql, params)
           ~~~~~~~~~~~~~~~~~~~^^^^^^^^^^^^^
  File "C:\Users\ASUS\AppData\Roaming\Python\Python314\site-packages\django\db\backends\sqlite3\base.py", line 360, in execute
    return super().execute(query, params)
           ~~~~~~~~~~~~~~~^^^^^^^^^^^^^^^
sqlite3.IntegrityError: UNIQUE constraint failed: registrations_studentapplication.application_number

The above exception was the direct cause of the following exception:

Traceback (most recent call last):
  File "C:\Users\ASUS\AppData\Roaming\Python\Python314\site-packages\django\core\handlers\exception.py", line 55, in inner
    response = get_response(request)
  File "C:\Users\ASUS\AppData\Roaming\Python\Python314\site-packages\django\core\handlers\base.py", line 197, in _get_response
    response = wrapped_callback(request, *callback_args, **callback_kwargs)
  File "C:\Users\ASUS\Downloads\TRAINING PROJECT\TRAINING PROJECT\registrations\views.py", line 689, in auto_save_field
    app = StudentApplication.objects.create(status=status_obj)
  File "C:\Users\ASUS\AppData\Roaming\Python\Python314\site-packages\django\db\models\manager.py", line 87, in manager_method
    return getattr(self.get_queryset(), name)(*args, **kwargs)
           ~~~~~~~~~~~~~~~~~~~~~~~~~~~~~~~~~~^^^^^^^^^^^^^^^^^
  File "C:\Users\ASUS\AppData\Roaming\Python\Python314\site-packages\django\db\models\query.py", line 665, in create
    obj.save(force_insert=True, using=self.db)
    ~~~~~~~~^^^^^^^^^^^^^^^^^^^^^^^^^^^^^^^^^^
  File "C:\Users\ASUS\AppData\Roaming\Python\Python314\site-packages\django\db\models\base.py", line 902, in save
    self.save_base(
    ~~~~~~~~~~~~~~^
        using=using,
        ^^^^^^^^^^^^
    ...<2 lines>...
        update_fields=update_fields,
        ^^^^^^^^^^^^^^^^^^^^^^^^^^^^
    )
    ^
  File "C:\Users\ASUS\AppData\Roaming\Python\Python314\site-packages\django\db\models\base.py", line 1008, in save_base
    updated = self._save_table(
        raw,
    ...<4 lines>...
        update_fields,
    )
  File "C:\Users\ASUS\AppData\Roaming\Python\Python314\site-packages\django\db\models\base.py", line 1169, in _save_table
    results = self._do_insert(
        cls._base_manager, using, fields, returning_fields, raw
    )
  File "C:\Users\ASUS\AppData\Roaming\Python\Python314\site-packages\django\db\models\base.py", line 1210, in _do_insert
    return manager._insert(
           ~~~~~~~~~~~~~~~^
        [self],
        ^^^^^^^
    ...<3 lines>...
        raw=raw,
        ^^^^^^^^
    )
    ^
  File "C:\Users\ASUS\AppData\Roaming\Python\Python314\site-packages\django\db\models\manager.py", line 87, in manager_method
    return getattr(self.get_queryset(), name)(*args, **kwargs)
           ~~~~~~~~~~~~~~~~~~~~~~~~~~~~~~~~~~^^^^^^^^^^^^^^^^^
  File "C:\Users\ASUS\AppData\Roaming\Python\Python314\site-packages\django\db\models\query.py", line 1873, in _insert
    return query.get_compiler(using=using).execute_sql(returning_fields)
           ~~~~~~~~~~~~~~~~~~~~~~~~~~~~~~~~~~~~~~~~~~~^^^^^^^^^^^^^^^^^^
  File "C:\Users\ASUS\AppData\Roaming\Python\Python314\site-packages\django\db\models\sql\compiler.py", line 1882, in execute_sql
    cursor.execute(sql, params)
    ~~~~~~~~~~~~~~^^^^^^^^^^^^^
  File "C:\Users\ASUS\AppData\Roaming\Python\Python314\site-packages\django\db\backends\utils.py", line 122, in execute
    return super().execute(sql, params)
           ~~~~~~~~~~~~~~~^^^^^^^^^^^^^
  File "C:\Users\ASUS\AppData\Roaming\Python\Python314\site-packages\django\db\backends\utils.py", line 79, in execute
    return self._execute_with_wrappers(
           ~~~~~~~~~~~~~~~~~~~~~~~~~~~^
        sql, params, many=False, executor=self._execute
        ^^^^^^^^^^^^^^^^^^^^^^^^^^^^^^^^^^^^^^^^^^^^^^^
    )
    ^
  File "C:\Users\ASUS\AppData\Roaming\Python\Python314\site-packages\django\db\backends\utils.py", line 92, in _execute_with_wrappers
    return executor(sql, params, many, context)
  File "C:\Users\ASUS\AppData\Roaming\Python\Python314\site-packages\django\db\backends\utils.py", line 100, in _execute
    with self.db.wrap_database_errors:
         ^^^^^^^^^^^^^^^^^^^^^^^^^^^^
  File "C:\Users\ASUS\AppData\Roaming\Python\Python314\site-packages\django\db\utils.py", line 91, in __exit__
    raise dj_exc_value.with_traceback(traceback) from exc_value
  File "C:\Users\ASUS\AppData\Roaming\Python\Python314\site-packages\django\db\backends\utils.py", line 105, in _execute
    return self.cursor.execute(sql, params)
           ~~~~~~~~~~~~~~~~~~~^^^^^^^^^^^^^
  File "C:\Users\ASUS\AppData\Roaming\Python\Python314\site-packages\django\db\backends\sqlite3\base.py", line 360, in execute
    return super().execute(query, params)
           ~~~~~~~~~~~~~~~^^^^^^^^^^^^^^^
django.db.utils.IntegrityError: UNIQUE constraint failed: registrations_studentapplication.application_number
Internal Server Error: /api/auto-save/
Traceback (most recent call last):
  File "C:\Users\ASUS\AppData\Roaming\Python\Python314\site-packages\django\db\backends\utils.py", line 105, in _execute
    return self.cursor.execute(sql, params)
           ~~~~~~~~~~~~~~~~~~~^^^^^^^^^^^^^
  File "C:\Users\ASUS\AppData\Roaming\Python\Python314\site-packages\django\db\backends\sqlite3\base.py", line 360, in execute
    return super().execute(query, params)
           ~~~~~~~~~~~~~~~^^^^^^^^^^^^^^^
sqlite3.IntegrityError: UNIQUE constraint failed: registrations_studentapplication.application_number

The above exception was the direct cause of the following exception:

Traceback (most recent call last):
  File "C:\Users\ASUS\AppData\Roaming\Python\Python314\site-packages\django\core\handlers\exception.py", line 55, in inner
    response = get_response(request)
  File "C:\Users\ASUS\AppData\Roaming\Python\Python314\site-packages\django\core\handlers\base.py", line 197, in _get_response
    response = wrapped_callback(request, *callback_args, **callback_kwargs)
  File "C:\Users\ASUS\Downloads\TRAINING PROJECT\TRAINING PROJECT\registrations\views.py", line 689, in auto_save_field
    app = StudentApplication.objects.create(status=status_obj)
  File "C:\Users\ASUS\AppData\Roaming\Python\Python314\site-packages\django\db\models\manager.py", line 87, in manager_method
    return getattr(self.get_queryset(), name)(*args, **kwargs)
           ~~~~~~~~~~~~~~~~~~~~~~~~~~~~~~~~~~^^^^^^^^^^^^^^^^^
  File "C:\Users\ASUS\AppData\Roaming\Python\Python314\site-packages\django\db\models\query.py", line 665, in create
    obj.save(force_insert=True, using=self.db)
    ~~~~~~~~^^^^^^^^^^^^^^^^^^^^^^^^^^^^^^^^^^
  File "C:\Users\ASUS\AppData\Roaming\Python\Python314\site-packages\django\db\models\base.py", line 902, in save
    self.save_base(
    ~~~~~~~~~~~~~~^
        using=using,
        ^^^^^^^^^^^^
    ...<2 lines>...
        update_fields=update_fields,
        ^^^^^^^^^^^^^^^^^^^^^^^^^^^^
    )
    ^
  File "C:\Users\ASUS\AppData\Roaming\Python\Python314\site-packages\django\db\models\base.py", line 1008, in save_base
    updated = self._save_table(
        raw,
    ...<4 lines>...
        update_fields,
    )
  File "C:\Users\ASUS\AppData\Roaming\Python\Python314\site-packages\django\db\models\base.py", line 1169, in _save_table
    results = self._do_insert(
        cls._base_manager, using, fields, returning_fields, raw
    )
  File "C:\Users\ASUS\AppData\Roaming\Python\Python314\site-packages\django\db\models\base.py", line 1210, in _do_insert
    return manager._insert(
           ~~~~~~~~~~~~~~~^
        [self],
        ^^^^^^^
    ...<3 lines>...
        raw=raw,
        ^^^^^^^^
    )
    ^
  File "C:\Users\ASUS\AppData\Roaming\Python\Python314\site-packages\django\db\models\manager.py", line 87, in manager_method
    return getattr(self.get_queryset(), name)(*args, **kwargs)
           ~~~~~~~~~~~~~~~~~~~~~~~~~~~~~~~~~~^^^^^^^^^^^^^^^^^
  File "C:\Users\ASUS\AppData\Roaming\Python\Python314\site-packages\django\db\models\query.py", line 1873, in _insert
    return query.get_compiler(using=using).execute_sql(returning_fields)
           ~~~~~~~~~~~~~~~~~~~~~~~~~~~~~~~~~~~~~~~~~~~^^^^^^^^^^^^^^^^^^
  File "C:\Users\ASUS\AppData\Roaming\Python\Python314\site-packages\django\db\models\sql\compiler.py", line 1882, in execute_sql
    cursor.execute(sql, params)
    ~~~~~~~~~~~~~~^^^^^^^^^^^^^
  File "C:\Users\ASUS\AppData\Roaming\Python\Python314\site-packages\django\db\backends\utils.py", line 122, in execute
    return super().execute(sql, params)
           ~~~~~~~~~~~~~~~^^^^^^^^^^^^^
  File "C:\Users\ASUS\AppData\Roaming\Python\Python314\site-packages\django\db\backends\utils.py", line 79, in execute
    return self._execute_with_wrappers(
           ~~~~~~~~~~~~~~~~~~~~~~~~~~~^
        sql, params, many=False, executor=self._execute
        ^^^^^^^^^^^^^^^^^^^^^^^^^^^^^^^^^^^^^^^^^^^^^^^
    )
    ^
  File "C:\Users\ASUS\AppData\Roaming\Python\Python314\site-packages\django\db\backends\utils.py", line 92, in _execute_with_wrappers
    return executor(sql, params, many, context)
  File "C:\Users\ASUS\AppData\Roaming\Python\Python314\site-packages\django\db\backends\utils.py", line 100, in _execute
    with self.db.wrap_database_errors:
         ^^^^^^^^^^^^^^^^^^^^^^^^^^^^
  File "C:\Users\ASUS\AppData\Roaming\Python\Python314\site-packages\django\db\utils.py", line 91, in __exit__
    raise dj_exc_value.with_traceback(traceback) from exc_value
  File "C:\Users\ASUS\AppData\Roaming\Python\Python314\site-packages\django\db\backends\utils.py", line 105, in _execute
    return self.cursor.execute(sql, params)
           ~~~~~~~~~~~~~~~~~~~^^^^^^^^^^^^^
  File "C:\Users\ASUS\AppData\Roaming\Python\Python314\site-packages\django\db\backends\sqlite3\base.py", line 360, in execute
    return super().execute(query, params)
           ~~~~~~~~~~~~~~~^^^^^^^^^^^^^^^
django.db.utils.IntegrityError: UNIQUE constraint failed: registrations_studentapplication.application_number
Internal Server Error: /api/auto-save/
Traceback (most recent call last):
  File "C:\Users\ASUS\AppData\Roaming\Python\Python314\site-packages\django\db\backends\utils.py", line 105, in _execute
    return self.cursor.execute(sql, params)
           ~~~~~~~~~~~~~~~~~~~^^^^^^^^^^^^^
  File "C:\Users\ASUS\AppData\Roaming\Python\Python314\site-packages\django\db\backends\sqlite3\base.py", line 360, in execute
    return super().execute(query, params)
           ~~~~~~~~~~~~~~~^^^^^^^^^^^^^^^
sqlite3.IntegrityError: UNIQUE constraint failed: registrations_studentapplication.application_number

The above exception was the direct cause of the following exception:

Traceback (most recent call last):
  File "C:\Users\ASUS\AppData\Roaming\Python\Python314\site-packages\django\core\handlers\exception.py", line 55, in inner
    response = get_response(request)
  File "C:\Users\ASUS\AppData\Roaming\Python\Python314\site-packages\django\core\handlers\base.py", line 197, in _get_response
    response = wrapped_callback(request, *callback_args, **callback_kwargs)
  File "C:\Users\ASUS\Downloads\TRAINING PROJECT\TRAINING PROJECT\registrations\views.py", line 689, in auto_save_field
    app = StudentApplication.objects.create(status=status_obj)
  File "C:\Users\ASUS\AppData\Roaming\Python\Python314\site-packages\django\db\models\manager.py", line 87, in manager_method
    return getattr(self.get_queryset(), name)(*args, **kwargs)
           ~~~~~~~~~~~~~~~~~~~~~~~~~~~~~~~~~~^^^^^^^^^^^^^^^^^
  File "C:\Users\ASUS\AppData\Roaming\Python\Python314\site-packages\django\db\models\query.py", line 665, in create
    obj.save(force_insert=True, using=self.db)
    ~~~~~~~~^^^^^^^^^^^^^^^^^^^^^^^^^^^^^^^^^^
  File "C:\Users\ASUS\AppData\Roaming\Python\Python314\site-packages\django\db\models\base.py", line 902, in save
    self.save_base(
    ~~~~~~~~~~~~~~^
        using=using,
        ^^^^^^^^^^^^
    ...<2 lines>...
        update_fields=update_fields,
        ^^^^^^^^^^^^^^^^^^^^^^^^^^^^
    )
    ^
  File "C:\Users\ASUS\AppData\Roaming\Python\Python314\site-packages\django\db\models\base.py", line 1008, in save_base
    updated = self._save_table(
        raw,
    ...<4 lines>...
        update_fields,
    )
  File "C:\Users\ASUS\AppData\Roaming\Python\Python314\site-packages\django\db\models\base.py", line 1169, in _save_table
    results = self._do_insert(
        cls._base_manager, using, fields, returning_fields, raw
    )
  File "C:\Users\ASUS\AppData\Roaming\Python\Python314\site-packages\django\db\models\base.py", line 1210, in _do_insert
    return manager._insert(
           ~~~~~~~~~~~~~~~^
        [self],
        ^^^^^^^
    ...<3 lines>...
        raw=raw,
        ^^^^^^^^
    )
    ^
  File "C:\Users\ASUS\AppData\Roaming\Python\Python314\site-packages\django\db\models\manager.py", line 87, in manager_method
    return getattr(self.get_queryset(), name)(*args, **kwargs)
           ~~~~~~~~~~~~~~~~~~~~~~~~~~~~~~~~~~^^^^^^^^^^^^^^^^^
  File "C:\Users\ASUS\AppData\Roaming\Python\Python314\site-packages\django\db\models\query.py", line 1873, in _insert
    return query.get_compiler(using=using).execute_sql(returning_fields)
           ~~~~~~~~~~~~~~~~~~~~~~~~~~~~~~~~~~~~~~~~~~~^^^^^^^^^^^^^^^^^^
  File "C:\Users\ASUS\AppData\Roaming\Python\Python314\site-packages\django\db\models\sql\compiler.py", line 1882, in execute_sql
    cursor.execute(sql, params)
    ~~~~~~~~~~~~~~^^^^^^^^^^^^^
  File "C:\Users\ASUS\AppData\Roaming\Python\Python314\site-packages\django\db\backends\utils.py", line 122, in execute
    return super().execute(sql, params)
           ~~~~~~~~~~~~~~~^^^^^^^^^^^^^
  File "C:\Users\ASUS\AppData\Roaming\Python\Python314\site-packages\django\db\backends\utils.py", line 79, in execute
    return self._execute_with_wrappers(
           ~~~~~~~~~~~~~~~~~~~~~~~~~~~^
        sql, params, many=False, executor=self._execute
        ^^^^^^^^^^^^^^^^^^^^^^^^^^^^^^^^^^^^^^^^^^^^^^^
    )
    ^
  File "C:\Users\ASUS\AppData\Roaming\Python\Python314\site-packages\django\db\backends\utils.py", line 92, in _execute_with_wrappers
    return executor(sql, params, many, context)
  File "C:\Users\ASUS\AppData\Roaming\Python\Python314\site-packages\django\db\backends\utils.py", line 100, in _execute
    with self.db.wrap_database_errors:
         ^^^^^^^^^^^^^^^^^^^^^^^^^^^^
  File "C:\Users\ASUS\AppData\Roaming\Python\Python314\site-packages\django\db\utils.py", line 91, in __exit__
    raise dj_exc_value.with_traceback(traceback) from exc_value
  File "C:\Users\ASUS\AppData\Roaming\Python\Python314\site-packages\django\db\backends\utils.py", line 105, in _execute
    return self.cursor.execute(sql, params)
           ~~~~~~~~~~~~~~~~~~~^^^^^^^^^^^^^
  File "C:\Users\ASUS\AppData\Roaming\Python\Python314\site-packages\django\db\backends\sqlite3\base.py", line 360, in execute
    return super().execute(query, params)
           ~~~~~~~~~~~~~~~^^^^^^^^^^^^^^^
django.db.utils.IntegrityError: UNIQUE constraint failed: registrations_studentapplication.application_number
Internal Server Error: /api/auto-save/
Traceback (most recent call last):
  File "C:\Users\ASUS\AppData\Roaming\Python\Python314\site-packages\django\db\backends\utils.py", line 105, in _execute
    return self.cursor.execute(sql, params)
           ~~~~~~~~~~~~~~~~~~~^^^^^^^^^^^^^
  File "C:\Users\ASUS\AppData\Roaming\Python\Python314\site-packages\django\db\backends\sqlite3\base.py", line 360, in execute
    return super().execute(query, params)
           ~~~~~~~~~~~~~~~^^^^^^^^^^^^^^^
sqlite3.IntegrityError: UNIQUE constraint failed: registrations_studentapplication.application_number

The above exception was the direct cause of the following exception:

Traceback (most recent call last):
  File "C:\Users\ASUS\AppData\Roaming\Python\Python314\site-packages\django\core\handlers\exception.py", line 55, in inner
    response = get_response(request)
  File "C:\Users\ASUS\AppData\Roaming\Python\Python314\site-packages\django\core\handlers\base.py", line 197, in _get_response
    response = wrapped_callback(request, *callback_args, **callback_kwargs)
  File "C:\Users\ASUS\Downloads\TRAINING PROJECT\TRAINING PROJECT\registrations\views.py", line 689, in auto_save_field
    app = StudentApplication.objects.create(status=status_obj)
  File "C:\Users\ASUS\AppData\Roaming\Python\Python314\site-packages\django\db\models\manager.py", line 87, in manager_method
    return getattr(self.get_queryset(), name)(*args, **kwargs)
           ~~~~~~~~~~~~~~~~~~~~~~~~~~~~~~~~~~^^^^^^^^^^^^^^^^^
  File "C:\Users\ASUS\AppData\Roaming\Python\Python314\site-packages\django\db\models\query.py", line 665, in create
    obj.save(force_insert=True, using=self.db)
    ~~~~~~~~^^^^^^^^^^^^^^^^^^^^^^^^^^^^^^^^^^
  File "C:\Users\ASUS\AppData\Roaming\Python\Python314\site-packages\django\db\models\base.py", line 902, in save
    self.save_base(
    ~~~~~~~~~~~~~~^
        using=using,
        ^^^^^^^^^^^^
    ...<2 lines>...
        update_fields=update_fields,
        ^^^^^^^^^^^^^^^^^^^^^^^^^^^^
    )
    ^
  File "C:\Users\ASUS\AppData\Roaming\Python\Python314\site-packages\django\db\models\base.py", line 1008, in save_base
    updated = self._save_table(
        raw,
    ...<4 lines>...
        update_fields,
    )
  File "C:\Users\ASUS\AppData\Roaming\Python\Python314\site-packages\django\db\models\base.py", line 1169, in _save_table
    results = self._do_insert(
        cls._base_manager, using, fields, returning_fields, raw
    )
  File "C:\Users\ASUS\AppData\Roaming\Python\Python314\site-packages\django\db\models\base.py", line 1210, in _do_insert
    return manager._insert(
           ~~~~~~~~~~~~~~~^
        [self],
        ^^^^^^^
    ...<3 lines>...
        raw=raw,
        ^^^^^^^^
    )
    ^
  File "C:\Users\ASUS\AppData\Roaming\Python\Python314\site-packages\django\db\models\manager.py", line 87, in manager_method
    return getattr(self.get_queryset(), name)(*args, **kwargs)
           ~~~~~~~~~~~~~~~~~~~~~~~~~~~~~~~~~~^^^^^^^^^^^^^^^^^
  File "C:\Users\ASUS\AppData\Roaming\Python\Python314\site-packages\django\db\models\query.py", line 1873, in _insert
    return query.get_compiler(using=using).execute_sql(returning_fields)
           ~~~~~~~~~~~~~~~~~~~~~~~~~~~~~~~~~~~~~~~~~~~^^^^^^^^^^^^^^^^^^
  File "C:\Users\ASUS\AppData\Roaming\Python\Python314\site-packages\django\db\models\sql\compiler.py", line 1882, in execute_sql
    cursor.execute(sql, params)
    ~~~~~~~~~~~~~~^^^^^^^^^^^^^
  File "C:\Users\ASUS\AppData\Roaming\Python\Python314\site-packages\django\db\backends\utils.py", line 122, in execute
    return super().execute(sql, params)
           ~~~~~~~~~~~~~~~^^^^^^^^^^^^^
  File "C:\Users\ASUS\AppData\Roaming\Python\Python314\site-packages\django\db\backends\utils.py", line 79, in execute
    return self._execute_with_wrappers(
           ~~~~~~~~~~~~~~~~~~~~~~~~~~~^
        sql, params, many=False, executor=self._execute
        ^^^^^^^^^^^^^^^^^^^^^^^^^^^^^^^^^^^^^^^^^^^^^^^
    )
    ^
  File "C:\Users\ASUS\AppData\Roaming\Python\Python314\site-packages\django\db\backends\utils.py", line 92, in _execute_with_wrappers
    return executor(sql, params, many, context)
  File "C:\Users\ASUS\AppData\Roaming\Python\Python314\site-packages\django\db\backends\utils.py", line 100, in _execute
    with self.db.wrap_database_errors:
         ^^^^^^^^^^^^^^^^^^^^^^^^^^^^
  File "C:\Users\ASUS\AppData\Roaming\Python\Python314\site-packages\django\db\utils.py", line 91, in __exit__
    raise dj_exc_value.with_traceback(traceback) from exc_value
  File "C:\Users\ASUS\AppData\Roaming\Python\Python314\site-packages\django\db\backends\utils.py", line 105, in _execute
    return self.cursor.execute(sql, params)
           ~~~~~~~~~~~~~~~~~~~^^^^^^^^^^^^^
  File "C:\Users\ASUS\AppData\Roaming\Python\Python314\site-packages\django\db\backends\sqlite3\base.py", line 360, in execute
    return super().execute(query, params)
           ~~~~~~~~~~~~~~~^^^^^^^^^^^^^^^
django.db.utils.IntegrityError: UNIQUE constraint failed: registrations_studentapplication.application_number
Internal Server Error: /api/auto-save/
Traceback (most recent call last):
  File "C:\Users\ASUS\AppData\Roaming\Python\Python314\site-packages\django\db\backends\utils.py", line 105, in _execute
    return self.cursor.execute(sql, params)
           ~~~~~~~~~~~~~~~~~~~^^^^^^^^^^^^^
  File "C:\Users\ASUS\AppData\Roaming\Python\Python314\site-packages\django\db\backends\sqlite3\base.py", line 360, in execute
    return super().execute(query, params)
           ~~~~~~~~~~~~~~~^^^^^^^^^^^^^^^
sqlite3.IntegrityError: UNIQUE constraint failed: registrations_studentapplication.application_number

The above exception was the direct cause of the following exception:

Traceback (most recent call last):
  File "C:\Users\ASUS\AppData\Roaming\Python\Python314\site-packages\django\core\handlers\exception.py", line 55, in inner
    response = get_response(request)
  File "C:\Users\ASUS\AppData\Roaming\Python\Python314\site-packages\django\core\handlers\base.py", line 197, in _get_response
    response = wrapped_callback(request, *callback_args, **callback_kwargs)
  File "C:\Users\ASUS\Downloads\TRAINING PROJECT\TRAINING PROJECT\registrations\views.py", line 689, in auto_save_field
    app = StudentApplication.objects.create(status=status_obj)
  File "C:\Users\ASUS\AppData\Roaming\Python\Python314\site-packages\django\db\models\manager.py", line 87, in manager_method
    return getattr(self.get_queryset(), name)(*args, **kwargs)
           ~~~~~~~~~~~~~~~~~~~~~~~~~~~~~~~~~~^^^^^^^^^^^^^^^^^
  File "C:\Users\ASUS\AppData\Roaming\Python\Python314\site-packages\django\db\models\query.py", line 665, in create
    obj.save(force_insert=True, using=self.db)
    ~~~~~~~~^^^^^^^^^^^^^^^^^^^^^^^^^^^^^^^^^^
  File "C:\Users\ASUS\AppData\Roaming\Python\Python314\site-packages\django\db\models\base.py", line 902, in save
    self.save_base(
    ~~~~~~~~~~~~~~^
        using=using,
        ^^^^^^^^^^^^
    ...<2 lines>...
        update_fields=update_fields,
        ^^^^^^^^^^^^^^^^^^^^^^^^^^^^
    )
    ^
  File "C:\Users\ASUS\AppData\Roaming\Python\Python314\site-packages\django\db\models\base.py", line 1008, in save_base
    updated = self._save_table(
        raw,
    ...<4 lines>...
        update_fields,
    )
  File "C:\Users\ASUS\AppData\Roaming\Python\Python314\site-packages\django\db\models\base.py", line 1169, in _save_table
    results = self._do_insert(
        cls._base_manager, using, fields, returning_fields, raw
    )
  File "C:\Users\ASUS\AppData\Roaming\Python\Python314\site-packages\django\db\models\base.py", line 1210, in _do_insert
    return manager._insert(
           ~~~~~~~~~~~~~~~^
        [self],
        ^^^^^^^
    ...<3 lines>...
        raw=raw,
        ^^^^^^^^
    )
    ^
  File "C:\Users\ASUS\AppData\Roaming\Python\Python314\site-packages\django\db\models\manager.py", line 87, in manager_method
    return getattr(self.get_queryset(), name)(*args, **kwargs)
           ~~~~~~~~~~~~~~~~~~~~~~~~~~~~~~~~~~^^^^^^^^^^^^^^^^^
  File "C:\Users\ASUS\AppData\Roaming\Python\Python314\site-packages\django\db\models\query.py", line 1873, in _insert
    return query.get_compiler(using=using).execute_sql(returning_fields)
           ~~~~~~~~~~~~~~~~~~~~~~~~~~~~~~~~~~~~~~~~~~~^^^^^^^^^^^^^^^^^^
  File "C:\Users\ASUS\AppData\Roaming\Python\Python314\site-packages\django\db\models\sql\compiler.py", line 1882, in execute_sql
    cursor.execute(sql, params)
    ~~~~~~~~~~~~~~^^^^^^^^^^^^^
  File "C:\Users\ASUS\AppData\Roaming\Python\Python314\site-packages\django\db\backends\utils.py", line 122, in execute
    return super().execute(sql, params)
           ~~~~~~~~~~~~~~~^^^^^^^^^^^^^
  File "C:\Users\ASUS\AppData\Roaming\Python\Python314\site-packages\django\db\backends\utils.py", line 79, in execute
    return self._execute_with_wrappers(
           ~~~~~~~~~~~~~~~~~~~~~~~~~~~^
        sql, params, many=False, executor=self._execute
        ^^^^^^^^^^^^^^^^^^^^^^^^^^^^^^^^^^^^^^^^^^^^^^^
    )
    ^
  File "C:\Users\ASUS\AppData\Roaming\Python\Python314\site-packages\django\db\backends\utils.py", line 92, in _execute_with_wrappers
    return executor(sql, params, many, context)
  File "C:\Users\ASUS\AppData\Roaming\Python\Python314\site-packages\django\db\backends\utils.py", line 100, in _execute
    with self.db.wrap_database_errors:
         ^^^^^^^^^^^^^^^^^^^^^^^^^^^^
  File "C:\Users\ASUS\AppData\Roaming\Python\Python314\site-packages\django\db\utils.py", line 91, in __exit__
    raise dj_exc_value.with_traceback(traceback) from exc_value
  File "C:\Users\ASUS\AppData\Roaming\Python\Python314\site-packages\django\db\backends\utils.py", line 105, in _execute
    return self.cursor.execute(sql, params)
           ~~~~~~~~~~~~~~~~~~~^^^^^^^^^^^^^
  File "C:\Users\ASUS\AppData\Roaming\Python\Python314\site-packages\django\db\backends\sqlite3\base.py", line 360, in execute
    return super().execute(query, params)
           ~~~~~~~~~~~~~~~^^^^^^^^^^^^^^^
django.db.utils.IntegrityError: UNIQUE constraint failed: registrations_studentapplication.application_number
Internal Server Error: /api/auto-save/
Traceback (most recent call last):
  File "C:\Users\ASUS\AppData\Roaming\Python\Python314\site-packages\django\db\backends\utils.py", line 105, in _execute
    return self.cursor.execute(sql, params)
           ~~~~~~~~~~~~~~~~~~~^^^^^^^^^^^^^
  File "C:\Users\ASUS\AppData\Roaming\Python\Python314\site-packages\django\db\backends\sqlite3\base.py", line 360, in execute
    return super().execute(query, params)
           ~~~~~~~~~~~~~~~^^^^^^^^^^^^^^^
sqlite3.IntegrityError: UNIQUE constraint failed: registrations_studentapplication.application_number

The above exception was the direct cause of the following exception:

Traceback (most recent call last):
  File "C:\Users\ASUS\AppData\Roaming\Python\Python314\site-packages\django\core\handlers\exception.py", line 55, in inner
    response = get_response(request)
  File "C:\Users\ASUS\AppData\Roaming\Python\Python314\site-packages\django\core\handlers\base.py", line 197, in _get_response
    response = wrapped_callback(request, *callback_args, **callback_kwargs)
  File "C:\Users\ASUS\Downloads\TRAINING PROJECT\TRAINING PROJECT\registrations\views.py", line 689, in auto_save_field
    app = StudentApplication.objects.create(status=status_obj)
  File "C:\Users\ASUS\AppData\Roaming\Python\Python314\site-packages\django\db\models\manager.py", line 87, in manager_method
    return getattr(self.get_queryset(), name)(*args, **kwargs)
           ~~~~~~~~~~~~~~~~~~~~~~~~~~~~~~~~~~^^^^^^^^^^^^^^^^^
  File "C:\Users\ASUS\AppData\Roaming\Python\Python314\site-packages\django\db\models\query.py", line 665, in create
    obj.save(force_insert=True, using=self.db)
    ~~~~~~~~^^^^^^^^^^^^^^^^^^^^^^^^^^^^^^^^^^
  File "C:\Users\ASUS\AppData\Roaming\Python\Python314\site-packages\django\db\models\base.py", line 902, in save
    self.save_base(
    ~~~~~~~~~~~~~~^
        using=using,
        ^^^^^^^^^^^^
    ...<2 lines>...
        update_fields=update_fields,
        ^^^^^^^^^^^^^^^^^^^^^^^^^^^^
    )
    ^
  File "C:\Users\ASUS\AppData\Roaming\Python\Python314\site-packages\django\db\models\base.py", line 1008, in save_base
    updated = self._save_table(
        raw,
    ...<4 lines>...
        update_fields,
    )
  File "C:\Users\ASUS\AppData\Roaming\Python\Python314\site-packages\django\db\models\base.py", line 1169, in _save_table
    results = self._do_insert(
        cls._base_manager, using, fields, returning_fields, raw
    )
  File "C:\Users\ASUS\AppData\Roaming\Python\Python314\site-packages\django\db\models\base.py", line 1210, in _do_insert
    return manager._insert(
           ~~~~~~~~~~~~~~~^
        [self],
        ^^^^^^^
    ...<3 lines>...
        raw=raw,
        ^^^^^^^^
    )
    ^
  File "C:\Users\ASUS\AppData\Roaming\Python\Python314\site-packages\django\db\models\manager.py", line 87, in manager_method
    return getattr(self.get_queryset(), name)(*args, **kwargs)
           ~~~~~~~~~~~~~~~~~~~~~~~~~~~~~~~~~~^^^^^^^^^^^^^^^^^
  File "C:\Users\ASUS\AppData\Roaming\Python\Python314\site-packages\django\db\models\query.py", line 1873, in _insert
    return query.get_compiler(using=using).execute_sql(returning_fields)
           ~~~~~~~~~~~~~~~~~~~~~~~~~~~~~~~~~~~~~~~~~~~^^^^^^^^^^^^^^^^^^
  File "C:\Users\ASUS\AppData\Roaming\Python\Python314\site-packages\django\db\models\sql\compiler.py", line 1882, in execute_sql
    cursor.execute(sql, params)
    ~~~~~~~~~~~~~~^^^^^^^^^^^^^
  File "C:\Users\ASUS\AppData\Roaming\Python\Python314\site-packages\django\db\backends\utils.py", line 122, in execute
    return super().execute(sql, params)
           ~~~~~~~~~~~~~~~^^^^^^^^^^^^^
  File "C:\Users\ASUS\AppData\Roaming\Python\Python314\site-packages\django\db\backends\utils.py", line 79, in execute
    return self._execute_with_wrappers(
           ~~~~~~~~~~~~~~~~~~~~~~~~~~~^
        sql, params, many=False, executor=self._execute
        ^^^^^^^^^^^^^^^^^^^^^^^^^^^^^^^^^^^^^^^^^^^^^^^
    )
    ^
  File "C:\Users\ASUS\AppData\Roaming\Python\Python314\site-packages\django\db\backends\utils.py", line 92, in _execute_with_wrappers
    return executor(sql, params, many, context)
  File "C:\Users\ASUS\AppData\Roaming\Python\Python314\site-packages\django\db\backends\utils.py", line 100, in _execute
    with self.db.wrap_database_errors:
         ^^^^^^^^^^^^^^^^^^^^^^^^^^^^
  File "C:\Users\ASUS\AppData\Roaming\Python\Python314\site-packages\django\db\utils.py", line 91, in __exit__
    raise dj_exc_value.with_traceback(traceback) from exc_value
  File "C:\Users\ASUS\AppData\Roaming\Python\Python314\site-packages\django\db\backends\utils.py", line 105, in _execute
    return self.cursor.execute(sql, params)
           ~~~~~~~~~~~~~~~~~~~^^^^^^^^^^^^^
  File "C:\Users\ASUS\AppData\Roaming\Python\Python314\site-packages\django\db\backends\sqlite3\base.py", line 360, in execute
    return super().execute(query, params)
           ~~~~~~~~~~~~~~~^^^^^^^^^^^^^^^
django.db.utils.IntegrityError: UNIQUE constraint failed: registrations_studentapplication.application_number
Internal Server Error: /api/auto-save/
Traceback (most recent call last):
  File "C:\Users\ASUS\AppData\Roaming\Python\Python314\site-packages\django\db\backends\utils.py", line 105, in _execute
    return self.cursor.execute(sql, params)
           ~~~~~~~~~~~~~~~~~~~^^^^^^^^^^^^^
  File "C:\Users\ASUS\AppData\Roaming\Python\Python314\site-packages\django\db\backends\sqlite3\base.py", line 360, in execute
    return super().execute(query, params)
           ~~~~~~~~~~~~~~~^^^^^^^^^^^^^^^
sqlite3.IntegrityError: UNIQUE constraint failed: registrations_studentapplication.application_number

The above exception was the direct cause of the following exception:

Traceback (most recent call last):
  File "C:\Users\ASUS\AppData\Roaming\Python\Python314\site-packages\django\core\handlers\exception.py", line 55, in inner
    response = get_response(request)
  File "C:\Users\ASUS\AppData\Roaming\Python\Python314\site-packages\django\core\handlers\base.py", line 197, in _get_response
    response = wrapped_callback(request, *callback_args, **callback_kwargs)
  File "C:\Users\ASUS\Downloads\TRAINING PROJECT\TRAINING PROJECT\registrations\views.py", line 689, in auto_save_field
    app = StudentApplication.objects.create(status=status_obj)
  File "C:\Users\ASUS\AppData\Roaming\Python\Python314\site-packages\django\db\models\manager.py", line 87, in manager_method
    return getattr(self.get_queryset(), name)(*args, **kwargs)
           ~~~~~~~~~~~~~~~~~~~~~~~~~~~~~~~~~~^^^^^^^^^^^^^^^^^
  File "C:\Users\ASUS\AppData\Roaming\Python\Python314\site-packages\django\db\models\query.py", line 665, in create
    obj.save(force_insert=True, using=self.db)
    ~~~~~~~~^^^^^^^^^^^^^^^^^^^^^^^^^^^^^^^^^^
  File "C:\Users\ASUS\AppData\Roaming\Python\Python314\site-packages\django\db\models\base.py", line 902, in save
    self.save_base(
    ~~~~~~~~~~~~~~^
        using=using,
        ^^^^^^^^^^^^
    ...<2 lines>...
        update_fields=update_fields,
        ^^^^^^^^^^^^^^^^^^^^^^^^^^^^
    )
    ^
  File "C:\Users\ASUS\AppData\Roaming\Python\Python314\site-packages\django\db\models\base.py", line 1008, in save_base
    updated = self._save_table(
        raw,
    ...<4 lines>...
        update_fields,
    )
  File "C:\Users\ASUS\AppData\Roaming\Python\Python314\site-packages\django\db\models\base.py", line 1169, in _save_table
    results = self._do_insert(
        cls._base_manager, using, fields, returning_fields, raw
    )
  File "C:\Users\ASUS\AppData\Roaming\Python\Python314\site-packages\django\db\models\base.py", line 1210, in _do_insert
    return manager._insert(
           ~~~~~~~~~~~~~~~^
        [self],
        ^^^^^^^
    ...<3 lines>...
        raw=raw,
        ^^^^^^^^
    )
    ^
  File "C:\Users\ASUS\AppData\Roaming\Python\Python314\site-packages\django\db\models\manager.py", line 87, in manager_method
    return getattr(self.get_queryset(), name)(*args, **kwargs)
           ~~~~~~~~~~~~~~~~~~~~~~~~~~~~~~~~~~^^^^^^^^^^^^^^^^^
  File "C:\Users\ASUS\AppData\Roaming\Python\Python314\site-packages\django\db\models\query.py", line 1873, in _insert
    return query.get_compiler(using=using).execute_sql(returning_fields)
           ~~~~~~~~~~~~~~~~~~~~~~~~~~~~~~~~~~~~~~~~~~~^^^^^^^^^^^^^^^^^^
  File "C:\Users\ASUS\AppData\Roaming\Python\Python314\site-packages\django\db\models\sql\compiler.py", line 1882, in execute_sql
    cursor.execute(sql, params)
    ~~~~~~~~~~~~~~^^^^^^^^^^^^^
  File "C:\Users\ASUS\AppData\Roaming\Python\Python314\site-packages\django\db\backends\utils.py", line 122, in execute
    return super().execute(sql, params)
           ~~~~~~~~~~~~~~~^^^^^^^^^^^^^
  File "C:\Users\ASUS\AppData\Roaming\Python\Python314\site-packages\django\db\backends\utils.py", line 79, in execute
    return self._execute_with_wrappers(
           ~~~~~~~~~~~~~~~~~~~~~~~~~~~^
        sql, params, many=False, executor=self._execute
        ^^^^^^^^^^^^^^^^^^^^^^^^^^^^^^^^^^^^^^^^^^^^^^^
    )
    ^
  File "C:\Users\ASUS\AppData\Roaming\Python\Python314\site-packages\django\db\backends\utils.py", line 92, in _execute_with_wrappers
    return executor(sql, params, many, context)
  File "C:\Users\ASUS\AppData\Roaming\Python\Python314\site-packages\django\db\backends\utils.py", line 100, in _execute
    with self.db.wrap_database_errors:
         ^^^^^^^^^^^^^^^^^^^^^^^^^^^^
  File "C:\Users\ASUS\AppData\Roaming\Python\Python314\site-packages\django\db\utils.py", line 91, in __exit__
    raise dj_exc_value.with_traceback(traceback) from exc_value
  File "C:\Users\ASUS\AppData\Roaming\Python\Python314\site-packages\django\db\backends\utils.py", line 105, in _execute
    return self.cursor.execute(sql, params)
           ~~~~~~~~~~~~~~~~~~~^^^^^^^^^^^^^
  File "C:\Users\ASUS\AppData\Roaming\Python\Python314\site-packages\django\db\backends\sqlite3\base.py", line 360, in execute
    return super().execute(query, params)
           ~~~~~~~~~~~~~~~^^^^^^^^^^^^^^^
django.db.utils.IntegrityError: UNIQUE constraint failed: registrations_studentapplication.application_number
Internal Server Error: /api/auto-save/
Traceback (most recent call last):
  File "C:\Users\ASUS\AppData\Roaming\Python\Python314\site-packages\django\db\backends\utils.py", line 105, in _execute
    return self.cursor.execute(sql, params)
           ~~~~~~~~~~~~~~~~~~~^^^^^^^^^^^^^
  File "C:\Users\ASUS\AppData\Roaming\Python\Python314\site-packages\django\db\backends\sqlite3\base.py", line 360, in execute
    return super().execute(query, params)
           ~~~~~~~~~~~~~~~^^^^^^^^^^^^^^^
sqlite3.IntegrityError: UNIQUE constraint failed: registrations_studentapplication.application_number

The above exception was the direct cause of the following exception:

Traceback (most recent call last):
  File "C:\Users\ASUS\AppData\Roaming\Python\Python314\site-packages\django\core\handlers\exception.py", line 55, in inner
    response = get_response(request)
  File "C:\Users\ASUS\AppData\Roaming\Python\Python314\site-packages\django\core\handlers\base.py", line 197, in _get_response
    response = wrapped_callback(request, *callback_args, **callback_kwargs)
  File "C:\Users\ASUS\Downloads\TRAINING PROJECT\TRAINING PROJECT\registrations\views.py", line 689, in auto_save_field
    app = StudentApplication.objects.create(status=status_obj)
  File "C:\Users\ASUS\AppData\Roaming\Python\Python314\site-packages\django\db\models\manager.py", line 87, in manager_method
    return getattr(self.get_queryset(), name)(*args, **kwargs)
           ~~~~~~~~~~~~~~~~~~~~~~~~~~~~~~~~~~^^^^^^^^^^^^^^^^^
  File "C:\Users\ASUS\AppData\Roaming\Python\Python314\site-packages\django\db\models\query.py", line 665, in create
    obj.save(force_insert=True, using=self.db)
    ~~~~~~~~^^^^^^^^^^^^^^^^^^^^^^^^^^^^^^^^^^
  File "C:\Users\ASUS\AppData\Roaming\Python\Python314\site-packages\django\db\models\base.py", line 902, in save
    self.save_base(
    ~~~~~~~~~~~~~~^
        using=using,
        ^^^^^^^^^^^^
    ...<2 lines>...
        update_fields=update_fields,
        ^^^^^^^^^^^^^^^^^^^^^^^^^^^^
    )
    ^
  File "C:\Users\ASUS\AppData\Roaming\Python\Python314\site-packages\django\db\models\base.py", line 1008, in save_base
    updated = self._save_table(
        raw,
    ...<4 lines>...
        update_fields,
    )
  File "C:\Users\ASUS\AppData\Roaming\Python\Python314\site-packages\django\db\models\base.py", line 1169, in _save_table
    results = self._do_insert(
        cls._base_manager, using, fields, returning_fields, raw
    )
  File "C:\Users\ASUS\AppData\Roaming\Python\Python314\site-packages\django\db\models\base.py", line 1210, in _do_insert
    return manager._insert(
           ~~~~~~~~~~~~~~~^
        [self],
        ^^^^^^^
    ...<3 lines>...
        raw=raw,
        ^^^^^^^^
    )
    ^
  File "C:\Users\ASUS\AppData\Roaming\Python\Python314\site-packages\django\db\models\manager.py", line 87, in manager_method
    return getattr(self.get_queryset(), name)(*args, **kwargs)
           ~~~~~~~~~~~~~~~~~~~~~~~~~~~~~~~~~~^^^^^^^^^^^^^^^^^
  File "C:\Users\ASUS\AppData\Roaming\Python\Python314\site-packages\django\db\models\query.py", line 1873, in _insert
    return query.get_compiler(using=using).execute_sql(returning_fields)
           ~~~~~~~~~~~~~~~~~~~~~~~~~~~~~~~~~~~~~~~~~~~^^^^^^^^^^^^^^^^^^
  File "C:\Users\ASUS\AppData\Roaming\Python\Python314\site-packages\django\db\models\sql\compiler.py", line 1882, in execute_sql
    cursor.execute(sql, params)
    ~~~~~~~~~~~~~~^^^^^^^^^^^^^
  File "C:\Users\ASUS\AppData\Roaming\Python\Python314\site-packages\django\db\backends\utils.py", line 122, in execute
    return super().execute(sql, params)
           ~~~~~~~~~~~~~~~^^^^^^^^^^^^^
  File "C:\Users\ASUS\AppData\Roaming\Python\Python314\site-packages\django\db\backends\utils.py", line 79, in execute
    return self._execute_with_wrappers(
           ~~~~~~~~~~~~~~~~~~~~~~~~~~~^
        sql, params, many=False, executor=self._execute
        ^^^^^^^^^^^^^^^^^^^^^^^^^^^^^^^^^^^^^^^^^^^^^^^
    )
    ^
  File "C:\Users\ASUS\AppData\Roaming\Python\Python314\site-packages\django\db\backends\utils.py", line 92, in _execute_with_wrappers
    return executor(sql, params, many, context)
  File "C:\Users\ASUS\AppData\Roaming\Python\Python314\site-packages\django\db\backends\utils.py", line 100, in _execute
    with self.db.wrap_database_errors:
         ^^^^^^^^^^^^^^^^^^^^^^^^^^^^
  File "C:\Users\ASUS\AppData\Roaming\Python\Python314\site-packages\django\db\utils.py", line 91, in __exit__
    raise dj_exc_value.with_traceback(traceback) from exc_value
  File "C:\Users\ASUS\AppData\Roaming\Python\Python314\site-packages\django\db\backends\utils.py", line 105, in _execute
    return self.cursor.execute(sql, params)
           ~~~~~~~~~~~~~~~~~~~^^^^^^^^^^^^^
  File "C:\Users\ASUS\AppData\Roaming\Python\Python314\site-packages\django\db\backends\sqlite3\base.py", line 360, in execute
    return super().execute(query, params)
           ~~~~~~~~~~~~~~~^^^^^^^^^^^^^^^
django.db.utils.IntegrityError: UNIQUE constraint failed: registrations_studentapplication.application_number
Internal Server Error: /api/auto-save/
Traceback (most recent call last):
  File "C:\Users\ASUS\AppData\Roaming\Python\Python314\site-packages\django\db\backends\utils.py", line 105, in _execute
    return self.cursor.execute(sql, params)
           ~~~~~~~~~~~~~~~~~~~^^^^^^^^^^^^^
  File "C:\Users\ASUS\AppData\Roaming\Python\Python314\site-packages\django\db\backends\sqlite3\base.py", line 360, in execute
    return super().execute(query, params)
           ~~~~~~~~~~~~~~~^^^^^^^^^^^^^^^
sqlite3.IntegrityError: UNIQUE constraint failed: registrations_studentapplication.application_number

The above exception was the direct cause of the following exception:

Traceback (most recent call last):
  File "C:\Users\ASUS\AppData\Roaming\Python\Python314\site-packages\django\core\handlers\exception.py", line 55, in inner
    response = get_response(request)
  File "C:\Users\ASUS\AppData\Roaming\Python\Python314\site-packages\django\core\handlers\base.py", line 197, in _get_response
    response = wrapped_callback(request, *callback_args, **callback_kwargs)
  File "C:\Users\ASUS\Downloads\TRAINING PROJECT\TRAINING PROJECT\registrations\views.py", line 689, in auto_save_field
    app = StudentApplication.objects.create(status=status_obj)
  File "C:\Users\ASUS\AppData\Roaming\Python\Python314\site-packages\django\db\models\manager.py", line 87, in manager_method
    return getattr(self.get_queryset(), name)(*args, **kwargs)
           ~~~~~~~~~~~~~~~~~~~~~~~~~~~~~~~~~~^^^^^^^^^^^^^^^^^
  File "C:\Users\ASUS\AppData\Roaming\Python\Python314\site-packages\django\db\models\query.py", line 665, in create
    obj.save(force_insert=True, using=self.db)
    ~~~~~~~~^^^^^^^^^^^^^^^^^^^^^^^^^^^^^^^^^^
  File "C:\Users\ASUS\AppData\Roaming\Python\Python314\site-packages\django\db\models\base.py", line 902, in save
    self.save_base(
    ~~~~~~~~~~~~~~^
        using=using,
        ^^^^^^^^^^^^
    ...<2 lines>...
        update_fields=update_fields,
        ^^^^^^^^^^^^^^^^^^^^^^^^^^^^
    )
    ^
  File "C:\Users\ASUS\AppData\Roaming\Python\Python314\site-packages\django\db\models\base.py", line 1008, in save_base
    updated = self._save_table(
        raw,
    ...<4 lines>...
        update_fields,
    )
  File "C:\Users\ASUS\AppData\Roaming\Python\Python314\site-packages\django\db\models\base.py", line 1169, in _save_table
    results = self._do_insert(
        cls._base_manager, using, fields, returning_fields, raw
    )
  File "C:\Users\ASUS\AppData\Roaming\Python\Python314\site-packages\django\db\models\base.py", line 1210, in _do_insert
    return manager._insert(
           ~~~~~~~~~~~~~~~^
        [self],
        ^^^^^^^
    ...<3 lines>...
        raw=raw,
        ^^^^^^^^
    )
    ^
  File "C:\Users\ASUS\AppData\Roaming\Python\Python314\site-packages\django\db\models\manager.py", line 87, in manager_method
    return getattr(self.get_queryset(), name)(*args, **kwargs)
           ~~~~~~~~~~~~~~~~~~~~~~~~~~~~~~~~~~^^^^^^^^^^^^^^^^^
  File "C:\Users\ASUS\AppData\Roaming\Python\Python314\site-packages\django\db\models\query.py", line 1873, in _insert
    return query.get_compiler(using=using).execute_sql(returning_fields)
           ~~~~~~~~~~~~~~~~~~~~~~~~~~~~~~~~~~~~~~~~~~~^^^^^^^^^^^^^^^^^^
  File "C:\Users\ASUS\AppData\Roaming\Python\Python314\site-packages\django\db\models\sql\compiler.py", line 1882, in execute_sql
    cursor.execute(sql, params)
    ~~~~~~~~~~~~~~^^^^^^^^^^^^^
  File "C:\Users\ASUS\AppData\Roaming\Python\Python314\site-packages\django\db\backends\utils.py", line 122, in execute
    return super().execute(sql, params)
           ~~~~~~~~~~~~~~~^^^^^^^^^^^^^
  File "C:\Users\ASUS\AppData\Roaming\Python\Python314\site-packages\django\db\backends\utils.py", line 79, in execute
    return self._execute_with_wrappers(
           ~~~~~~~~~~~~~~~~~~~~~~~~~~~^
        sql, params, many=False, executor=self._execute
        ^^^^^^^^^^^^^^^^^^^^^^^^^^^^^^^^^^^^^^^^^^^^^^^
    )
    ^
  File "C:\Users\ASUS\AppData\Roaming\Python\Python314\site-packages\django\db\backends\utils.py", line 92, in _execute_with_wrappers
    return executor(sql, params, many, context)
  File "C:\Users\ASUS\AppData\Roaming\Python\Python314\site-packages\django\db\backends\utils.py", line 100, in _execute
    with self.db.wrap_database_errors:
         ^^^^^^^^^^^^^^^^^^^^^^^^^^^^
  File "C:\Users\ASUS\AppData\Roaming\Python\Python314\site-packages\django\db\utils.py", line 91, in __exit__
    raise dj_exc_value.with_traceback(traceback) from exc_value
  File "C:\Users\ASUS\AppData\Roaming\Python\Python314\site-packages\django\db\backends\utils.py", line 105, in _execute
    return self.cursor.execute(sql, params)
           ~~~~~~~~~~~~~~~~~~~^^^^^^^^^^^^^
  File "C:\Users\ASUS\AppData\Roaming\Python\Python314\site-packages\django\db\backends\sqlite3\base.py", line 360, in execute
    return super().execute(query, params)
           ~~~~~~~~~~~~~~~^^^^^^^^^^^^^^^
django.db.utils.IntegrityError: UNIQUE constraint failed: registrations_studentapplication.application_number
Internal Server Error: /api/auto-save/
Traceback (most recent call last):
  File "C:\Users\ASUS\AppData\Roaming\Python\Python314\site-packages\django\db\backends\utils.py", line 105, in _execute
    return self.cursor.execute(sql, params)
           ~~~~~~~~~~~~~~~~~~~^^^^^^^^^^^^^
  File "C:\Users\ASUS\AppData\Roaming\Python\Python314\site-packages\django\db\backends\sqlite3\base.py", line 360, in execute
    return super().execute(query, params)
           ~~~~~~~~~~~~~~~^^^^^^^^^^^^^^^
sqlite3.IntegrityError: UNIQUE constraint failed: registrations_studentapplication.application_number

The above exception was the direct cause of the following exception:

Traceback (most recent call last):
  File "C:\Users\ASUS\AppData\Roaming\Python\Python314\site-packages\django\core\handlers\exception.py", line 55, in inner
    response = get_response(request)
  File "C:\Users\ASUS\AppData\Roaming\Python\Python314\site-packages\django\core\handlers\base.py", line 197, in _get_response
    response = wrapped_callback(request, *callback_args, **callback_kwargs)
  File "C:\Users\ASUS\Downloads\TRAINING PROJECT\TRAINING PROJECT\registrations\views.py", line 689, in auto_save_field
    app = StudentApplication.objects.create(status=status_obj)
  File "C:\Users\ASUS\AppData\Roaming\Python\Python314\site-packages\django\db\models\manager.py", line 87, in manager_method
    return getattr(self.get_queryset(), name)(*args, **kwargs)
           ~~~~~~~~~~~~~~~~~~~~~~~~~~~~~~~~~~^^^^^^^^^^^^^^^^^
  File "C:\Users\ASUS\AppData\Roaming\Python\Python314\site-packages\django\db\models\query.py", line 665, in create
    obj.save(force_insert=True, using=self.db)
    ~~~~~~~~^^^^^^^^^^^^^^^^^^^^^^^^^^^^^^^^^^
  File "C:\Users\ASUS\AppData\Roaming\Python\Python314\site-packages\django\db\models\base.py", line 902, in save
    self.save_base(
    ~~~~~~~~~~~~~~^
        using=using,
        ^^^^^^^^^^^^
    ...<2 lines>...
        update_fields=update_fields,
        ^^^^^^^^^^^^^^^^^^^^^^^^^^^^
    )
    ^
  File "C:\Users\ASUS\AppData\Roaming\Python\Python314\site-packages\django\db\models\base.py", line 1008, in save_base
    updated = self._save_table(
        raw,
    ...<4 lines>...
        update_fields,
    )
  File "C:\Users\ASUS\AppData\Roaming\Python\Python314\site-packages\django\db\models\base.py", line 1169, in _save_table
    results = self._do_insert(
        cls._base_manager, using, fields, returning_fields, raw
    )
  File "C:\Users\ASUS\AppData\Roaming\Python\Python314\site-packages\django\db\models\base.py", line 1210, in _do_insert
    return manager._insert(
           ~~~~~~~~~~~~~~~^
        [self],
        ^^^^^^^
    ...<3 lines>...
        raw=raw,
        ^^^^^^^^
    )
    ^
  File "C:\Users\ASUS\AppData\Roaming\Python\Python314\site-packages\django\db\models\manager.py", line 87, in manager_method
    return getattr(self.get_queryset(), name)(*args, **kwargs)
           ~~~~~~~~~~~~~~~~~~~~~~~~~~~~~~~~~~^^^^^^^^^^^^^^^^^
  File "C:\Users\ASUS\AppData\Roaming\Python\Python314\site-packages\django\db\models\query.py", line 1873, in _insert
    return query.get_compiler(using=using).execute_sql(returning_fields)
           ~~~~~~~~~~~~~~~~~~~~~~~~~~~~~~~~~~~~~~~~~~~^^^^^^^^^^^^^^^^^^
  File "C:\Users\ASUS\AppData\Roaming\Python\Python314\site-packages\django\db\models\sql\compiler.py", line 1882, in execute_sql
    cursor.execute(sql, params)
    ~~~~~~~~~~~~~~^^^^^^^^^^^^^
  File "C:\Users\ASUS\AppData\Roaming\Python\Python314\site-packages\django\db\backends\utils.py", line 122, in execute
    return super().execute(sql, params)
           ~~~~~~~~~~~~~~~^^^^^^^^^^^^^
  File "C:\Users\ASUS\AppData\Roaming\Python\Python314\site-packages\django\db\backends\utils.py", line 79, in execute
    return self._execute_with_wrappers(
           ~~~~~~~~~~~~~~~~~~~~~~~~~~~^
        sql, params, many=False, executor=self._execute
        ^^^^^^^^^^^^^^^^^^^^^^^^^^^^^^^^^^^^^^^^^^^^^^^
    )
    ^
  File "C:\Users\ASUS\AppData\Roaming\Python\Python314\site-packages\django\db\backends\utils.py", line 92, in _execute_with_wrappers
    return executor(sql, params, many, context)
  File "C:\Users\ASUS\AppData\Roaming\Python\Python314\site-packages\django\db\backends\utils.py", line 100, in _execute
    with self.db.wrap_database_errors:
         ^^^^^^^^^^^^^^^^^^^^^^^^^^^^
  File "C:\Users\ASUS\AppData\Roaming\Python\Python314\site-packages\django\db\utils.py", line 91, in __exit__
    raise dj_exc_value.with_traceback(traceback) from exc_value
  File "C:\Users\ASUS\AppData\Roaming\Python\Python314\site-packages\django\db\backends\utils.py", line 105, in _execute
    return self.cursor.execute(sql, params)
           ~~~~~~~~~~~~~~~~~~~^^^^^^^^^^^^^
  File "C:\Users\ASUS\AppData\Roaming\Python\Python314\site-packages\django\db\backends\sqlite3\base.py", line 360, in execute
    return super().execute(query, params)
           ~~~~~~~~~~~~~~~^^^^^^^^^^^^^^^
django.db.utils.IntegrityError: UNIQUE constraint failed: registrations_studentapplication.application_number
Internal Server Error: /api/auto-save/
Traceback (most recent call last):
  File "C:\Users\ASUS\AppData\Roaming\Python\Python314\site-packages\django\db\backends\utils.py", line 105, in _execute
    return self.cursor.execute(sql, params)
           ~~~~~~~~~~~~~~~~~~~^^^^^^^^^^^^^
  File "C:\Users\ASUS\AppData\Roaming\Python\Python314\site-packages\django\db\backends\sqlite3\base.py", line 360, in execute
    return super().execute(query, params)
           ~~~~~~~~~~~~~~~^^^^^^^^^^^^^^^
sqlite3.IntegrityError: UNIQUE constraint failed: registrations_studentapplication.application_number

The above exception was the direct cause of the following exception:

Traceback (most recent call last):
  File "C:\Users\ASUS\AppData\Roaming\Python\Python314\site-packages\django\core\handlers\exception.py", line 55, in inner
    response = get_response(request)
  File "C:\Users\ASUS\AppData\Roaming\Python\Python314\site-packages\django\core\handlers\base.py", line 197, in _get_response
    response = wrapped_callback(request, *callback_args, **callback_kwargs)
  File "C:\Users\ASUS\Downloads\TRAINING PROJECT\TRAINING PROJECT\registrations\views.py", line 689, in auto_save_field
    app = StudentApplication.objects.create(status=status_obj)
  File "C:\Users\ASUS\AppData\Roaming\Python\Python314\site-packages\django\db\models\manager.py", line 87, in manager_method
    return getattr(self.get_queryset(), name)(*args, **kwargs)
           ~~~~~~~~~~~~~~~~~~~~~~~~~~~~~~~~~~^^^^^^^^^^^^^^^^^
  File "C:\Users\ASUS\AppData\Roaming\Python\Python314\site-packages\django\db\models\query.py", line 665, in create
    obj.save(force_insert=True, using=self.db)
    ~~~~~~~~^^^^^^^^^^^^^^^^^^^^^^^^^^^^^^^^^^
  File "C:\Users\ASUS\AppData\Roaming\Python\Python314\site-packages\django\db\models\base.py", line 902, in save
    self.save_base(
    ~~~~~~~~~~~~~~^
        using=using,
        ^^^^^^^^^^^^
    ...<2 lines>...
        update_fields=update_fields,
        ^^^^^^^^^^^^^^^^^^^^^^^^^^^^
    )
    ^
  File "C:\Users\ASUS\AppData\Roaming\Python\Python314\site-packages\django\db\models\base.py", line 1008, in save_base
    updated = self._save_table(
        raw,
    ...<4 lines>...
        update_fields,
    )
  File "C:\Users\ASUS\AppData\Roaming\Python\Python314\site-packages\django\db\models\base.py", line 1169, in _save_table
    results = self._do_insert(
        cls._base_manager, using, fields, returning_fields, raw
    )
  File "C:\Users\ASUS\AppData\Roaming\Python\Python314\site-packages\django\db\models\base.py", line 1210, in _do_insert
    return manager._insert(
           ~~~~~~~~~~~~~~~^
        [self],
        ^^^^^^^
    ...<3 lines>...
        raw=raw,
        ^^^^^^^^
    )
    ^
  File "C:\Users\ASUS\AppData\Roaming\Python\Python314\site-packages\django\db\models\manager.py", line 87, in manager_method
    return getattr(self.get_queryset(), name)(*args, **kwargs)
           ~~~~~~~~~~~~~~~~~~~~~~~~~~~~~~~~~~^^^^^^^^^^^^^^^^^
  File "C:\Users\ASUS\AppData\Roaming\Python\Python314\site-packages\django\db\models\query.py", line 1873, in _insert
    return query.get_compiler(using=using).execute_sql(returning_fields)
           ~~~~~~~~~~~~~~~~~~~~~~~~~~~~~~~~~~~~~~~~~~~^^^^^^^^^^^^^^^^^^
  File "C:\Users\ASUS\AppData\Roaming\Python\Python314\site-packages\django\db\models\sql\compiler.py", line 1882, in execute_sql
    cursor.execute(sql, params)
    ~~~~~~~~~~~~~~^^^^^^^^^^^^^
  File "C:\Users\ASUS\AppData\Roaming\Python\Python314\site-packages\django\db\backends\utils.py", line 122, in execute
    return super().execute(sql, params)
           ~~~~~~~~~~~~~~~^^^^^^^^^^^^^
  File "C:\Users\ASUS\AppData\Roaming\Python\Python314\site-packages\django\db\backends\utils.py", line 79, in execute
    return self._execute_with_wrappers(
           ~~~~~~~~~~~~~~~~~~~~~~~~~~~^
        sql, params, many=False, executor=self._execute
        ^^^^^^^^^^^^^^^^^^^^^^^^^^^^^^^^^^^^^^^^^^^^^^^
    )
    ^
  File "C:\Users\ASUS\AppData\Roaming\Python\Python314\site-packages\django\db\backends\utils.py", line 92, in _execute_with_wrappers
    return executor(sql, params, many, context)
  File "C:\Users\ASUS\AppData\Roaming\Python\Python314\site-packages\django\db\backends\utils.py", line 100, in _execute
    with self.db.wrap_database_errors:
         ^^^^^^^^^^^^^^^^^^^^^^^^^^^^
  File "C:\Users\ASUS\AppData\Roaming\Python\Python314\site-packages\django\db\utils.py", line 91, in __exit__
    raise dj_exc_value.with_traceback(traceback) from exc_value
  File "C:\Users\ASUS\AppData\Roaming\Python\Python314\site-packages\django\db\backends\utils.py", line 105, in _execute
    return self.cursor.execute(sql, params)
           ~~~~~~~~~~~~~~~~~~~^^^^^^^^^^^^^
  File "C:\Users\ASUS\AppData\Roaming\Python\Python314\site-packages\django\db\backends\sqlite3\base.py", line 360, in execute
    return super().execute(query, params)
           ~~~~~~~~~~~~~~~^^^^^^^^^^^^^^^
django.db.utils.IntegrityError: UNIQUE constraint failed: registrations_studentapplication.application_number
Internal Server Error: /api/auto-save/
Traceback (most recent call last):
  File "C:\Users\ASUS\AppData\Roaming\Python\Python314\site-packages\django\db\backends\utils.py", line 105, in _execute
    return self.cursor.execute(sql, params)
           ~~~~~~~~~~~~~~~~~~~^^^^^^^^^^^^^
  File "C:\Users\ASUS\AppData\Roaming\Python\Python314\site-packages\django\db\backends\sqlite3\base.py", line 360, in execute
    return super().execute(query, params)
           ~~~~~~~~~~~~~~~^^^^^^^^^^^^^^^
sqlite3.IntegrityError: UNIQUE constraint failed: registrations_studentapplication.application_number

The above exception was the direct cause of the following exception:

Traceback (most recent call last):
  File "C:\Users\ASUS\AppData\Roaming\Python\Python314\site-packages\django\core\handlers\exception.py", line 55, in inner
    response = get_response(request)
  File "C:\Users\ASUS\AppData\Roaming\Python\Python314\site-packages\django\core\handlers\base.py", line 197, in _get_response
    response = wrapped_callback(request, *callback_args, **callback_kwargs)
  File "C:\Users\ASUS\Downloads\TRAINING PROJECT\TRAINING PROJECT\registrations\views.py", line 689, in auto_save_field
    app = StudentApplication.objects.create(status=status_obj)
  File "C:\Users\ASUS\AppData\Roaming\Python\Python314\site-packages\django\db\models\manager.py", line 87, in manager_method
    return getattr(self.get_queryset(), name)(*args, **kwargs)
           ~~~~~~~~~~~~~~~~~~~~~~~~~~~~~~~~~~^^^^^^^^^^^^^^^^^
  File "C:\Users\ASUS\AppData\Roaming\Python\Python314\site-packages\django\db\models\query.py", line 665, in create
    obj.save(force_insert=True, using=self.db)
    ~~~~~~~~^^^^^^^^^^^^^^^^^^^^^^^^^^^^^^^^^^
  File "C:\Users\ASUS\AppData\Roaming\Python\Python314\site-packages\django\db\models\base.py", line 902, in save
    self.save_base(
    ~~~~~~~~~~~~~~^
        using=using,
        ^^^^^^^^^^^^
    ...<2 lines>...
        update_fields=update_fields,
        ^^^^^^^^^^^^^^^^^^^^^^^^^^^^
    )
    ^
  File "C:\Users\ASUS\AppData\Roaming\Python\Python314\site-packages\django\db\models\base.py", line 1008, in save_base
    updated = self._save_table(
        raw,
    ...<4 lines>...
        update_fields,
    )
  File "C:\Users\ASUS\AppData\Roaming\Python\Python314\site-packages\django\db\models\base.py", line 1169, in _save_table
    results = self._do_insert(
        cls._base_manager, using, fields, returning_fields, raw
    )
  File "C:\Users\ASUS\AppData\Roaming\Python\Python314\site-packages\django\db\models\base.py", line 1210, in _do_insert
    return manager._insert(
           ~~~~~~~~~~~~~~~^
        [self],
        ^^^^^^^
    ...<3 lines>...
        raw=raw,
        ^^^^^^^^
    )
    ^
  File "C:\Users\ASUS\AppData\Roaming\Python\Python314\site-packages\django\db\models\manager.py", line 87, in manager_method
    return getattr(self.get_queryset(), name)(*args, **kwargs)
           ~~~~~~~~~~~~~~~~~~~~~~~~~~~~~~~~~~^^^^^^^^^^^^^^^^^
  File "C:\Users\ASUS\AppData\Roaming\Python\Python314\site-packages\django\db\models\query.py", line 1873, in _insert
    return query.get_compiler(using=using).execute_sql(returning_fields)
           ~~~~~~~~~~~~~~~~~~~~~~~~~~~~~~~~~~~~~~~~~~~^^^^^^^^^^^^^^^^^^
  File "C:\Users\ASUS\AppData\Roaming\Python\Python314\site-packages\django\db\models\sql\compiler.py", line 1882, in execute_sql
    cursor.execute(sql, params)
    ~~~~~~~~~~~~~~^^^^^^^^^^^^^
  File "C:\Users\ASUS\AppData\Roaming\Python\Python314\site-packages\django\db\backends\utils.py", line 122, in execute
    return super().execute(sql, params)
           ~~~~~~~~~~~~~~~^^^^^^^^^^^^^
  File "C:\Users\ASUS\AppData\Roaming\Python\Python314\site-packages\django\db\backends\utils.py", line 79, in execute
    return self._execute_with_wrappers(
           ~~~~~~~~~~~~~~~~~~~~~~~~~~~^
        sql, params, many=False, executor=self._execute
        ^^^^^^^^^^^^^^^^^^^^^^^^^^^^^^^^^^^^^^^^^^^^^^^
    )
    ^
  File "C:\Users\ASUS\AppData\Roaming\Python\Python314\site-packages\django\db\backends\utils.py", line 92, in _execute_with_wrappers
    return executor(sql, params, many, context)
  File "C:\Users\ASUS\AppData\Roaming\Python\Python314\site-packages\django\db\backends\utils.py", line 100, in _execute
    with self.db.wrap_database_errors:
         ^^^^^^^^^^^^^^^^^^^^^^^^^^^^
  File "C:\Users\ASUS\AppData\Roaming\Python\Python314\site-packages\django\db\utils.py", line 91, in __exit__
    raise dj_exc_value.with_traceback(traceback) from exc_value
  File "C:\Users\ASUS\AppData\Roaming\Python\Python314\site-packages\django\db\backends\utils.py", line 105, in _execute
    return self.cursor.execute(sql, params)
           ~~~~~~~~~~~~~~~~~~~^^^^^^^^^^^^^
  File "C:\Users\ASUS\AppData\Roaming\Python\Python314\site-packages\django\db\backends\sqlite3\base.py", line 360, in execute
    return super().execute(query, params)
           ~~~~~~~~~~~~~~~^^^^^^^^^^^^^^^
django.db.utils.IntegrityError: UNIQUE constraint failed: registrations_studentapplication.application_number
Internal Server Error: /api/auto-save/
Traceback (most recent call last):
  File "C:\Users\ASUS\AppData\Roaming\Python\Python314\site-packages\django\db\backends\utils.py", line 105, in _execute
    return self.cursor.execute(sql, params)
           ~~~~~~~~~~~~~~~~~~~^^^^^^^^^^^^^
  File "C:\Users\ASUS\AppData\Roaming\Python\Python314\site-packages\django\db\backends\sqlite3\base.py", line 360, in execute
    return super().execute(query, params)
           ~~~~~~~~~~~~~~~^^^^^^^^^^^^^^^
sqlite3.IntegrityError: UNIQUE constraint failed: registrations_studentapplication.application_number

The above exception was the direct cause of the following exception:

Traceback (most recent call last):
  File "C:\Users\ASUS\AppData\Roaming\Python\Python314\site-packages\django\core\handlers\exception.py", line 55, in inner
    response = get_response(request)
  File "C:\Users\ASUS\AppData\Roaming\Python\Python314\site-packages\django\core\handlers\base.py", line 197, in _get_response
    response = wrapped_callback(request, *callback_args, **callback_kwargs)
  File "C:\Users\ASUS\Downloads\TRAINING PROJECT\TRAINING PROJECT\registrations\views.py", line 689, in auto_save_field
    app = StudentApplication.objects.create(status=status_obj)
  File "C:\Users\ASUS\AppData\Roaming\Python\Python314\site-packages\django\db\models\manager.py", line 87, in manager_method
    return getattr(self.get_queryset(), name)(*args, **kwargs)
           ~~~~~~~~~~~~~~~~~~~~~~~~~~~~~~~~~~^^^^^^^^^^^^^^^^^
  File "C:\Users\ASUS\AppData\Roaming\Python\Python314\site-packages\django\db\models\query.py", line 665, in create
    obj.save(force_insert=True, using=self.db)
    ~~~~~~~~^^^^^^^^^^^^^^^^^^^^^^^^^^^^^^^^^^
  File "C:\Users\ASUS\AppData\Roaming\Python\Python314\site-packages\django\db\models\base.py", line 902, in save
    self.save_base(
    ~~~~~~~~~~~~~~^
        using=using,
        ^^^^^^^^^^^^
    ...<2 lines>...
        update_fields=update_fields,
        ^^^^^^^^^^^^^^^^^^^^^^^^^^^^
    )
    ^
  File "C:\Users\ASUS\AppData\Roaming\Python\Python314\site-packages\django\db\models\base.py", line 1008, in save_base
    updated = self._save_table(
        raw,
    ...<4 lines>...
        update_fields,
    )
  File "C:\Users\ASUS\AppData\Roaming\Python\Python314\site-packages\django\db\models\base.py", line 1169, in _save_table
    results = self._do_insert(
        cls._base_manager, using, fields, returning_fields, raw
    )
  File "C:\Users\ASUS\AppData\Roaming\Python\Python314\site-packages\django\db\models\base.py", line 1210, in _do_insert
    return manager._insert(
           ~~~~~~~~~~~~~~~^
        [self],
        ^^^^^^^
    ...<3 lines>...
        raw=raw,
        ^^^^^^^^
    )
    ^
  File "C:\Users\ASUS\AppData\Roaming\Python\Python314\site-packages\django\db\models\manager.py", line 87, in manager_method
    return getattr(self.get_queryset(), name)(*args, **kwargs)
           ~~~~~~~~~~~~~~~~~~~~~~~~~~~~~~~~~~^^^^^^^^^^^^^^^^^
  File "C:\Users\ASUS\AppData\Roaming\Python\Python314\site-packages\django\db\models\query.py", line 1873, in _insert
    return query.get_compiler(using=using).execute_sql(returning_fields)
           ~~~~~~~~~~~~~~~~~~~~~~~~~~~~~~~~~~~~~~~~~~~^^^^^^^^^^^^^^^^^^
  File "C:\Users\ASUS\AppData\Roaming\Python\Python314\site-packages\django\db\models\sql\compiler.py", line 1882, in execute_sql
    cursor.execute(sql, params)
    ~~~~~~~~~~~~~~^^^^^^^^^^^^^
  File "C:\Users\ASUS\AppData\Roaming\Python\Python314\site-packages\django\db\backends\utils.py", line 122, in execute
    return super().execute(sql, params)
           ~~~~~~~~~~~~~~~^^^^^^^^^^^^^
  File "C:\Users\ASUS\AppData\Roaming\Python\Python314\site-packages\django\db\backends\utils.py", line 79, in execute
    return self._execute_with_wrappers(
           ~~~~~~~~~~~~~~~~~~~~~~~~~~~^
        sql, params, many=False, executor=self._execute
        ^^^^^^^^^^^^^^^^^^^^^^^^^^^^^^^^^^^^^^^^^^^^^^^
    )
    ^
  File "C:\Users\ASUS\AppData\Roaming\Python\Python314\site-packages\django\db\backends\utils.py", line 92, in _execute_with_wrappers
    return executor(sql, params, many, context)
  File "C:\Users\ASUS\AppData\Roaming\Python\Python314\site-packages\django\db\backends\utils.py", line 100, in _execute
    with self.db.wrap_database_errors:
         ^^^^^^^^^^^^^^^^^^^^^^^^^^^^
  File "C:\Users\ASUS\AppData\Roaming\Python\Python314\site-packages\django\db\utils.py", line 91, in __exit__
    raise dj_exc_value.with_traceback(traceback) from exc_value
  File "C:\Users\ASUS\AppData\Roaming\Python\Python314\site-packages\django\db\backends\utils.py", line 105, in _execute
    return self.cursor.execute(sql, params)
           ~~~~~~~~~~~~~~~~~~~^^^^^^^^^^^^^
  File "C:\Users\ASUS\AppData\Roaming\Python\Python314\site-packages\django\db\backends\sqlite3\base.py", line 360, in execute
    return super().execute(query, params)
           ~~~~~~~~~~~~~~~^^^^^^^^^^^^^^^
django.db.utils.IntegrityError: UNIQUE constraint failed: registrations_studentapplication.application_number
Internal Server Error: /api/auto-save/
Traceback (most recent call last):
  File "C:\Users\ASUS\AppData\Roaming\Python\Python314\site-packages\django\db\backends\utils.py", line 105, in _execute
    return self.cursor.execute(sql, params)
           ~~~~~~~~~~~~~~~~~~~^^^^^^^^^^^^^
  File "C:\Users\ASUS\AppData\Roaming\Python\Python314\site-packages\django\db\backends\sqlite3\base.py", line 360, in execute
    return super().execute(query, params)
           ~~~~~~~~~~~~~~~^^^^^^^^^^^^^^^
sqlite3.IntegrityError: UNIQUE constraint failed: registrations_studentapplication.application_number

The above exception was the direct cause of the following exception:

Traceback (most recent call last):
  File "C:\Users\ASUS\AppData\Roaming\Python\Python314\site-packages\django\core\handlers\exception.py", line 55, in inner
    response = get_response(request)
  File "C:\Users\ASUS\AppData\Roaming\Python\Python314\site-packages\django\core\handlers\base.py", line 197, in _get_response
    response = wrapped_callback(request, *callback_args, **callback_kwargs)
  File "C:\Users\ASUS\Downloads\TRAINING PROJECT\TRAINING PROJECT\registrations\views.py", line 689, in auto_save_field
    app = StudentApplication.objects.create(status=status_obj)
  File "C:\Users\ASUS\AppData\Roaming\Python\Python314\site-packages\django\db\models\manager.py", line 87, in manager_method
    return getattr(self.get_queryset(), name)(*args, **kwargs)
           ~~~~~~~~~~~~~~~~~~~~~~~~~~~~~~~~~~^^^^^^^^^^^^^^^^^
  File "C:\Users\ASUS\AppData\Roaming\Python\Python314\site-packages\django\db\models\query.py", line 665, in create
    obj.save(force_insert=True, using=self.db)
    ~~~~~~~~^^^^^^^^^^^^^^^^^^^^^^^^^^^^^^^^^^
  File "C:\Users\ASUS\AppData\Roaming\Python\Python314\site-packages\django\db\models\base.py", line 902, in save
    self.save_base(
    ~~~~~~~~~~~~~~^
        using=using,
        ^^^^^^^^^^^^
    ...<2 lines>...
        update_fields=update_fields,
        ^^^^^^^^^^^^^^^^^^^^^^^^^^^^
    )
    ^
  File "C:\Users\ASUS\AppData\Roaming\Python\Python314\site-packages\django\db\models\base.py", line 1008, in save_base
    updated = self._save_table(
        raw,
    ...<4 lines>...
        update_fields,
    )
  File "C:\Users\ASUS\AppData\Roaming\Python\Python314\site-packages\django\db\models\base.py", line 1169, in _save_table
    results = self._do_insert(
        cls._base_manager, using, fields, returning_fields, raw
    )
  File "C:\Users\ASUS\AppData\Roaming\Python\Python314\site-packages\django\db\models\base.py", line 1210, in _do_insert
    return manager._insert(
           ~~~~~~~~~~~~~~~^
        [self],
        ^^^^^^^
    ...<3 lines>...
        raw=raw,
        ^^^^^^^^
    )
    ^
  File "C:\Users\ASUS\AppData\Roaming\Python\Python314\site-packages\django\db\models\manager.py", line 87, in manager_method
    return getattr(self.get_queryset(), name)(*args, **kwargs)
           ~~~~~~~~~~~~~~~~~~~~~~~~~~~~~~~~~~^^^^^^^^^^^^^^^^^
  File "C:\Users\ASUS\AppData\Roaming\Python\Python314\site-packages\django\db\models\query.py", line 1873, in _insert
    return query.get_compiler(using=using).execute_sql(returning_fields)
           ~~~~~~~~~~~~~~~~~~~~~~~~~~~~~~~~~~~~~~~~~~~^^^^^^^^^^^^^^^^^^
  File "C:\Users\ASUS\AppData\Roaming\Python\Python314\site-packages\django\db\models\sql\compiler.py", line 1882, in execute_sql
    cursor.execute(sql, params)
    ~~~~~~~~~~~~~~^^^^^^^^^^^^^
  File "C:\Users\ASUS\AppData\Roaming\Python\Python314\site-packages\django\db\backends\utils.py", line 122, in execute
    return super().execute(sql, params)
           ~~~~~~~~~~~~~~~^^^^^^^^^^^^^
  File "C:\Users\ASUS\AppData\Roaming\Python\Python314\site-packages\django\db\backends\utils.py", line 79, in execute
    return self._execute_with_wrappers(
           ~~~~~~~~~~~~~~~~~~~~~~~~~~~^
        sql, params, many=False, executor=self._execute
        ^^^^^^^^^^^^^^^^^^^^^^^^^^^^^^^^^^^^^^^^^^^^^^^
    )
    ^
  File "C:\Users\ASUS\AppData\Roaming\Python\Python314\site-packages\django\db\backends\utils.py", line 92, in _execute_with_wrappers
    return executor(sql, params, many, context)
  File "C:\Users\ASUS\AppData\Roaming\Python\Python314\site-packages\django\db\backends\utils.py", line 100, in _execute
    with self.db.wrap_database_errors:
         ^^^^^^^^^^^^^^^^^^^^^^^^^^^^
  File "C:\Users\ASUS\AppData\Roaming\Python\Python314\site-packages\django\db\utils.py", line 91, in __exit__
    raise dj_exc_value.with_traceback(traceback) from exc_value
  File "C:\Users\ASUS\AppData\Roaming\Python\Python314\site-packages\django\db\backends\utils.py", line 105, in _execute
    return self.cursor.execute(sql, params)
           ~~~~~~~~~~~~~~~~~~~^^^^^^^^^^^^^
  File "C:\Users\ASUS\AppData\Roaming\Python\Python314\site-packages\django\db\backends\sqlite3\base.py", line 360, in execute
    return super().execute(query, params)
           ~~~~~~~~~~~~~~~^^^^^^^^^^^^^^^
django.db.utils.IntegrityError: UNIQUE constraint failed: registrations_studentapplication.application_number
Internal Server Error: /api/auto-save/
Traceback (most recent call last):
  File "C:\Users\ASUS\AppData\Roaming\Python\Python314\site-packages\django\db\backends\utils.py", line 105, in _execute
    return self.cursor.execute(sql, params)
           ~~~~~~~~~~~~~~~~~~~^^^^^^^^^^^^^
  File "C:\Users\ASUS\AppData\Roaming\Python\Python314\site-packages\django\db\backends\sqlite3\base.py", line 360, in execute
    return super().execute(query, params)
           ~~~~~~~~~~~~~~~^^^^^^^^^^^^^^^
sqlite3.IntegrityError: UNIQUE constraint failed: registrations_studentapplication.application_number

The above exception was the direct cause of the following exception:

Traceback (most recent call last):
  File "C:\Users\ASUS\AppData\Roaming\Python\Python314\site-packages\django\core\handlers\exception.py", line 55, in inner
    response = get_response(request)
  File "C:\Users\ASUS\AppData\Roaming\Python\Python314\site-packages\django\core\handlers\base.py", line 197, in _get_response
    response = wrapped_callback(request, *callback_args, **callback_kwargs)
  File "C:\Users\ASUS\Downloads\TRAINING PROJECT\TRAINING PROJECT\registrations\views.py", line 689, in auto_save_field
    app = StudentApplication.objects.create(status=status_obj)
  File "C:\Users\ASUS\AppData\Roaming\Python\Python314\site-packages\django\db\models\manager.py", line 87, in manager_method
    return getattr(self.get_queryset(), name)(*args, **kwargs)
           ~~~~~~~~~~~~~~~~~~~~~~~~~~~~~~~~~~^^^^^^^^^^^^^^^^^
  File "C:\Users\ASUS\AppData\Roaming\Python\Python314\site-packages\django\db\models\query.py", line 665, in create
    obj.save(force_insert=True, using=self.db)
    ~~~~~~~~^^^^^^^^^^^^^^^^^^^^^^^^^^^^^^^^^^
  File "C:\Users\ASUS\AppData\Roaming\Python\Python314\site-packages\django\db\models\base.py", line 902, in save
    self.save_base(
    ~~~~~~~~~~~~~~^
        using=using,
        ^^^^^^^^^^^^
    ...<2 lines>...
        update_fields=update_fields,
        ^^^^^^^^^^^^^^^^^^^^^^^^^^^^
    )
    ^
  File "C:\Users\ASUS\AppData\Roaming\Python\Python314\site-packages\django\db\models\base.py", line 1008, in save_base
    updated = self._save_table(
        raw,
    ...<4 lines>...
        update_fields,
    )
  File "C:\Users\ASUS\AppData\Roaming\Python\Python314\site-packages\django\db\models\base.py", line 1169, in _save_table
    results = self._do_insert(
        cls._base_manager, using, fields, returning_fields, raw
    )
  File "C:\Users\ASUS\AppData\Roaming\Python\Python314\site-packages\django\db\models\base.py", line 1210, in _do_insert
    return manager._insert(
           ~~~~~~~~~~~~~~~^
        [self],
        ^^^^^^^
    ...<3 lines>...
        raw=raw,
        ^^^^^^^^
    )
    ^
  File "C:\Users\ASUS\AppData\Roaming\Python\Python314\site-packages\django\db\models\manager.py", line 87, in manager_method
    return getattr(self.get_queryset(), name)(*args, **kwargs)
           ~~~~~~~~~~~~~~~~~~~~~~~~~~~~~~~~~~^^^^^^^^^^^^^^^^^
  File "C:\Users\ASUS\AppData\Roaming\Python\Python314\site-packages\django\db\models\query.py", line 1873, in _insert
    return query.get_compiler(using=using).execute_sql(returning_fields)
           ~~~~~~~~~~~~~~~~~~~~~~~~~~~~~~~~~~~~~~~~~~~^^^^^^^^^^^^^^^^^^
  File "C:\Users\ASUS\AppData\Roaming\Python\Python314\site-packages\django\db\models\sql\compiler.py", line 1882, in execute_sql
    cursor.execute(sql, params)
    ~~~~~~~~~~~~~~^^^^^^^^^^^^^
  File "C:\Users\ASUS\AppData\Roaming\Python\Python314\site-packages\django\db\backends\utils.py", line 122, in execute
    return super().execute(sql, params)
           ~~~~~~~~~~~~~~~^^^^^^^^^^^^^
  File "C:\Users\ASUS\AppData\Roaming\Python\Python314\site-packages\django\db\backends\utils.py", line 79, in execute
    return self._execute_with_wrappers(
           ~~~~~~~~~~~~~~~~~~~~~~~~~~~^
        sql, params, many=False, executor=self._execute
        ^^^^^^^^^^^^^^^^^^^^^^^^^^^^^^^^^^^^^^^^^^^^^^^
    )
    ^
  File "C:\Users\ASUS\AppData\Roaming\Python\Python314\site-packages\django\db\backends\utils.py", line 92, in _execute_with_wrappers
    return executor(sql, params, many, context)
  File "C:\Users\ASUS\AppData\Roaming\Python\Python314\site-packages\django\db\backends\utils.py", line 100, in _execute
    with self.db.wrap_database_errors:
         ^^^^^^^^^^^^^^^^^^^^^^^^^^^^
  File "C:\Users\ASUS\AppData\Roaming\Python\Python314\site-packages\django\db\utils.py", line 91, in __exit__
    raise dj_exc_value.with_traceback(traceback) from exc_value
  File "C:\Users\ASUS\AppData\Roaming\Python\Python314\site-packages\django\db\backends\utils.py", line 105, in _execute
    return self.cursor.execute(sql, params)
           ~~~~~~~~~~~~~~~~~~~^^^^^^^^^^^^^
  File "C:\Users\ASUS\AppData\Roaming\Python\Python314\site-packages\django\db\backends\sqlite3\base.py", line 360, in execute
    return super().execute(query, params)
           ~~~~~~~~~~~~~~~^^^^^^^^^^^^^^^
django.db.utils.IntegrityError: UNIQUE constraint failed: registrations_studentapplication.application_number
Internal Server Error: /api/auto-save/
Traceback (most recent call last):
  File "C:\Users\ASUS\AppData\Roaming\Python\Python314\site-packages\django\db\backends\utils.py", line 105, in _execute
    return self.cursor.execute(sql, params)
           ~~~~~~~~~~~~~~~~~~~^^^^^^^^^^^^^
  File "C:\Users\ASUS\AppData\Roaming\Python\Python314\site-packages\django\db\backends\sqlite3\base.py", line 360, in execute
    return super().execute(query, params)
           ~~~~~~~~~~~~~~~^^^^^^^^^^^^^^^
sqlite3.IntegrityError: UNIQUE constraint failed: registrations_studentapplication.application_number

The above exception was the direct cause of the following exception:

Traceback (most recent call last):
  File "C:\Users\ASUS\AppData\Roaming\Python\Python314\site-packages\django\core\handlers\exception.py", line 55, in inner
    response = get_response(request)
  File "C:\Users\ASUS\AppData\Roaming\Python\Python314\site-packages\django\core\handlers\base.py", line 197, in _get_response
    response = wrapped_callback(request, *callback_args, **callback_kwargs)
  File "C:\Users\ASUS\Downloads\TRAINING PROJECT\TRAINING PROJECT\registrations\views.py", line 689, in auto_save_field
    app = StudentApplication.objects.create(status=status_obj)
  File "C:\Users\ASUS\AppData\Roaming\Python\Python314\site-packages\django\db\models\manager.py", line 87, in manager_method
    return getattr(self.get_queryset(), name)(*args, **kwargs)
           ~~~~~~~~~~~~~~~~~~~~~~~~~~~~~~~~~~^^^^^^^^^^^^^^^^^
  File "C:\Users\ASUS\AppData\Roaming\Python\Python314\site-packages\django\db\models\query.py", line 665, in create
    obj.save(force_insert=True, using=self.db)
    ~~~~~~~~^^^^^^^^^^^^^^^^^^^^^^^^^^^^^^^^^^
  File "C:\Users\ASUS\AppData\Roaming\Python\Python314\site-packages\django\db\models\base.py", line 902, in save
    self.save_base(
    ~~~~~~~~~~~~~~^
        using=using,
        ^^^^^^^^^^^^
    ...<2 lines>...
        update_fields=update_fields,
        ^^^^^^^^^^^^^^^^^^^^^^^^^^^^
    )
    ^
  File "C:\Users\ASUS\AppData\Roaming\Python\Python314\site-packages\django\db\models\base.py", line 1008, in save_base
    updated = self._save_table(
        raw,
    ...<4 lines>...
        update_fields,
    )
  File "C:\Users\ASUS\AppData\Roaming\Python\Python314\site-packages\django\db\models\base.py", line 1169, in _save_table
    results = self._do_insert(
        cls._base_manager, using, fields, returning_fields, raw
    )
  File "C:\Users\ASUS\AppData\Roaming\Python\Python314\site-packages\django\db\models\base.py", line 1210, in _do_insert
    return manager._insert(
           ~~~~~~~~~~~~~~~^
        [self],
        ^^^^^^^
    ...<3 lines>...
        raw=raw,
        ^^^^^^^^
    )
    ^
  File "C:\Users\ASUS\AppData\Roaming\Python\Python314\site-packages\django\db\models\manager.py", line 87, in manager_method
    return getattr(self.get_queryset(), name)(*args, **kwargs)
           ~~~~~~~~~~~~~~~~~~~~~~~~~~~~~~~~~~^^^^^^^^^^^^^^^^^
  File "C:\Users\ASUS\AppData\Roaming\Python\Python314\site-packages\django\db\models\query.py", line 1873, in _insert
    return query.get_compiler(using=using).execute_sql(returning_fields)
           ~~~~~~~~~~~~~~~~~~~~~~~~~~~~~~~~~~~~~~~~~~~^^^^^^^^^^^^^^^^^^
  File "C:\Users\ASUS\AppData\Roaming\Python\Python314\site-packages\django\db\models\sql\compiler.py", line 1882, in execute_sql
    cursor.execute(sql, params)
    ~~~~~~~~~~~~~~^^^^^^^^^^^^^
  File "C:\Users\ASUS\AppData\Roaming\Python\Python314\site-packages\django\db\backends\utils.py", line 122, in execute
    return super().execute(sql, params)
           ~~~~~~~~~~~~~~~^^^^^^^^^^^^^
  File "C:\Users\ASUS\AppData\Roaming\Python\Python314\site-packages\django\db\backends\utils.py", line 79, in execute
    return self._execute_with_wrappers(
           ~~~~~~~~~~~~~~~~~~~~~~~~~~~^
        sql, params, many=False, executor=self._execute
        ^^^^^^^^^^^^^^^^^^^^^^^^^^^^^^^^^^^^^^^^^^^^^^^
    )
    ^
  File "C:\Users\ASUS\AppData\Roaming\Python\Python314\site-packages\django\db\backends\utils.py", line 92, in _execute_with_wrappers
    return executor(sql, params, many, context)
  File "C:\Users\ASUS\AppData\Roaming\Python\Python314\site-packages\django\db\backends\utils.py", line 100, in _execute
    with self.db.wrap_database_errors:
         ^^^^^^^^^^^^^^^^^^^^^^^^^^^^
  File "C:\Users\ASUS\AppData\Roaming\Python\Python314\site-packages\django\db\utils.py", line 91, in __exit__
    raise dj_exc_value.with_traceback(traceback) from exc_value
  File "C:\Users\ASUS\AppData\Roaming\Python\Python314\site-packages\django\db\backends\utils.py", line 105, in _execute
    return self.cursor.execute(sql, params)
           ~~~~~~~~~~~~~~~~~~~^^^^^^^^^^^^^
  File "C:\Users\ASUS\AppData\Roaming\Python\Python314\site-packages\django\db\backends\sqlite3\base.py", line 360, in execute
    return super().execute(query, params)
           ~~~~~~~~~~~~~~~^^^^^^^^^^^^^^^
django.db.utils.IntegrityError: UNIQUE constraint failed: registrations_studentapplication.application_number
Internal Server Error: /api/auto-save/
Traceback (most recent call last):
  File "C:\Users\ASUS\AppData\Roaming\Python\Python314\site-packages\django\db\backends\utils.py", line 105, in _execute
    return self.cursor.execute(sql, params)
           ~~~~~~~~~~~~~~~~~~~^^^^^^^^^^^^^
  File "C:\Users\ASUS\AppData\Roaming\Python\Python314\site-packages\django\db\backends\sqlite3\base.py", line 360, in execute
    return super().execute(query, params)
           ~~~~~~~~~~~~~~~^^^^^^^^^^^^^^^
sqlite3.IntegrityError: UNIQUE constraint failed: registrations_studentapplication.application_number

The above exception was the direct cause of the following exception:

Traceback (most recent call last):
  File "C:\Users\ASUS\AppData\Roaming\Python\Python314\site-packages\django\core\handlers\exception.py", line 55, in inner
    response = get_response(request)
  File "C:\Users\ASUS\AppData\Roaming\Python\Python314\site-packages\django\core\handlers\base.py", line 197, in _get_response
    response = wrapped_callback(request, *callback_args, **callback_kwargs)
  File "C:\Users\ASUS\Downloads\TRAINING PROJECT\TRAINING PROJECT\registrations\views.py", line 689, in auto_save_field
    app = StudentApplication.objects.create(status=status_obj)
  File "C:\Users\ASUS\AppData\Roaming\Python\Python314\site-packages\django\db\models\manager.py", line 87, in manager_method
    return getattr(self.get_queryset(), name)(*args, **kwargs)
           ~~~~~~~~~~~~~~~~~~~~~~~~~~~~~~~~~~^^^^^^^^^^^^^^^^^
  File "C:\Users\ASUS\AppData\Roaming\Python\Python314\site-packages\django\db\models\query.py", line 665, in create
    obj.save(force_insert=True, using=self.db)
    ~~~~~~~~^^^^^^^^^^^^^^^^^^^^^^^^^^^^^^^^^^
  File "C:\Users\ASUS\AppData\Roaming\Python\Python314\site-packages\django\db\models\base.py", line 902, in save
    self.save_base(
    ~~~~~~~~~~~~~~^
        using=using,
        ^^^^^^^^^^^^
    ...<2 lines>...
        update_fields=update_fields,
        ^^^^^^^^^^^^^^^^^^^^^^^^^^^^
    )
    ^
  File "C:\Users\ASUS\AppData\Roaming\Python\Python314\site-packages\django\db\models\base.py", line 1008, in save_base
    updated = self._save_table(
        raw,
    ...<4 lines>...
        update_fields,
    )
  File "C:\Users\ASUS\AppData\Roaming\Python\Python314\site-packages\django\db\models\base.py", line 1169, in _save_table
    results = self._do_insert(
        cls._base_manager, using, fields, returning_fields, raw
    )
  File "C:\Users\ASUS\AppData\Roaming\Python\Python314\site-packages\django\db\models\base.py", line 1210, in _do_insert
    return manager._insert(
           ~~~~~~~~~~~~~~~^
        [self],
        ^^^^^^^
    ...<3 lines>...
        raw=raw,
        ^^^^^^^^
    )
    ^
  File "C:\Users\ASUS\AppData\Roaming\Python\Python314\site-packages\django\db\models\manager.py", line 87, in manager_method
    return getattr(self.get_queryset(), name)(*args, **kwargs)
           ~~~~~~~~~~~~~~~~~~~~~~~~~~~~~~~~~~^^^^^^^^^^^^^^^^^
  File "C:\Users\ASUS\AppData\Roaming\Python\Python314\site-packages\django\db\models\query.py", line 1873, in _insert
    return query.get_compiler(using=using).execute_sql(returning_fields)
           ~~~~~~~~~~~~~~~~~~~~~~~~~~~~~~~~~~~~~~~~~~~^^^^^^^^^^^^^^^^^^
  File "C:\Users\ASUS\AppData\Roaming\Python\Python314\site-packages\django\db\models\sql\compiler.py", line 1882, in execute_sql
    cursor.execute(sql, params)
    ~~~~~~~~~~~~~~^^^^^^^^^^^^^
  File "C:\Users\ASUS\AppData\Roaming\Python\Python314\site-packages\django\db\backends\utils.py", line 122, in execute
    return super().execute(sql, params)
           ~~~~~~~~~~~~~~~^^^^^^^^^^^^^
  File "C:\Users\ASUS\AppData\Roaming\Python\Python314\site-packages\django\db\backends\utils.py", line 79, in execute
    return self._execute_with_wrappers(
           ~~~~~~~~~~~~~~~~~~~~~~~~~~~^
        sql, params, many=False, executor=self._execute
        ^^^^^^^^^^^^^^^^^^^^^^^^^^^^^^^^^^^^^^^^^^^^^^^
    )
    ^
  File "C:\Users\ASUS\AppData\Roaming\Python\Python314\site-packages\django\db\backends\utils.py", line 92, in _execute_with_wrappers
    return executor(sql, params, many, context)
  File "C:\Users\ASUS\AppData\Roaming\Python\Python314\site-packages\django\db\backends\utils.py", line 100, in _execute
    with self.db.wrap_database_errors:
         ^^^^^^^^^^^^^^^^^^^^^^^^^^^^
  File "C:\Users\ASUS\AppData\Roaming\Python\Python314\site-packages\django\db\utils.py", line 91, in __exit__
    raise dj_exc_value.with_traceback(traceback) from exc_value
  File "C:\Users\ASUS\AppData\Roaming\Python\Python314\site-packages\django\db\backends\utils.py", line 105, in _execute
    return self.cursor.execute(sql, params)
           ~~~~~~~~~~~~~~~~~~~^^^^^^^^^^^^^
  File "C:\Users\ASUS\AppData\Roaming\Python\Python314\site-packages\django\db\backends\sqlite3\base.py", line 360, in execute
    return super().execute(query, params)
           ~~~~~~~~~~~~~~~^^^^^^^^^^^^^^^
django.db.utils.IntegrityError: UNIQUE constraint failed: registrations_studentapplication.application_number
Internal Server Error: /api/auto-save/
Traceback (most recent call last):
  File "C:\Users\ASUS\AppData\Roaming\Python\Python314\site-packages\django\db\backends\utils.py", line 105, in _execute
    return self.cursor.execute(sql, params)
           ~~~~~~~~~~~~~~~~~~~^^^^^^^^^^^^^
  File "C:\Users\ASUS\AppData\Roaming\Python\Python314\site-packages\django\db\backends\sqlite3\base.py", line 360, in execute
    return super().execute(query, params)
           ~~~~~~~~~~~~~~~^^^^^^^^^^^^^^^
sqlite3.IntegrityError: UNIQUE constraint failed: registrations_studentapplication.application_number

The above exception was the direct cause of the following exception:

Traceback (most recent call last):
  File "C:\Users\ASUS\AppData\Roaming\Python\Python314\site-packages\django\core\handlers\exception.py", line 55, in inner
    response = get_response(request)
  File "C:\Users\ASUS\AppData\Roaming\Python\Python314\site-packages\django\core\handlers\base.py", line 197, in _get_response
    response = wrapped_callback(request, *callback_args, **callback_kwargs)
  File "C:\Users\ASUS\Downloads\TRAINING PROJECT\TRAINING PROJECT\registrations\views.py", line 689, in auto_save_field
    app = StudentApplication.objects.create(status=status_obj)
  File "C:\Users\ASUS\AppData\Roaming\Python\Python314\site-packages\django\db\models\manager.py", line 87, in manager_method
    return getattr(self.get_queryset(), name)(*args, **kwargs)
           ~~~~~~~~~~~~~~~~~~~~~~~~~~~~~~~~~~^^^^^^^^^^^^^^^^^
  File "C:\Users\ASUS\AppData\Roaming\Python\Python314\site-packages\django\db\models\query.py", line 665, in create
    obj.save(force_insert=True, using=self.db)
    ~~~~~~~~^^^^^^^^^^^^^^^^^^^^^^^^^^^^^^^^^^
  File "C:\Users\ASUS\AppData\Roaming\Python\Python314\site-packages\django\db\models\base.py", line 902, in save
    self.save_base(
    ~~~~~~~~~~~~~~^
        using=using,
        ^^^^^^^^^^^^
    ...<2 lines>...
        update_fields=update_fields,
        ^^^^^^^^^^^^^^^^^^^^^^^^^^^^
    )
    ^
  File "C:\Users\ASUS\AppData\Roaming\Python\Python314\site-packages\django\db\models\base.py", line 1008, in save_base
    updated = self._save_table(
        raw,
    ...<4 lines>...
        update_fields,
    )
  File "C:\Users\ASUS\AppData\Roaming\Python\Python314\site-packages\django\db\models\base.py", line 1169, in _save_table
    results = self._do_insert(
        cls._base_manager, using, fields, returning_fields, raw
    )
  File "C:\Users\ASUS\AppData\Roaming\Python\Python314\site-packages\django\db\models\base.py", line 1210, in _do_insert
    return manager._insert(
           ~~~~~~~~~~~~~~~^
        [self],
        ^^^^^^^
    ...<3 lines>...
        raw=raw,
        ^^^^^^^^
    )
    ^
  File "C:\Users\ASUS\AppData\Roaming\Python\Python314\site-packages\django\db\models\manager.py", line 87, in manager_method
    return getattr(self.get_queryset(), name)(*args, **kwargs)
           ~~~~~~~~~~~~~~~~~~~~~~~~~~~~~~~~~~^^^^^^^^^^^^^^^^^
  File "C:\Users\ASUS\AppData\Roaming\Python\Python314\site-packages\django\db\models\query.py", line 1873, in _insert
    return query.get_compiler(using=using).execute_sql(returning_fields)
           ~~~~~~~~~~~~~~~~~~~~~~~~~~~~~~~~~~~~~~~~~~~^^^^^^^^^^^^^^^^^^
  File "C:\Users\ASUS\AppData\Roaming\Python\Python314\site-packages\django\db\models\sql\compiler.py", line 1882, in execute_sql
    cursor.execute(sql, params)
    ~~~~~~~~~~~~~~^^^^^^^^^^^^^
  File "C:\Users\ASUS\AppData\Roaming\Python\Python314\site-packages\django\db\backends\utils.py", line 122, in execute
    return super().execute(sql, params)
           ~~~~~~~~~~~~~~~^^^^^^^^^^^^^
  File "C:\Users\ASUS\AppData\Roaming\Python\Python314\site-packages\django\db\backends\utils.py", line 79, in execute
    return self._execute_with_wrappers(
           ~~~~~~~~~~~~~~~~~~~~~~~~~~~^
        sql, params, many=False, executor=self._execute
        ^^^^^^^^^^^^^^^^^^^^^^^^^^^^^^^^^^^^^^^^^^^^^^^
    )
    ^
  File "C:\Users\ASUS\AppData\Roaming\Python\Python314\site-packages\django\db\backends\utils.py", line 92, in _execute_with_wrappers
    return executor(sql, params, many, context)
  File "C:\Users\ASUS\AppData\Roaming\Python\Python314\site-packages\django\db\backends\utils.py", line 100, in _execute
    with self.db.wrap_database_errors:
         ^^^^^^^^^^^^^^^^^^^^^^^^^^^^
  File "C:\Users\ASUS\AppData\Roaming\Python\Python314\site-packages\django\db\utils.py", line 91, in __exit__
    raise dj_exc_value.with_traceback(traceback) from exc_value
  File "C:\Users\ASUS\AppData\Roaming\Python\Python314\site-packages\django\db\backends\utils.py", line 105, in _execute
    return self.cursor.execute(sql, params)
           ~~~~~~~~~~~~~~~~~~~^^^^^^^^^^^^^
  File "C:\Users\ASUS\AppData\Roaming\Python\Python314\site-packages\django\db\backends\sqlite3\base.py", line 360, in execute
    return super().execute(query, params)
           ~~~~~~~~~~~~~~~^^^^^^^^^^^^^^^
django.db.utils.IntegrityError: UNIQUE constraint failed: registrations_studentapplication.application_number
Internal Server Error: /api/auto-save/
Traceback (most recent call last):
  File "C:\Users\ASUS\AppData\Roaming\Python\Python314\site-packages\django\db\backends\utils.py", line 105, in _execute
    return self.cursor.execute(sql, params)
           ~~~~~~~~~~~~~~~~~~~^^^^^^^^^^^^^
  File "C:\Users\ASUS\AppData\Roaming\Python\Python314\site-packages\django\db\backends\sqlite3\base.py", line 360, in execute
    return super().execute(query, params)
           ~~~~~~~~~~~~~~~^^^^^^^^^^^^^^^
sqlite3.IntegrityError: UNIQUE constraint failed: registrations_studentapplication.application_number

The above exception was the direct cause of the following exception:

Traceback (most recent call last):
  File "C:\Users\ASUS\AppData\Roaming\Python\Python314\site-packages\django\core\handlers\exception.py", line 55, in inner
    response = get_response(request)
  File "C:\Users\ASUS\AppData\Roaming\Python\Python314\site-packages\django\core\handlers\base.py", line 197, in _get_response
    response = wrapped_callback(request, *callback_args, **callback_kwargs)
  File "C:\Users\ASUS\Downloads\TRAINING PROJECT\TRAINING PROJECT\registrations\views.py", line 689, in auto_save_field
    app = StudentApplication.objects.create(status=status_obj)
  File "C:\Users\ASUS\AppData\Roaming\Python\Python314\site-packages\django\db\models\manager.py", line 87, in manager_method
    return getattr(self.get_queryset(), name)(*args, **kwargs)
           ~~~~~~~~~~~~~~~~~~~~~~~~~~~~~~~~~~^^^^^^^^^^^^^^^^^
  File "C:\Users\ASUS\AppData\Roaming\Python\Python314\site-packages\django\db\models\query.py", line 665, in create
    obj.save(force_insert=True, using=self.db)
    ~~~~~~~~^^^^^^^^^^^^^^^^^^^^^^^^^^^^^^^^^^
  File "C:\Users\ASUS\AppData\Roaming\Python\Python314\site-packages\django\db\models\base.py", line 902, in save
    self.save_base(
    ~~~~~~~~~~~~~~^
        using=using,
        ^^^^^^^^^^^^
    ...<2 lines>...
        update_fields=update_fields,
        ^^^^^^^^^^^^^^^^^^^^^^^^^^^^
    )
    ^
  File "C:\Users\ASUS\AppData\Roaming\Python\Python314\site-packages\django\db\models\base.py", line 1008, in save_base
    updated = self._save_table(
        raw,
    ...<4 lines>...
        update_fields,
    )
  File "C:\Users\ASUS\AppData\Roaming\Python\Python314\site-packages\django\db\models\base.py", line 1169, in _save_table
    results = self._do_insert(
        cls._base_manager, using, fields, returning_fields, raw
    )
  File "C:\Users\ASUS\AppData\Roaming\Python\Python314\site-packages\django\db\models\base.py", line 1210, in _do_insert
    return manager._insert(
           ~~~~~~~~~~~~~~~^
        [self],
        ^^^^^^^
    ...<3 lines>...
        raw=raw,
        ^^^^^^^^
    )
    ^
  File "C:\Users\ASUS\AppData\Roaming\Python\Python314\site-packages\django\db\models\manager.py", line 87, in manager_method
    return getattr(self.get_queryset(), name)(*args, **kwargs)
           ~~~~~~~~~~~~~~~~~~~~~~~~~~~~~~~~~~^^^^^^^^^^^^^^^^^
  File "C:\Users\ASUS\AppData\Roaming\Python\Python314\site-packages\django\db\models\query.py", line 1873, in _insert
    return query.get_compiler(using=using).execute_sql(returning_fields)
           ~~~~~~~~~~~~~~~~~~~~~~~~~~~~~~~~~~~~~~~~~~~^^^^^^^^^^^^^^^^^^
  File "C:\Users\ASUS\AppData\Roaming\Python\Python314\site-packages\django\db\models\sql\compiler.py", line 1882, in execute_sql
    cursor.execute(sql, params)
    ~~~~~~~~~~~~~~^^^^^^^^^^^^^
  File "C:\Users\ASUS\AppData\Roaming\Python\Python314\site-packages\django\db\backends\utils.py", line 122, in execute
    return super().execute(sql, params)
           ~~~~~~~~~~~~~~~^^^^^^^^^^^^^
  File "C:\Users\ASUS\AppData\Roaming\Python\Python314\site-packages\django\db\backends\utils.py", line 79, in execute
    return self._execute_with_wrappers(
           ~~~~~~~~~~~~~~~~~~~~~~~~~~~^
        sql, params, many=False, executor=self._execute
        ^^^^^^^^^^^^^^^^^^^^^^^^^^^^^^^^^^^^^^^^^^^^^^^
    )
    ^
  File "C:\Users\ASUS\AppData\Roaming\Python\Python314\site-packages\django\db\backends\utils.py", line 92, in _execute_with_wrappers
    return executor(sql, params, many, context)
  File "C:\Users\ASUS\AppData\Roaming\Python\Python314\site-packages\django\db\backends\utils.py", line 100, in _execute
    with self.db.wrap_database_errors:
         ^^^^^^^^^^^^^^^^^^^^^^^^^^^^
  File "C:\Users\ASUS\AppData\Roaming\Python\Python314\site-packages\django\db\utils.py", line 91, in __exit__
    raise dj_exc_value.with_traceback(traceback) from exc_value
  File "C:\Users\ASUS\AppData\Roaming\Python\Python314\site-packages\django\db\backends\utils.py", line 105, in _execute
    return self.cursor.execute(sql, params)
           ~~~~~~~~~~~~~~~~~~~^^^^^^^^^^^^^
  File "C:\Users\ASUS\AppData\Roaming\Python\Python314\site-packages\django\db\backends\sqlite3\base.py", line 360, in execute
    return super().execute(query, params)
           ~~~~~~~~~~~~~~~^^^^^^^^^^^^^^^
django.db.utils.IntegrityError: UNIQUE constraint failed: registrations_studentapplication.application_number
Internal Server Error: /api/auto-save/
Traceback (most recent call last):
  File "C:\Users\ASUS\AppData\Roaming\Python\Python314\site-packages\django\db\backends\utils.py", line 105, in _execute
    return self.cursor.execute(sql, params)
           ~~~~~~~~~~~~~~~~~~~^^^^^^^^^^^^^
  File "C:\Users\ASUS\AppData\Roaming\Python\Python314\site-packages\django\db\backends\sqlite3\base.py", line 360, in execute
    return super().execute(query, params)
           ~~~~~~~~~~~~~~~^^^^^^^^^^^^^^^
sqlite3.IntegrityError: UNIQUE constraint failed: registrations_studentapplication.application_number

The above exception was the direct cause of the following exception:

Traceback (most recent call last):
  File "C:\Users\ASUS\AppData\Roaming\Python\Python314\site-packages\django\core\handlers\exception.py", line 55, in inner
    response = get_response(request)
  File "C:\Users\ASUS\AppData\Roaming\Python\Python314\site-packages\django\core\handlers\base.py", line 197, in _get_response
    response = wrapped_callback(request, *callback_args, **callback_kwargs)
  File "C:\Users\ASUS\Downloads\TRAINING PROJECT\TRAINING PROJECT\registrations\views.py", line 689, in auto_save_field
    app = StudentApplication.objects.create(status=status_obj)
  File "C:\Users\ASUS\AppData\Roaming\Python\Python314\site-packages\django\db\models\manager.py", line 87, in manager_method
    return getattr(self.get_queryset(), name)(*args, **kwargs)
           ~~~~~~~~~~~~~~~~~~~~~~~~~~~~~~~~~~^^^^^^^^^^^^^^^^^
  File "C:\Users\ASUS\AppData\Roaming\Python\Python314\site-packages\django\db\models\query.py", line 665, in create
    obj.save(force_insert=True, using=self.db)
    ~~~~~~~~^^^^^^^^^^^^^^^^^^^^^^^^^^^^^^^^^^
  File "C:\Users\ASUS\AppData\Roaming\Python\Python314\site-packages\django\db\models\base.py", line 902, in save
    self.save_base(
    ~~~~~~~~~~~~~~^
        using=using,
        ^^^^^^^^^^^^
    ...<2 lines>...
        update_fields=update_fields,
        ^^^^^^^^^^^^^^^^^^^^^^^^^^^^
    )
    ^
  File "C:\Users\ASUS\AppData\Roaming\Python\Python314\site-packages\django\db\models\base.py", line 1008, in save_base
    updated = self._save_table(
        raw,
    ...<4 lines>...
        update_fields,
    )
  File "C:\Users\ASUS\AppData\Roaming\Python\Python314\site-packages\django\db\models\base.py", line 1169, in _save_table
    results = self._do_insert(
        cls._base_manager, using, fields, returning_fields, raw
    )
  File "C:\Users\ASUS\AppData\Roaming\Python\Python314\site-packages\django\db\models\base.py", line 1210, in _do_insert
    return manager._insert(
           ~~~~~~~~~~~~~~~^
        [self],
        ^^^^^^^
    ...<3 lines>...
        raw=raw,
        ^^^^^^^^
    )
    ^
  File "C:\Users\ASUS\AppData\Roaming\Python\Python314\site-packages\django\db\models\manager.py", line 87, in manager_method
    return getattr(self.get_queryset(), name)(*args, **kwargs)
           ~~~~~~~~~~~~~~~~~~~~~~~~~~~~~~~~~~^^^^^^^^^^^^^^^^^
  File "C:\Users\ASUS\AppData\Roaming\Python\Python314\site-packages\django\db\models\query.py", line 1873, in _insert
    return query.get_compiler(using=using).execute_sql(returning_fields)
           ~~~~~~~~~~~~~~~~~~~~~~~~~~~~~~~~~~~~~~~~~~~^^^^^^^^^^^^^^^^^^
  File "C:\Users\ASUS\AppData\Roaming\Python\Python314\site-packages\django\db\models\sql\compiler.py", line 1882, in execute_sql
    cursor.execute(sql, params)
    ~~~~~~~~~~~~~~^^^^^^^^^^^^^
  File "C:\Users\ASUS\AppData\Roaming\Python\Python314\site-packages\django\db\backends\utils.py", line 122, in execute
    return super().execute(sql, params)
           ~~~~~~~~~~~~~~~^^^^^^^^^^^^^
  File "C:\Users\ASUS\AppData\Roaming\Python\Python314\site-packages\django\db\backends\utils.py", line 79, in execute
    return self._execute_with_wrappers(
           ~~~~~~~~~~~~~~~~~~~~~~~~~~~^
        sql, params, many=False, executor=self._execute
        ^^^^^^^^^^^^^^^^^^^^^^^^^^^^^^^^^^^^^^^^^^^^^^^
    )
    ^
  File "C:\Users\ASUS\AppData\Roaming\Python\Python314\site-packages\django\db\backends\utils.py", line 92, in _execute_with_wrappers
    return executor(sql, params, many, context)
  File "C:\Users\ASUS\AppData\Roaming\Python\Python314\site-packages\django\db\backends\utils.py", line 100, in _execute
    with self.db.wrap_database_errors:
         ^^^^^^^^^^^^^^^^^^^^^^^^^^^^
  File "C:\Users\ASUS\AppData\Roaming\Python\Python314\site-packages\django\db\utils.py", line 91, in __exit__
    raise dj_exc_value.with_traceback(traceback) from exc_value
  File "C:\Users\ASUS\AppData\Roaming\Python\Python314\site-packages\django\db\backends\utils.py", line 105, in _execute
    return self.cursor.execute(sql, params)
           ~~~~~~~~~~~~~~~~~~~^^^^^^^^^^^^^
  File "C:\Users\ASUS\AppData\Roaming\Python\Python314\site-packages\django\db\backends\sqlite3\base.py", line 360, in execute
    return super().execute(query, params)
           ~~~~~~~~~~~~~~~^^^^^^^^^^^^^^^
django.db.utils.IntegrityError: UNIQUE constraint failed: registrations_studentapplication.application_number
Internal Server Error: /api/auto-save/
Traceback (most recent call last):
  File "C:\Users\ASUS\AppData\Roaming\Python\Python314\site-packages\django\db\backends\utils.py", line 105, in _execute
    return self.cursor.execute(sql, params)
           ~~~~~~~~~~~~~~~~~~~^^^^^^^^^^^^^
  File "C:\Users\ASUS\AppData\Roaming\Python\Python314\site-packages\django\db\backends\sqlite3\base.py", line 360, in execute
    return super().execute(query, params)
           ~~~~~~~~~~~~~~~^^^^^^^^^^^^^^^
sqlite3.IntegrityError: UNIQUE constraint failed: registrations_studentapplication.application_number

The above exception was the direct cause of the following exception:

Traceback (most recent call last):
  File "C:\Users\ASUS\AppData\Roaming\Python\Python314\site-packages\django\core\handlers\exception.py", line 55, in inner
    response = get_response(request)
  File "C:\Users\ASUS\AppData\Roaming\Python\Python314\site-packages\django\core\handlers\base.py", line 197, in _get_response
    response = wrapped_callback(request, *callback_args, **callback_kwargs)
  File "C:\Users\ASUS\Downloads\TRAINING PROJECT\TRAINING PROJECT\registrations\views.py", line 689, in auto_save_field
    app = StudentApplication.objects.create(status=status_obj)
  File "C:\Users\ASUS\AppData\Roaming\Python\Python314\site-packages\django\db\models\manager.py", line 87, in manager_method
    return getattr(self.get_queryset(), name)(*args, **kwargs)
           ~~~~~~~~~~~~~~~~~~~~~~~~~~~~~~~~~~^^^^^^^^^^^^^^^^^
  File "C:\Users\ASUS\AppData\Roaming\Python\Python314\site-packages\django\db\models\query.py", line 665, in create
    obj.save(force_insert=True, using=self.db)
    ~~~~~~~~^^^^^^^^^^^^^^^^^^^^^^^^^^^^^^^^^^
  File "C:\Users\ASUS\AppData\Roaming\Python\Python314\site-packages\django\db\models\base.py", line 902, in save
    self.save_base(
    ~~~~~~~~~~~~~~^
        using=using,
        ^^^^^^^^^^^^
    ...<2 lines>...
        update_fields=update_fields,
        ^^^^^^^^^^^^^^^^^^^^^^^^^^^^
    )
    ^
  File "C:\Users\ASUS\AppData\Roaming\Python\Python314\site-packages\django\db\models\base.py", line 1008, in save_base
    updated = self._save_table(
        raw,
    ...<4 lines>...
        update_fields,
    )
  File "C:\Users\ASUS\AppData\Roaming\Python\Python314\site-packages\django\db\models\base.py", line 1169, in _save_table
    results = self._do_insert(
        cls._base_manager, using, fields, returning_fields, raw
    )
  File "C:\Users\ASUS\AppData\Roaming\Python\Python314\site-packages\django\db\models\base.py", line 1210, in _do_insert
    return manager._insert(
           ~~~~~~~~~~~~~~~^
        [self],
        ^^^^^^^
    ...<3 lines>...
        raw=raw,
        ^^^^^^^^
    )
    ^
  File "C:\Users\ASUS\AppData\Roaming\Python\Python314\site-packages\django\db\models\manager.py", line 87, in manager_method
    return getattr(self.get_queryset(), name)(*args, **kwargs)
           ~~~~~~~~~~~~~~~~~~~~~~~~~~~~~~~~~~^^^^^^^^^^^^^^^^^
  File "C:\Users\ASUS\AppData\Roaming\Python\Python314\site-packages\django\db\models\query.py", line 1873, in _insert
    return query.get_compiler(using=using).execute_sql(returning_fields)
           ~~~~~~~~~~~~~~~~~~~~~~~~~~~~~~~~~~~~~~~~~~~^^^^^^^^^^^^^^^^^^
  File "C:\Users\ASUS\AppData\Roaming\Python\Python314\site-packages\django\db\models\sql\compiler.py", line 1882, in execute_sql
    cursor.execute(sql, params)
    ~~~~~~~~~~~~~~^^^^^^^^^^^^^
  File "C:\Users\ASUS\AppData\Roaming\Python\Python314\site-packages\django\db\backends\utils.py", line 122, in execute
    return super().execute(sql, params)
           ~~~~~~~~~~~~~~~^^^^^^^^^^^^^
  File "C:\Users\ASUS\AppData\Roaming\Python\Python314\site-packages\django\db\backends\utils.py", line 79, in execute
    return self._execute_with_wrappers(
           ~~~~~~~~~~~~~~~~~~~~~~~~~~~^
        sql, params, many=False, executor=self._execute
        ^^^^^^^^^^^^^^^^^^^^^^^^^^^^^^^^^^^^^^^^^^^^^^^
    )
    ^
  File "C:\Users\ASUS\AppData\Roaming\Python\Python314\site-packages\django\db\backends\utils.py", line 92, in _execute_with_wrappers
    return executor(sql, params, many, context)
  File "C:\Users\ASUS\AppData\Roaming\Python\Python314\site-packages\django\db\backends\utils.py", line 100, in _execute
    with self.db.wrap_database_errors:
         ^^^^^^^^^^^^^^^^^^^^^^^^^^^^
  File "C:\Users\ASUS\AppData\Roaming\Python\Python314\site-packages\django\db\utils.py", line 91, in __exit__
    raise dj_exc_value.with_traceback(traceback) from exc_value
  File "C:\Users\ASUS\AppData\Roaming\Python\Python314\site-packages\django\db\backends\utils.py", line 105, in _execute
    return self.cursor.execute(sql, params)
           ~~~~~~~~~~~~~~~~~~~^^^^^^^^^^^^^
  File "C:\Users\ASUS\AppData\Roaming\Python\Python314\site-packages\django\db\backends\sqlite3\base.py", line 360, in execute
    return super().execute(query, params)
           ~~~~~~~~~~~~~~~^^^^^^^^^^^^^^^
django.db.utils.IntegrityError: UNIQUE constraint failed: registrations_studentapplication.application_number
Internal Server Error: /api/auto-save/
Traceback (most recent call last):
  File "C:\Users\ASUS\AppData\Roaming\Python\Python314\site-packages\django\db\backends\utils.py", line 105, in _execute
    return self.cursor.execute(sql, params)
           ~~~~~~~~~~~~~~~~~~~^^^^^^^^^^^^^
  File "C:\Users\ASUS\AppData\Roaming\Python\Python314\site-packages\django\db\backends\sqlite3\base.py", line 360, in execute
    return super().execute(query, params)
           ~~~~~~~~~~~~~~~^^^^^^^^^^^^^^^
sqlite3.IntegrityError: UNIQUE constraint failed: registrations_studentapplication.application_number

The above exception was the direct cause of the following exception:

Traceback (most recent call last):
  File "C:\Users\ASUS\AppData\Roaming\Python\Python314\site-packages\django\core\handlers\exception.py", line 55, in inner
    response = get_response(request)
  File "C:\Users\ASUS\AppData\Roaming\Python\Python314\site-packages\django\core\handlers\base.py", line 197, in _get_response
    response = wrapped_callback(request, *callback_args, **callback_kwargs)
  File "C:\Users\ASUS\Downloads\TRAINING PROJECT\TRAINING PROJECT\registrations\views.py", line 689, in auto_save_field
    app = StudentApplication.objects.create(status=status_obj)
  File "C:\Users\ASUS\AppData\Roaming\Python\Python314\site-packages\django\db\models\manager.py", line 87, in manager_method
    return getattr(self.get_queryset(), name)(*args, **kwargs)
           ~~~~~~~~~~~~~~~~~~~~~~~~~~~~~~~~~~^^^^^^^^^^^^^^^^^
  File "C:\Users\ASUS\AppData\Roaming\Python\Python314\site-packages\django\db\models\query.py", line 665, in create
    obj.save(force_insert=True, using=self.db)
    ~~~~~~~~^^^^^^^^^^^^^^^^^^^^^^^^^^^^^^^^^^
  File "C:\Users\ASUS\AppData\Roaming\Python\Python314\site-packages\django\db\models\base.py", line 902, in save
    self.save_base(
    ~~~~~~~~~~~~~~^
        using=using,
        ^^^^^^^^^^^^
    ...<2 lines>...
        update_fields=update_fields,
        ^^^^^^^^^^^^^^^^^^^^^^^^^^^^
    )
    ^
  File "C:\Users\ASUS\AppData\Roaming\Python\Python314\site-packages\django\db\models\base.py", line 1008, in save_base
    updated = self._save_table(
        raw,
    ...<4 lines>...
        update_fields,
    )
  File "C:\Users\ASUS\AppData\Roaming\Python\Python314\site-packages\django\db\models\base.py", line 1169, in _save_table
    results = self._do_insert(
        cls._base_manager, using, fields, returning_fields, raw
    )
  File "C:\Users\ASUS\AppData\Roaming\Python\Python314\site-packages\django\db\models\base.py", line 1210, in _do_insert
    return manager._insert(
           ~~~~~~~~~~~~~~~^
        [self],
        ^^^^^^^
    ...<3 lines>...
        raw=raw,
        ^^^^^^^^
    )
    ^
  File "C:\Users\ASUS\AppData\Roaming\Python\Python314\site-packages\django\db\models\manager.py", line 87, in manager_method
    return getattr(self.get_queryset(), name)(*args, **kwargs)
           ~~~~~~~~~~~~~~~~~~~~~~~~~~~~~~~~~~^^^^^^^^^^^^^^^^^
  File "C:\Users\ASUS\AppData\Roaming\Python\Python314\site-packages\django\db\models\query.py", line 1873, in _insert
    return query.get_compiler(using=using).execute_sql(returning_fields)
           ~~~~~~~~~~~~~~~~~~~~~~~~~~~~~~~~~~~~~~~~~~~^^^^^^^^^^^^^^^^^^
  File "C:\Users\ASUS\AppData\Roaming\Python\Python314\site-packages\django\db\models\sql\compiler.py", line 1882, in execute_sql
    cursor.execute(sql, params)
    ~~~~~~~~~~~~~~^^^^^^^^^^^^^
  File "C:\Users\ASUS\AppData\Roaming\Python\Python314\site-packages\django\db\backends\utils.py", line 122, in execute
    return super().execute(sql, params)
           ~~~~~~~~~~~~~~~^^^^^^^^^^^^^
  File "C:\Users\ASUS\AppData\Roaming\Python\Python314\site-packages\django\db\backends\utils.py", line 79, in execute
    return self._execute_with_wrappers(
           ~~~~~~~~~~~~~~~~~~~~~~~~~~~^
        sql, params, many=False, executor=self._execute
        ^^^^^^^^^^^^^^^^^^^^^^^^^^^^^^^^^^^^^^^^^^^^^^^
    )
    ^
  File "C:\Users\ASUS\AppData\Roaming\Python\Python314\site-packages\django\db\backends\utils.py", line 92, in _execute_with_wrappers
    return executor(sql, params, many, context)
  File "C:\Users\ASUS\AppData\Roaming\Python\Python314\site-packages\django\db\backends\utils.py", line 100, in _execute
    with self.db.wrap_database_errors:
         ^^^^^^^^^^^^^^^^^^^^^^^^^^^^
  File "C:\Users\ASUS\AppData\Roaming\Python\Python314\site-packages\django\db\utils.py", line 91, in __exit__
    raise dj_exc_value.with_traceback(traceback) from exc_value
  File "C:\Users\ASUS\AppData\Roaming\Python\Python314\site-packages\django\db\backends\utils.py", line 105, in _execute
    return self.cursor.execute(sql, params)
           ~~~~~~~~~~~~~~~~~~~^^^^^^^^^^^^^
  File "C:\Users\ASUS\AppData\Roaming\Python\Python314\site-packages\django\db\backends\sqlite3\base.py", line 360, in execute
    return super().execute(query, params)
           ~~~~~~~~~~~~~~~^^^^^^^^^^^^^^^
django.db.utils.IntegrityError: UNIQUE constraint failed: registrations_studentapplication.application_number
Internal Server Error: /api/auto-save/
Traceback (most recent call last):
  File "C:\Users\ASUS\AppData\Roaming\Python\Python314\site-packages\django\db\backends\utils.py", line 105, in _execute
    return self.cursor.execute(sql, params)
           ~~~~~~~~~~~~~~~~~~~^^^^^^^^^^^^^
  File "C:\Users\ASUS\AppData\Roaming\Python\Python314\site-packages\django\db\backends\sqlite3\base.py", line 360, in execute
    return super().execute(query, params)
           ~~~~~~~~~~~~~~~^^^^^^^^^^^^^^^
sqlite3.IntegrityError: UNIQUE constraint failed: registrations_studentapplication.application_number

The above exception was the direct cause of the following exception:

Traceback (most recent call last):
  File "C:\Users\ASUS\AppData\Roaming\Python\Python314\site-packages\django\core\handlers\exception.py", line 55, in inner
    response = get_response(request)
  File "C:\Users\ASUS\AppData\Roaming\Python\Python314\site-packages\django\core\handlers\base.py", line 197, in _get_response
    response = wrapped_callback(request, *callback_args, **callback_kwargs)
  File "C:\Users\ASUS\Downloads\TRAINING PROJECT\TRAINING PROJECT\registrations\views.py", line 689, in auto_save_field
    app = StudentApplication.objects.create(status=status_obj)
  File "C:\Users\ASUS\AppData\Roaming\Python\Python314\site-packages\django\db\models\manager.py", line 87, in manager_method
    return getattr(self.get_queryset(), name)(*args, **kwargs)
           ~~~~~~~~~~~~~~~~~~~~~~~~~~~~~~~~~~^^^^^^^^^^^^^^^^^
  File "C:\Users\ASUS\AppData\Roaming\Python\Python314\site-packages\django\db\models\query.py", line 665, in create
    obj.save(force_insert=True, using=self.db)
    ~~~~~~~~^^^^^^^^^^^^^^^^^^^^^^^^^^^^^^^^^^
  File "C:\Users\ASUS\AppData\Roaming\Python\Python314\site-packages\django\db\models\base.py", line 902, in save
    self.save_base(
    ~~~~~~~~~~~~~~^
        using=using,
        ^^^^^^^^^^^^
    ...<2 lines>...
        update_fields=update_fields,
        ^^^^^^^^^^^^^^^^^^^^^^^^^^^^
    )
    ^
  File "C:\Users\ASUS\AppData\Roaming\Python\Python314\site-packages\django\db\models\base.py", line 1008, in save_base
    updated = self._save_table(
        raw,
    ...<4 lines>...
        update_fields,
    )
  File "C:\Users\ASUS\AppData\Roaming\Python\Python314\site-packages\django\db\models\base.py", line 1169, in _save_table
    results = self._do_insert(
        cls._base_manager, using, fields, returning_fields, raw
    )
  File "C:\Users\ASUS\AppData\Roaming\Python\Python314\site-packages\django\db\models\base.py", line 1210, in _do_insert
    return manager._insert(
           ~~~~~~~~~~~~~~~^
        [self],
        ^^^^^^^
    ...<3 lines>...
        raw=raw,
        ^^^^^^^^
    )
    ^
  File "C:\Users\ASUS\AppData\Roaming\Python\Python314\site-packages\django\db\models\manager.py", line 87, in manager_method
    return getattr(self.get_queryset(), name)(*args, **kwargs)
           ~~~~~~~~~~~~~~~~~~~~~~~~~~~~~~~~~~^^^^^^^^^^^^^^^^^
  File "C:\Users\ASUS\AppData\Roaming\Python\Python314\site-packages\django\db\models\query.py", line 1873, in _insert
    return query.get_compiler(using=using).execute_sql(returning_fields)
           ~~~~~~~~~~~~~~~~~~~~~~~~~~~~~~~~~~~~~~~~~~~^^^^^^^^^^^^^^^^^^
  File "C:\Users\ASUS\AppData\Roaming\Python\Python314\site-packages\django\db\models\sql\compiler.py", line 1882, in execute_sql
    cursor.execute(sql, params)
    ~~~~~~~~~~~~~~^^^^^^^^^^^^^
  File "C:\Users\ASUS\AppData\Roaming\Python\Python314\site-packages\django\db\backends\utils.py", line 122, in execute
    return super().execute(sql, params)
           ~~~~~~~~~~~~~~~^^^^^^^^^^^^^
  File "C:\Users\ASUS\AppData\Roaming\Python\Python314\site-packages\django\db\backends\utils.py", line 79, in execute
    return self._execute_with_wrappers(
           ~~~~~~~~~~~~~~~~~~~~~~~~~~~^
        sql, params, many=False, executor=self._execute
        ^^^^^^^^^^^^^^^^^^^^^^^^^^^^^^^^^^^^^^^^^^^^^^^
    )
    ^
  File "C:\Users\ASUS\AppData\Roaming\Python\Python314\site-packages\django\db\backends\utils.py", line 92, in _execute_with_wrappers
    return executor(sql, params, many, context)
  File "C:\Users\ASUS\AppData\Roaming\Python\Python314\site-packages\django\db\backends\utils.py", line 100, in _execute
    with self.db.wrap_database_errors:
         ^^^^^^^^^^^^^^^^^^^^^^^^^^^^
  File "C:\Users\ASUS\AppData\Roaming\Python\Python314\site-packages\django\db\utils.py", line 91, in __exit__
    raise dj_exc_value.with_traceback(traceback) from exc_value
  File "C:\Users\ASUS\AppData\Roaming\Python\Python314\site-packages\django\db\backends\utils.py", line 105, in _execute
    return self.cursor.execute(sql, params)
           ~~~~~~~~~~~~~~~~~~~^^^^^^^^^^^^^
  File "C:\Users\ASUS\AppData\Roaming\Python\Python314\site-packages\django\db\backends\sqlite3\base.py", line 360, in execute
    return super().execute(query, params)
           ~~~~~~~~~~~~~~~^^^^^^^^^^^^^^^
django.db.utils.IntegrityError: UNIQUE constraint failed: registrations_studentapplication.application_number
Internal Server Error: /api/auto-save/
Traceback (most recent call last):
  File "C:\Users\ASUS\AppData\Roaming\Python\Python314\site-packages\django\db\backends\utils.py", line 105, in _execute
    return self.cursor.execute(sql, params)
           ~~~~~~~~~~~~~~~~~~~^^^^^^^^^^^^^
  File "C:\Users\ASUS\AppData\Roaming\Python\Python314\site-packages\django\db\backends\sqlite3\base.py", line 360, in execute
    return super().execute(query, params)
           ~~~~~~~~~~~~~~~^^^^^^^^^^^^^^^
sqlite3.IntegrityError: UNIQUE constraint failed: registrations_studentapplication.application_number

The above exception was the direct cause of the following exception:

Traceback (most recent call last):
  File "C:\Users\ASUS\AppData\Roaming\Python\Python314\site-packages\django\core\handlers\exception.py", line 55, in inner
    response = get_response(request)
  File "C:\Users\ASUS\AppData\Roaming\Python\Python314\site-packages\django\core\handlers\base.py", line 197, in _get_response
    response = wrapped_callback(request, *callback_args, **callback_kwargs)
  File "C:\Users\ASUS\Downloads\TRAINING PROJECT\TRAINING PROJECT\registrations\views.py", line 689, in auto_save_field
    app = StudentApplication.objects.create(status=status_obj)
  File "C:\Users\ASUS\AppData\Roaming\Python\Python314\site-packages\django\db\models\manager.py", line 87, in manager_method
    return getattr(self.get_queryset(), name)(*args, **kwargs)
           ~~~~~~~~~~~~~~~~~~~~~~~~~~~~~~~~~~^^^^^^^^^^^^^^^^^
  File "C:\Users\ASUS\AppData\Roaming\Python\Python314\site-packages\django\db\models\query.py", line 665, in create
    obj.save(force_insert=True, using=self.db)
    ~~~~~~~~^^^^^^^^^^^^^^^^^^^^^^^^^^^^^^^^^^
  File "C:\Users\ASUS\AppData\Roaming\Python\Python314\site-packages\django\db\models\base.py", line 902, in save
    self.save_base(
    ~~~~~~~~~~~~~~^
        using=using,
        ^^^^^^^^^^^^
    ...<2 lines>...
        update_fields=update_fields,
        ^^^^^^^^^^^^^^^^^^^^^^^^^^^^
    )
    ^
  File "C:\Users\ASUS\AppData\Roaming\Python\Python314\site-packages\django\db\models\base.py", line 1008, in save_base
    updated = self._save_table(
        raw,
    ...<4 lines>...
        update_fields,
    )
  File "C:\Users\ASUS\AppData\Roaming\Python\Python314\site-packages\django\db\models\base.py", line 1169, in _save_table
    results = self._do_insert(
        cls._base_manager, using, fields, returning_fields, raw
    )
  File "C:\Users\ASUS\AppData\Roaming\Python\Python314\site-packages\django\db\models\base.py", line 1210, in _do_insert
    return manager._insert(
           ~~~~~~~~~~~~~~~^
        [self],
        ^^^^^^^
    ...<3 lines>...
        raw=raw,
        ^^^^^^^^
    )
    ^
  File "C:\Users\ASUS\AppData\Roaming\Python\Python314\site-packages\django\db\models\manager.py", line 87, in manager_method
    return getattr(self.get_queryset(), name)(*args, **kwargs)
           ~~~~~~~~~~~~~~~~~~~~~~~~~~~~~~~~~~^^^^^^^^^^^^^^^^^
  File "C:\Users\ASUS\AppData\Roaming\Python\Python314\site-packages\django\db\models\query.py", line 1873, in _insert
    return query.get_compiler(using=using).execute_sql(returning_fields)
           ~~~~~~~~~~~~~~~~~~~~~~~~~~~~~~~~~~~~~~~~~~~^^^^^^^^^^^^^^^^^^
  File "C:\Users\ASUS\AppData\Roaming\Python\Python314\site-packages\django\db\models\sql\compiler.py", line 1882, in execute_sql
    cursor.execute(sql, params)
    ~~~~~~~~~~~~~~^^^^^^^^^^^^^
  File "C:\Users\ASUS\AppData\Roaming\Python\Python314\site-packages\django\db\backends\utils.py", line 122, in execute
    return super().execute(sql, params)
           ~~~~~~~~~~~~~~~^^^^^^^^^^^^^
  File "C:\Users\ASUS\AppData\Roaming\Python\Python314\site-packages\django\db\backends\utils.py", line 79, in execute
    return self._execute_with_wrappers(
           ~~~~~~~~~~~~~~~~~~~~~~~~~~~^
        sql, params, many=False, executor=self._execute
        ^^^^^^^^^^^^^^^^^^^^^^^^^^^^^^^^^^^^^^^^^^^^^^^
    )
    ^
  File "C:\Users\ASUS\AppData\Roaming\Python\Python314\site-packages\django\db\backends\utils.py", line 92, in _execute_with_wrappers
    return executor(sql, params, many, context)
  File "C:\Users\ASUS\AppData\Roaming\Python\Python314\site-packages\django\db\backends\utils.py", line 100, in _execute
    with self.db.wrap_database_errors:
         ^^^^^^^^^^^^^^^^^^^^^^^^^^^^
  File "C:\Users\ASUS\AppData\Roaming\Python\Python314\site-packages\django\db\utils.py", line 91, in __exit__
    raise dj_exc_value.with_traceback(traceback) from exc_value
  File "C:\Users\ASUS\AppData\Roaming\Python\Python314\site-packages\django\db\backends\utils.py", line 105, in _execute
    return self.cursor.execute(sql, params)
           ~~~~~~~~~~~~~~~~~~~^^^^^^^^^^^^^
  File "C:\Users\ASUS\AppData\Roaming\Python\Python314\site-packages\django\db\backends\sqlite3\base.py", line 360, in execute
    return super().execute(query, params)
           ~~~~~~~~~~~~~~~^^^^^^^^^^^^^^^
django.db.utils.IntegrityError: UNIQUE constraint failed: registrations_studentapplication.application_number
Internal Server Error: /api/auto-save/
Traceback (most recent call last):
  File "C:\Users\ASUS\AppData\Roaming\Python\Python314\site-packages\django\db\backends\utils.py", line 105, in _execute
    return self.cursor.execute(sql, params)
           ~~~~~~~~~~~~~~~~~~~^^^^^^^^^^^^^
  File "C:\Users\ASUS\AppData\Roaming\Python\Python314\site-packages\django\db\backends\sqlite3\base.py", line 360, in execute
    return super().execute(query, params)
           ~~~~~~~~~~~~~~~^^^^^^^^^^^^^^^
sqlite3.IntegrityError: UNIQUE constraint failed: registrations_studentapplication.application_number

The above exception was the direct cause of the following exception:

Traceback (most recent call last):
  File "C:\Users\ASUS\AppData\Roaming\Python\Python314\site-packages\django\core\handlers\exception.py", line 55, in inner
    response = get_response(request)
  File "C:\Users\ASUS\AppData\Roaming\Python\Python314\site-packages\django\core\handlers\base.py", line 197, in _get_response
    response = wrapped_callback(request, *callback_args, **callback_kwargs)
  File "C:\Users\ASUS\Downloads\TRAINING PROJECT\TRAINING PROJECT\registrations\views.py", line 689, in auto_save_field
    app = StudentApplication.objects.create(status=status_obj)
  File "C:\Users\ASUS\AppData\Roaming\Python\Python314\site-packages\django\db\models\manager.py", line 87, in manager_method
    return getattr(self.get_queryset(), name)(*args, **kwargs)
           ~~~~~~~~~~~~~~~~~~~~~~~~~~~~~~~~~~^^^^^^^^^^^^^^^^^
  File "C:\Users\ASUS\AppData\Roaming\Python\Python314\site-packages\django\db\models\query.py", line 665, in create
    obj.save(force_insert=True, using=self.db)
    ~~~~~~~~^^^^^^^^^^^^^^^^^^^^^^^^^^^^^^^^^^
  File "C:\Users\ASUS\AppData\Roaming\Python\Python314\site-packages\django\db\models\base.py", line 902, in save
    self.save_base(
    ~~~~~~~~~~~~~~^
        using=using,
        ^^^^^^^^^^^^
    ...<2 lines>...
        update_fields=update_fields,
        ^^^^^^^^^^^^^^^^^^^^^^^^^^^^
    )
    ^
  File "C:\Users\ASUS\AppData\Roaming\Python\Python314\site-packages\django\db\models\base.py", line 1008, in save_base
    updated = self._save_table(
        raw,
    ...<4 lines>...
        update_fields,
    )
  File "C:\Users\ASUS\AppData\Roaming\Python\Python314\site-packages\django\db\models\base.py", line 1169, in _save_table
    results = self._do_insert(
        cls._base_manager, using, fields, returning_fields, raw
    )
  File "C:\Users\ASUS\AppData\Roaming\Python\Python314\site-packages\django\db\models\base.py", line 1210, in _do_insert
    return manager._insert(
           ~~~~~~~~~~~~~~~^
        [self],
        ^^^^^^^
    ...<3 lines>...
        raw=raw,
        ^^^^^^^^
    )
    ^
  File "C:\Users\ASUS\AppData\Roaming\Python\Python314\site-packages\django\db\models\manager.py", line 87, in manager_method
    return getattr(self.get_queryset(), name)(*args, **kwargs)
           ~~~~~~~~~~~~~~~~~~~~~~~~~~~~~~~~~~^^^^^^^^^^^^^^^^^
  File "C:\Users\ASUS\AppData\Roaming\Python\Python314\site-packages\django\db\models\query.py", line 1873, in _insert
    return query.get_compiler(using=using).execute_sql(returning_fields)
           ~~~~~~~~~~~~~~~~~~~~~~~~~~~~~~~~~~~~~~~~~~~^^^^^^^^^^^^^^^^^^
  File "C:\Users\ASUS\AppData\Roaming\Python\Python314\site-packages\django\db\models\sql\compiler.py", line 1882, in execute_sql
    cursor.execute(sql, params)
    ~~~~~~~~~~~~~~^^^^^^^^^^^^^
  File "C:\Users\ASUS\AppData\Roaming\Python\Python314\site-packages\django\db\backends\utils.py", line 122, in execute
    return super().execute(sql, params)
           ~~~~~~~~~~~~~~~^^^^^^^^^^^^^
  File "C:\Users\ASUS\AppData\Roaming\Python\Python314\site-packages\django\db\backends\utils.py", line 79, in execute
    return self._execute_with_wrappers(
           ~~~~~~~~~~~~~~~~~~~~~~~~~~~^
        sql, params, many=False, executor=self._execute
        ^^^^^^^^^^^^^^^^^^^^^^^^^^^^^^^^^^^^^^^^^^^^^^^
    )
    ^
  File "C:\Users\ASUS\AppData\Roaming\Python\Python314\site-packages\django\db\backends\utils.py", line 92, in _execute_with_wrappers
    return executor(sql, params, many, context)
  File "C:\Users\ASUS\AppData\Roaming\Python\Python314\site-packages\django\db\backends\utils.py", line 100, in _execute
    with self.db.wrap_database_errors:
         ^^^^^^^^^^^^^^^^^^^^^^^^^^^^
  File "C:\Users\ASUS\AppData\Roaming\Python\Python314\site-packages\django\db\utils.py", line 91, in __exit__
    raise dj_exc_value.with_traceback(traceback) from exc_value
  File "C:\Users\ASUS\AppData\Roaming\Python\Python314\site-packages\django\db\backends\utils.py", line 105, in _execute
    return self.cursor.execute(sql, params)
           ~~~~~~~~~~~~~~~~~~~^^^^^^^^^^^^^
  File "C:\Users\ASUS\AppData\Roaming\Python\Python314\site-packages\django\db\backends\sqlite3\base.py", line 360, in execute
    return super().execute(query, params)
           ~~~~~~~~~~~~~~~^^^^^^^^^^^^^^^
django.db.utils.IntegrityError: UNIQUE constraint failed: registrations_studentapplication.application_number
Internal Server Error: /api/auto-save/
Traceback (most recent call last):
  File "C:\Users\ASUS\AppData\Roaming\Python\Python314\site-packages\django\db\backends\utils.py", line 105, in _execute
    return self.cursor.execute(sql, params)
           ~~~~~~~~~~~~~~~~~~~^^^^^^^^^^^^^
  File "C:\Users\ASUS\AppData\Roaming\Python\Python314\site-packages\django\db\backends\sqlite3\base.py", line 360, in execute
    return super().execute(query, params)
           ~~~~~~~~~~~~~~~^^^^^^^^^^^^^^^
sqlite3.IntegrityError: UNIQUE constraint failed: registrations_studentapplication.application_number

The above exception was the direct cause of the following exception:

Traceback (most recent call last):
  File "C:\Users\ASUS\AppData\Roaming\Python\Python314\site-packages\django\core\handlers\exception.py", line 55, in inner
    response = get_response(request)
  File "C:\Users\ASUS\AppData\Roaming\Python\Python314\site-packages\django\core\handlers\base.py", line 197, in _get_response
    response = wrapped_callback(request, *callback_args, **callback_kwargs)
  File "C:\Users\ASUS\Downloads\TRAINING PROJECT\TRAINING PROJECT\registrations\views.py", line 689, in auto_save_field
    app = StudentApplication.objects.create(status=status_obj)
  File "C:\Users\ASUS\AppData\Roaming\Python\Python314\site-packages\django\db\models\manager.py", line 87, in manager_method
    return getattr(self.get_queryset(), name)(*args, **kwargs)
           ~~~~~~~~~~~~~~~~~~~~~~~~~~~~~~~~~~^^^^^^^^^^^^^^^^^
  File "C:\Users\ASUS\AppData\Roaming\Python\Python314\site-packages\django\db\models\query.py", line 665, in create
    obj.save(force_insert=True, using=self.db)
    ~~~~~~~~^^^^^^^^^^^^^^^^^^^^^^^^^^^^^^^^^^
  File "C:\Users\ASUS\AppData\Roaming\Python\Python314\site-packages\django\db\models\base.py", line 902, in save
    self.save_base(
    ~~~~~~~~~~~~~~^
        using=using,
        ^^^^^^^^^^^^
    ...<2 lines>...
        update_fields=update_fields,
        ^^^^^^^^^^^^^^^^^^^^^^^^^^^^
    )
    ^
  File "C:\Users\ASUS\AppData\Roaming\Python\Python314\site-packages\django\db\models\base.py", line 1008, in save_base
    updated = self._save_table(
        raw,
    ...<4 lines>...
        update_fields,
    )
  File "C:\Users\ASUS\AppData\Roaming\Python\Python314\site-packages\django\db\models\base.py", line 1169, in _save_table
    results = self._do_insert(
        cls._base_manager, using, fields, returning_fields, raw
    )
  File "C:\Users\ASUS\AppData\Roaming\Python\Python314\site-packages\django\db\models\base.py", line 1210, in _do_insert
    return manager._insert(
           ~~~~~~~~~~~~~~~^
        [self],
        ^^^^^^^
    ...<3 lines>...
        raw=raw,
        ^^^^^^^^
    )
    ^
  File "C:\Users\ASUS\AppData\Roaming\Python\Python314\site-packages\django\db\models\manager.py", line 87, in manager_method
    return getattr(self.get_queryset(), name)(*args, **kwargs)
           ~~~~~~~~~~~~~~~~~~~~~~~~~~~~~~~~~~^^^^^^^^^^^^^^^^^
  File "C:\Users\ASUS\AppData\Roaming\Python\Python314\site-packages\django\db\models\query.py", line 1873, in _insert
    return query.get_compiler(using=using).execute_sql(returning_fields)
           ~~~~~~~~~~~~~~~~~~~~~~~~~~~~~~~~~~~~~~~~~~~^^^^^^^^^^^^^^^^^^
  File "C:\Users\ASUS\AppData\Roaming\Python\Python314\site-packages\django\db\models\sql\compiler.py", line 1882, in execute_sql
    cursor.execute(sql, params)
    ~~~~~~~~~~~~~~^^^^^^^^^^^^^
  File "C:\Users\ASUS\AppData\Roaming\Python\Python314\site-packages\django\db\backends\utils.py", line 122, in execute
    return super().execute(sql, params)
           ~~~~~~~~~~~~~~~^^^^^^^^^^^^^
  File "C:\Users\ASUS\AppData\Roaming\Python\Python314\site-packages\django\db\backends\utils.py", line 79, in execute
    return self._execute_with_wrappers(
           ~~~~~~~~~~~~~~~~~~~~~~~~~~~^
        sql, params, many=False, executor=self._execute
        ^^^^^^^^^^^^^^^^^^^^^^^^^^^^^^^^^^^^^^^^^^^^^^^
    )
    ^
  File "C:\Users\ASUS\AppData\Roaming\Python\Python314\site-packages\django\db\backends\utils.py", line 92, in _execute_with_wrappers
    return executor(sql, params, many, context)
  File "C:\Users\ASUS\AppData\Roaming\Python\Python314\site-packages\django\db\backends\utils.py", line 100, in _execute
    with self.db.wrap_database_errors:
         ^^^^^^^^^^^^^^^^^^^^^^^^^^^^
  File "C:\Users\ASUS\AppData\Roaming\Python\Python314\site-packages\django\db\utils.py", line 91, in __exit__
    raise dj_exc_value.with_traceback(traceback) from exc_value
  File "C:\Users\ASUS\AppData\Roaming\Python\Python314\site-packages\django\db\backends\utils.py", line 105, in _execute
    return self.cursor.execute(sql, params)
           ~~~~~~~~~~~~~~~~~~~^^^^^^^^^^^^^
  File "C:\Users\ASUS\AppData\Roaming\Python\Python314\site-packages\django\db\backends\sqlite3\base.py", line 360, in execute
    return super().execute(query, params)
           ~~~~~~~~~~~~~~~^^^^^^^^^^^^^^^
django.db.utils.IntegrityError: UNIQUE constraint failed: registrations_studentapplication.application_number
Internal Server Error: /api/auto-save/
Traceback (most recent call last):
  File "C:\Users\ASUS\AppData\Roaming\Python\Python314\site-packages\django\db\backends\utils.py", line 105, in _execute
    return self.cursor.execute(sql, params)
           ~~~~~~~~~~~~~~~~~~~^^^^^^^^^^^^^
  File "C:\Users\ASUS\AppData\Roaming\Python\Python314\site-packages\django\db\backends\sqlite3\base.py", line 360, in execute
    return super().execute(query, params)
           ~~~~~~~~~~~~~~~^^^^^^^^^^^^^^^
sqlite3.IntegrityError: UNIQUE constraint failed: registrations_studentapplication.application_number

The above exception was the direct cause of the following exception:

Traceback (most recent call last):
  File "C:\Users\ASUS\AppData\Roaming\Python\Python314\site-packages\django\core\handlers\exception.py", line 55, in inner
    response = get_response(request)
  File "C:\Users\ASUS\AppData\Roaming\Python\Python314\site-packages\django\core\handlers\base.py", line 197, in _get_response
    response = wrapped_callback(request, *callback_args, **callback_kwargs)
  File "C:\Users\ASUS\Downloads\TRAINING PROJECT\TRAINING PROJECT\registrations\views.py", line 689, in auto_save_field
    app = StudentApplication.objects.create(status=status_obj)
  File "C:\Users\ASUS\AppData\Roaming\Python\Python314\site-packages\django\db\models\manager.py", line 87, in manager_method
    return getattr(self.get_queryset(), name)(*args, **kwargs)
           ~~~~~~~~~~~~~~~~~~~~~~~~~~~~~~~~~~^^^^^^^^^^^^^^^^^
  File "C:\Users\ASUS\AppData\Roaming\Python\Python314\site-packages\django\db\models\query.py", line 665, in create
    obj.save(force_insert=True, using=self.db)
    ~~~~~~~~^^^^^^^^^^^^^^^^^^^^^^^^^^^^^^^^^^
  File "C:\Users\ASUS\AppData\Roaming\Python\Python314\site-packages\django\db\models\base.py", line 902, in save
    self.save_base(
    ~~~~~~~~~~~~~~^
        using=using,
        ^^^^^^^^^^^^
    ...<2 lines>...
        update_fields=update_fields,
        ^^^^^^^^^^^^^^^^^^^^^^^^^^^^
    )
    ^
  File "C:\Users\ASUS\AppData\Roaming\Python\Python314\site-packages\django\db\models\base.py", line 1008, in save_base
    updated = self._save_table(
        raw,
    ...<4 lines>...
        update_fields,
    )
  File "C:\Users\ASUS\AppData\Roaming\Python\Python314\site-packages\django\db\models\base.py", line 1169, in _save_table
    results = self._do_insert(
        cls._base_manager, using, fields, returning_fields, raw
    )
  File "C:\Users\ASUS\AppData\Roaming\Python\Python314\site-packages\django\db\models\base.py", line 1210, in _do_insert
    return manager._insert(
           ~~~~~~~~~~~~~~~^
        [self],
        ^^^^^^^
    ...<3 lines>...
        raw=raw,
        ^^^^^^^^
    )
    ^
  File "C:\Users\ASUS\AppData\Roaming\Python\Python314\site-packages\django\db\models\manager.py", line 87, in manager_method
    return getattr(self.get_queryset(), name)(*args, **kwargs)
           ~~~~~~~~~~~~~~~~~~~~~~~~~~~~~~~~~~^^^^^^^^^^^^^^^^^
  File "C:\Users\ASUS\AppData\Roaming\Python\Python314\site-packages\django\db\models\query.py", line 1873, in _insert
    return query.get_compiler(using=using).execute_sql(returning_fields)
           ~~~~~~~~~~~~~~~~~~~~~~~~~~~~~~~~~~~~~~~~~~~^^^^^^^^^^^^^^^^^^
  File "C:\Users\ASUS\AppData\Roaming\Python\Python314\site-packages\django\db\models\sql\compiler.py", line 1882, in execute_sql
    cursor.execute(sql, params)
    ~~~~~~~~~~~~~~^^^^^^^^^^^^^
  File "C:\Users\ASUS\AppData\Roaming\Python\Python314\site-packages\django\db\backends\utils.py", line 122, in execute
    return super().execute(sql, params)
           ~~~~~~~~~~~~~~~^^^^^^^^^^^^^
  File "C:\Users\ASUS\AppData\Roaming\Python\Python314\site-packages\django\db\backends\utils.py", line 79, in execute
    return self._execute_with_wrappers(
           ~~~~~~~~~~~~~~~~~~~~~~~~~~~^
        sql, params, many=False, executor=self._execute
        ^^^^^^^^^^^^^^^^^^^^^^^^^^^^^^^^^^^^^^^^^^^^^^^
    )
    ^
  File "C:\Users\ASUS\AppData\Roaming\Python\Python314\site-packages\django\db\backends\utils.py", line 92, in _execute_with_wrappers
    return executor(sql, params, many, context)
  File "C:\Users\ASUS\AppData\Roaming\Python\Python314\site-packages\django\db\backends\utils.py", line 100, in _execute
    with self.db.wrap_database_errors:
         ^^^^^^^^^^^^^^^^^^^^^^^^^^^^
  File "C:\Users\ASUS\AppData\Roaming\Python\Python314\site-packages\django\db\utils.py", line 91, in __exit__
    raise dj_exc_value.with_traceback(traceback) from exc_value
  File "C:\Users\ASUS\AppData\Roaming\Python\Python314\site-packages\django\db\backends\utils.py", line 105, in _execute
    return self.cursor.execute(sql, params)
           ~~~~~~~~~~~~~~~~~~~^^^^^^^^^^^^^
  File "C:\Users\ASUS\AppData\Roaming\Python\Python314\site-packages\django\db\backends\sqlite3\base.py", line 360, in execute
    return super().execute(query, params)
           ~~~~~~~~~~~~~~~^^^^^^^^^^^^^^^
django.db.utils.IntegrityError: UNIQUE constraint failed: registrations_studentapplication.application_number
Internal Server Error: /api/auto-save/
Traceback (most recent call last):
  File "C:\Users\ASUS\AppData\Roaming\Python\Python314\site-packages\django\db\backends\utils.py", line 105, in _execute
    return self.cursor.execute(sql, params)
           ~~~~~~~~~~~~~~~~~~~^^^^^^^^^^^^^
  File "C:\Users\ASUS\AppData\Roaming\Python\Python314\site-packages\django\db\backends\sqlite3\base.py", line 360, in execute
    return super().execute(query, params)
           ~~~~~~~~~~~~~~~^^^^^^^^^^^^^^^
sqlite3.IntegrityError: UNIQUE constraint failed: registrations_studentapplication.application_number

The above exception was the direct cause of the following exception:

Traceback (most recent call last):
  File "C:\Users\ASUS\AppData\Roaming\Python\Python314\site-packages\django\core\handlers\exception.py", line 55, in inner
    response = get_response(request)
  File "C:\Users\ASUS\AppData\Roaming\Python\Python314\site-packages\django\core\handlers\base.py", line 197, in _get_response
    response = wrapped_callback(request, *callback_args, **callback_kwargs)
  File "C:\Users\ASUS\Downloads\TRAINING PROJECT\TRAINING PROJECT\registrations\views.py", line 689, in auto_save_field
    app = StudentApplication.objects.create(status=status_obj)
  File "C:\Users\ASUS\AppData\Roaming\Python\Python314\site-packages\django\db\models\manager.py", line 87, in manager_method
    return getattr(self.get_queryset(), name)(*args, **kwargs)
           ~~~~~~~~~~~~~~~~~~~~~~~~~~~~~~~~~~^^^^^^^^^^^^^^^^^
  File "C:\Users\ASUS\AppData\Roaming\Python\Python314\site-packages\django\db\models\query.py", line 665, in create
    obj.save(force_insert=True, using=self.db)
    ~~~~~~~~^^^^^^^^^^^^^^^^^^^^^^^^^^^^^^^^^^
  File "C:\Users\ASUS\AppData\Roaming\Python\Python314\site-packages\django\db\models\base.py", line 902, in save
    self.save_base(
    ~~~~~~~~~~~~~~^
        using=using,
        ^^^^^^^^^^^^
    ...<2 lines>...
        update_fields=update_fields,
        ^^^^^^^^^^^^^^^^^^^^^^^^^^^^
    )
    ^
  File "C:\Users\ASUS\AppData\Roaming\Python\Python314\site-packages\django\db\models\base.py", line 1008, in save_base
    updated = self._save_table(
        raw,
    ...<4 lines>...
        update_fields,
    )
  File "C:\Users\ASUS\AppData\Roaming\Python\Python314\site-packages\django\db\models\base.py", line 1169, in _save_table
    results = self._do_insert(
        cls._base_manager, using, fields, returning_fields, raw
    )
  File "C:\Users\ASUS\AppData\Roaming\Python\Python314\site-packages\django\db\models\base.py", line 1210, in _do_insert
    return manager._insert(
           ~~~~~~~~~~~~~~~^
        [self],
        ^^^^^^^
    ...<3 lines>...
        raw=raw,
        ^^^^^^^^
    )
    ^
  File "C:\Users\ASUS\AppData\Roaming\Python\Python314\site-packages\django\db\models\manager.py", line 87, in manager_method
    return getattr(self.get_queryset(), name)(*args, **kwargs)
           ~~~~~~~~~~~~~~~~~~~~~~~~~~~~~~~~~~^^^^^^^^^^^^^^^^^
  File "C:\Users\ASUS\AppData\Roaming\Python\Python314\site-packages\django\db\models\query.py", line 1873, in _insert
    return query.get_compiler(using=using).execute_sql(returning_fields)
           ~~~~~~~~~~~~~~~~~~~~~~~~~~~~~~~~~~~~~~~~~~~^^^^^^^^^^^^^^^^^^
  File "C:\Users\ASUS\AppData\Roaming\Python\Python314\site-packages\django\db\models\sql\compiler.py", line 1882, in execute_sql
    cursor.execute(sql, params)
    ~~~~~~~~~~~~~~^^^^^^^^^^^^^
  File "C:\Users\ASUS\AppData\Roaming\Python\Python314\site-packages\django\db\backends\utils.py", line 122, in execute
    return super().execute(sql, params)
           ~~~~~~~~~~~~~~~^^^^^^^^^^^^^
  File "C:\Users\ASUS\AppData\Roaming\Python\Python314\site-packages\django\db\backends\utils.py", line 79, in execute
    return self._execute_with_wrappers(
           ~~~~~~~~~~~~~~~~~~~~~~~~~~~^
        sql, params, many=False, executor=self._execute
        ^^^^^^^^^^^^^^^^^^^^^^^^^^^^^^^^^^^^^^^^^^^^^^^
    )
    ^
  File "C:\Users\ASUS\AppData\Roaming\Python\Python314\site-packages\django\db\backends\utils.py", line 92, in _execute_with_wrappers
    return executor(sql, params, many, context)
  File "C:\Users\ASUS\AppData\Roaming\Python\Python314\site-packages\django\db\backends\utils.py", line 100, in _execute
    with self.db.wrap_database_errors:
         ^^^^^^^^^^^^^^^^^^^^^^^^^^^^
  File "C:\Users\ASUS\AppData\Roaming\Python\Python314\site-packages\django\db\utils.py", line 91, in __exit__
    raise dj_exc_value.with_traceback(traceback) from exc_value
  File "C:\Users\ASUS\AppData\Roaming\Python\Python314\site-packages\django\db\backends\utils.py", line 105, in _execute
    return self.cursor.execute(sql, params)
           ~~~~~~~~~~~~~~~~~~~^^^^^^^^^^^^^
  File "C:\Users\ASUS\AppData\Roaming\Python\Python314\site-packages\django\db\backends\sqlite3\base.py", line 360, in execute
    return super().execute(query, params)
           ~~~~~~~~~~~~~~~^^^^^^^^^^^^^^^
django.db.utils.IntegrityError: UNIQUE constraint failed: registrations_studentapplication.application_number
Internal Server Error: /api/auto-save/
Traceback (most recent call last):
  File "C:\Users\ASUS\AppData\Roaming\Python\Python314\site-packages\django\db\backends\utils.py", line 105, in _execute
    return self.cursor.execute(sql, params)
           ~~~~~~~~~~~~~~~~~~~^^^^^^^^^^^^^
  File "C:\Users\ASUS\AppData\Roaming\Python\Python314\site-packages\django\db\backends\sqlite3\base.py", line 360, in execute
    return super().execute(query, params)
           ~~~~~~~~~~~~~~~^^^^^^^^^^^^^^^
sqlite3.IntegrityError: UNIQUE constraint failed: registrations_studentapplication.application_number

The above exception was the direct cause of the following exception:

Traceback (most recent call last):
  File "C:\Users\ASUS\AppData\Roaming\Python\Python314\site-packages\django\core\handlers\exception.py", line 55, in inner
    response = get_response(request)
  File "C:\Users\ASUS\AppData\Roaming\Python\Python314\site-packages\django\core\handlers\base.py", line 197, in _get_response
    response = wrapped_callback(request, *callback_args, **callback_kwargs)
  File "C:\Users\ASUS\Downloads\TRAINING PROJECT\TRAINING PROJECT\registrations\views.py", line 689, in auto_save_field
    app = StudentApplication.objects.create(status=status_obj)
  File "C:\Users\ASUS\AppData\Roaming\Python\Python314\site-packages\django\db\models\manager.py", line 87, in manager_method
    return getattr(self.get_queryset(), name)(*args, **kwargs)
           ~~~~~~~~~~~~~~~~~~~~~~~~~~~~~~~~~~^^^^^^^^^^^^^^^^^
  File "C:\Users\ASUS\AppData\Roaming\Python\Python314\site-packages\django\db\models\query.py", line 665, in create
    obj.save(force_insert=True, using=self.db)
    ~~~~~~~~^^^^^^^^^^^^^^^^^^^^^^^^^^^^^^^^^^
  File "C:\Users\ASUS\AppData\Roaming\Python\Python314\site-packages\django\db\models\base.py", line 902, in save
    self.save_base(
    ~~~~~~~~~~~~~~^
        using=using,
        ^^^^^^^^^^^^
    ...<2 lines>...
        update_fields=update_fields,
        ^^^^^^^^^^^^^^^^^^^^^^^^^^^^
    )
    ^
  File "C:\Users\ASUS\AppData\Roaming\Python\Python314\site-packages\django\db\models\base.py", line 1008, in save_base
    updated = self._save_table(
        raw,
    ...<4 lines>...
        update_fields,
    )
  File "C:\Users\ASUS\AppData\Roaming\Python\Python314\site-packages\django\db\models\base.py", line 1169, in _save_table
    results = self._do_insert(
        cls._base_manager, using, fields, returning_fields, raw
    )
  File "C:\Users\ASUS\AppData\Roaming\Python\Python314\site-packages\django\db\models\base.py", line 1210, in _do_insert
    return manager._insert(
           ~~~~~~~~~~~~~~~^
        [self],
        ^^^^^^^
    ...<3 lines>...
        raw=raw,
        ^^^^^^^^
    )
    ^
  File "C:\Users\ASUS\AppData\Roaming\Python\Python314\site-packages\django\db\models\manager.py", line 87, in manager_method
    return getattr(self.get_queryset(), name)(*args, **kwargs)
           ~~~~~~~~~~~~~~~~~~~~~~~~~~~~~~~~~~^^^^^^^^^^^^^^^^^
  File "C:\Users\ASUS\AppData\Roaming\Python\Python314\site-packages\django\db\models\query.py", line 1873, in _insert
    return query.get_compiler(using=using).execute_sql(returning_fields)
           ~~~~~~~~~~~~~~~~~~~~~~~~~~~~~~~~~~~~~~~~~~~^^^^^^^^^^^^^^^^^^
  File "C:\Users\ASUS\AppData\Roaming\Python\Python314\site-packages\django\db\models\sql\compiler.py", line 1882, in execute_sql
    cursor.execute(sql, params)
    ~~~~~~~~~~~~~~^^^^^^^^^^^^^
  File "C:\Users\ASUS\AppData\Roaming\Python\Python314\site-packages\django\db\backends\utils.py", line 122, in execute
    return super().execute(sql, params)
           ~~~~~~~~~~~~~~~^^^^^^^^^^^^^
  File "C:\Users\ASUS\AppData\Roaming\Python\Python314\site-packages\django\db\backends\utils.py", line 79, in execute
    return self._execute_with_wrappers(
           ~~~~~~~~~~~~~~~~~~~~~~~~~~~^
        sql, params, many=False, executor=self._execute
        ^^^^^^^^^^^^^^^^^^^^^^^^^^^^^^^^^^^^^^^^^^^^^^^
    )
    ^
  File "C:\Users\ASUS\AppData\Roaming\Python\Python314\site-packages\django\db\backends\utils.py", line 92, in _execute_with_wrappers
    return executor(sql, params, many, context)
  File "C:\Users\ASUS\AppData\Roaming\Python\Python314\site-packages\django\db\backends\utils.py", line 100, in _execute
    with self.db.wrap_database_errors:
         ^^^^^^^^^^^^^^^^^^^^^^^^^^^^
  File "C:\Users\ASUS\AppData\Roaming\Python\Python314\site-packages\django\db\utils.py", line 91, in __exit__
    raise dj_exc_value.with_traceback(traceback) from exc_value
  File "C:\Users\ASUS\AppData\Roaming\Python\Python314\site-packages\django\db\backends\utils.py", line 105, in _execute
    return self.cursor.execute(sql, params)
           ~~~~~~~~~~~~~~~~~~~^^^^^^^^^^^^^
  File "C:\Users\ASUS\AppData\Roaming\Python\Python314\site-packages\django\db\backends\sqlite3\base.py", line 360, in execute
    return super().execute(query, params)
           ~~~~~~~~~~~~~~~^^^^^^^^^^^^^^^
django.db.utils.IntegrityError: UNIQUE constraint failed: registrations_studentapplication.application_number
Internal Server Error: /api/auto-save/
Traceback (most recent call last):
  File "C:\Users\ASUS\AppData\Roaming\Python\Python314\site-packages\django\db\backends\utils.py", line 105, in _execute
    return self.cursor.execute(sql, params)
           ~~~~~~~~~~~~~~~~~~~^^^^^^^^^^^^^
  File "C:\Users\ASUS\AppData\Roaming\Python\Python314\site-packages\django\db\backends\sqlite3\base.py", line 360, in execute
    return super().execute(query, params)
           ~~~~~~~~~~~~~~~^^^^^^^^^^^^^^^
sqlite3.IntegrityError: UNIQUE constraint failed: registrations_studentapplication.application_number

The above exception was the direct cause of the following exception:

Traceback (most recent call last):
  File "C:\Users\ASUS\AppData\Roaming\Python\Python314\site-packages\django\core\handlers\exception.py", line 55, in inner
    response = get_response(request)
  File "C:\Users\ASUS\AppData\Roaming\Python\Python314\site-packages\django\core\handlers\base.py", line 197, in _get_response
    response = wrapped_callback(request, *callback_args, **callback_kwargs)
  File "C:\Users\ASUS\Downloads\TRAINING PROJECT\TRAINING PROJECT\registrations\views.py", line 689, in auto_save_field
    app = StudentApplication.objects.create(status=status_obj)
  File "C:\Users\ASUS\AppData\Roaming\Python\Python314\site-packages\django\db\models\manager.py", line 87, in manager_method
    return getattr(self.get_queryset(), name)(*args, **kwargs)
           ~~~~~~~~~~~~~~~~~~~~~~~~~~~~~~~~~~^^^^^^^^^^^^^^^^^
  File "C:\Users\ASUS\AppData\Roaming\Python\Python314\site-packages\django\db\models\query.py", line 665, in create
    obj.save(force_insert=True, using=self.db)
    ~~~~~~~~^^^^^^^^^^^^^^^^^^^^^^^^^^^^^^^^^^
  File "C:\Users\ASUS\AppData\Roaming\Python\Python314\site-packages\django\db\models\base.py", line 902, in save
    self.save_base(
    ~~~~~~~~~~~~~~^
        using=using,
        ^^^^^^^^^^^^
    ...<2 lines>...
        update_fields=update_fields,
        ^^^^^^^^^^^^^^^^^^^^^^^^^^^^
    )
    ^
  File "C:\Users\ASUS\AppData\Roaming\Python\Python314\site-packages\django\db\models\base.py", line 1008, in save_base
    updated = self._save_table(
        raw,
    ...<4 lines>...
        update_fields,
    )
  File "C:\Users\ASUS\AppData\Roaming\Python\Python314\site-packages\django\db\models\base.py", line 1169, in _save_table
    results = self._do_insert(
        cls._base_manager, using, fields, returning_fields, raw
    )
  File "C:\Users\ASUS\AppData\Roaming\Python\Python314\site-packages\django\db\models\base.py", line 1210, in _do_insert
    return manager._insert(
           ~~~~~~~~~~~~~~~^
        [self],
        ^^^^^^^
    ...<3 lines>...
        raw=raw,
        ^^^^^^^^
    )
    ^
  File "C:\Users\ASUS\AppData\Roaming\Python\Python314\site-packages\django\db\models\manager.py", line 87, in manager_method
    return getattr(self.get_queryset(), name)(*args, **kwargs)
           ~~~~~~~~~~~~~~~~~~~~~~~~~~~~~~~~~~^^^^^^^^^^^^^^^^^
  File "C:\Users\ASUS\AppData\Roaming\Python\Python314\site-packages\django\db\models\query.py", line 1873, in _insert
    return query.get_compiler(using=using).execute_sql(returning_fields)
           ~~~~~~~~~~~~~~~~~~~~~~~~~~~~~~~~~~~~~~~~~~~^^^^^^^^^^^^^^^^^^
  File "C:\Users\ASUS\AppData\Roaming\Python\Python314\site-packages\django\db\models\sql\compiler.py", line 1882, in execute_sql
    cursor.execute(sql, params)
    ~~~~~~~~~~~~~~^^^^^^^^^^^^^
  File "C:\Users\ASUS\AppData\Roaming\Python\Python314\site-packages\django\db\backends\utils.py", line 122, in execute
    return super().execute(sql, params)
           ~~~~~~~~~~~~~~~^^^^^^^^^^^^^
  File "C:\Users\ASUS\AppData\Roaming\Python\Python314\site-packages\django\db\backends\utils.py", line 79, in execute
    return self._execute_with_wrappers(
           ~~~~~~~~~~~~~~~~~~~~~~~~~~~^
        sql, params, many=False, executor=self._execute
        ^^^^^^^^^^^^^^^^^^^^^^^^^^^^^^^^^^^^^^^^^^^^^^^
    )
    ^
  File "C:\Users\ASUS\AppData\Roaming\Python\Python314\site-packages\django\db\backends\utils.py", line 92, in _execute_with_wrappers
    return executor(sql, params, many, context)
  File "C:\Users\ASUS\AppData\Roaming\Python\Python314\site-packages\django\db\backends\utils.py", line 100, in _execute
    with self.db.wrap_database_errors:
         ^^^^^^^^^^^^^^^^^^^^^^^^^^^^
  File "C:\Users\ASUS\AppData\Roaming\Python\Python314\site-packages\django\db\utils.py", line 91, in __exit__
    raise dj_exc_value.with_traceback(traceback) from exc_value
  File "C:\Users\ASUS\AppData\Roaming\Python\Python314\site-packages\django\db\backends\utils.py", line 105, in _execute
    return self.cursor.execute(sql, params)
           ~~~~~~~~~~~~~~~~~~~^^^^^^^^^^^^^
  File "C:\Users\ASUS\AppData\Roaming\Python\Python314\site-packages\django\db\backends\sqlite3\base.py", line 360, in execute
    return super().execute(query, params)
           ~~~~~~~~~~~~~~~^^^^^^^^^^^^^^^
django.db.utils.IntegrityError: UNIQUE constraint failed: registrations_studentapplication.application_number
Internal Server Error: /api/auto-save/
Traceback (most recent call last):
  File "C:\Users\ASUS\AppData\Roaming\Python\Python314\site-packages\django\db\backends\utils.py", line 105, in _execute
    return self.cursor.execute(sql, params)
           ~~~~~~~~~~~~~~~~~~~^^^^^^^^^^^^^
  File "C:\Users\ASUS\AppData\Roaming\Python\Python314\site-packages\django\db\backends\sqlite3\base.py", line 360, in execute
    return super().execute(query, params)
           ~~~~~~~~~~~~~~~^^^^^^^^^^^^^^^
sqlite3.IntegrityError: UNIQUE constraint failed: registrations_studentapplication.application_number

The above exception was the direct cause of the following exception:

Traceback (most recent call last):
  File "C:\Users\ASUS\AppData\Roaming\Python\Python314\site-packages\django\core\handlers\exception.py", line 55, in inner
    response = get_response(request)
  File "C:\Users\ASUS\AppData\Roaming\Python\Python314\site-packages\django\core\handlers\base.py", line 197, in _get_response
    response = wrapped_callback(request, *callback_args, **callback_kwargs)
  File "C:\Users\ASUS\Downloads\TRAINING PROJECT\TRAINING PROJECT\registrations\views.py", line 689, in auto_save_field
    app = StudentApplication.objects.create(status=status_obj)
  File "C:\Users\ASUS\AppData\Roaming\Python\Python314\site-packages\django\db\models\manager.py", line 87, in manager_method
    return getattr(self.get_queryset(), name)(*args, **kwargs)
           ~~~~~~~~~~~~~~~~~~~~~~~~~~~~~~~~~~^^^^^^^^^^^^^^^^^
  File "C:\Users\ASUS\AppData\Roaming\Python\Python314\site-packages\django\db\models\query.py", line 665, in create
    obj.save(force_insert=True, using=self.db)
    ~~~~~~~~^^^^^^^^^^^^^^^^^^^^^^^^^^^^^^^^^^
  File "C:\Users\ASUS\AppData\Roaming\Python\Python314\site-packages\django\db\models\base.py", line 902, in save
    self.save_base(
    ~~~~~~~~~~~~~~^
        using=using,
        ^^^^^^^^^^^^
    ...<2 lines>...
        update_fields=update_fields,
        ^^^^^^^^^^^^^^^^^^^^^^^^^^^^
    )
    ^
  File "C:\Users\ASUS\AppData\Roaming\Python\Python314\site-packages\django\db\models\base.py", line 1008, in save_base
    updated = self._save_table(
        raw,
    ...<4 lines>...
        update_fields,
    )
  File "C:\Users\ASUS\AppData\Roaming\Python\Python314\site-packages\django\db\models\base.py", line 1169, in _save_table
    results = self._do_insert(
        cls._base_manager, using, fields, returning_fields, raw
    )
  File "C:\Users\ASUS\AppData\Roaming\Python\Python314\site-packages\django\db\models\base.py", line 1210, in _do_insert
    return manager._insert(
           ~~~~~~~~~~~~~~~^
        [self],
        ^^^^^^^
    ...<3 lines>...
        raw=raw,
        ^^^^^^^^
    )
    ^
  File "C:\Users\ASUS\AppData\Roaming\Python\Python314\site-packages\django\db\models\manager.py", line 87, in manager_method
    return getattr(self.get_queryset(), name)(*args, **kwargs)
           ~~~~~~~~~~~~~~~~~~~~~~~~~~~~~~~~~~^^^^^^^^^^^^^^^^^
  File "C:\Users\ASUS\AppData\Roaming\Python\Python314\site-packages\django\db\models\query.py", line 1873, in _insert
    return query.get_compiler(using=using).execute_sql(returning_fields)
           ~~~~~~~~~~~~~~~~~~~~~~~~~~~~~~~~~~~~~~~~~~~^^^^^^^^^^^^^^^^^^
  File "C:\Users\ASUS\AppData\Roaming\Python\Python314\site-packages\django\db\models\sql\compiler.py", line 1882, in execute_sql
    cursor.execute(sql, params)
    ~~~~~~~~~~~~~~^^^^^^^^^^^^^
  File "C:\Users\ASUS\AppData\Roaming\Python\Python314\site-packages\django\db\backends\utils.py", line 122, in execute
    return super().execute(sql, params)
           ~~~~~~~~~~~~~~~^^^^^^^^^^^^^
  File "C:\Users\ASUS\AppData\Roaming\Python\Python314\site-packages\django\db\backends\utils.py", line 79, in execute
    return self._execute_with_wrappers(
           ~~~~~~~~~~~~~~~~~~~~~~~~~~~^
        sql, params, many=False, executor=self._execute
        ^^^^^^^^^^^^^^^^^^^^^^^^^^^^^^^^^^^^^^^^^^^^^^^
    )
    ^
  File "C:\Users\ASUS\AppData\Roaming\Python\Python314\site-packages\django\db\backends\utils.py", line 92, in _execute_with_wrappers
    return executor(sql, params, many, context)
  File "C:\Users\ASUS\AppData\Roaming\Python\Python314\site-packages\django\db\backends\utils.py", line 100, in _execute
    with self.db.wrap_database_errors:
         ^^^^^^^^^^^^^^^^^^^^^^^^^^^^
  File "C:\Users\ASUS\AppData\Roaming\Python\Python314\site-packages\django\db\utils.py", line 91, in __exit__
    raise dj_exc_value.with_traceback(traceback) from exc_value
  File "C:\Users\ASUS\AppData\Roaming\Python\Python314\site-packages\django\db\backends\utils.py", line 105, in _execute
    return self.cursor.execute(sql, params)
           ~~~~~~~~~~~~~~~~~~~^^^^^^^^^^^^^
  File "C:\Users\ASUS\AppData\Roaming\Python\Python314\site-packages\django\db\backends\sqlite3\base.py", line 360, in execute
    return super().execute(query, params)
           ~~~~~~~~~~~~~~~^^^^^^^^^^^^^^^
django.db.utils.IntegrityError: UNIQUE constraint failed: registrations_studentapplication.application_number
Internal Server Error: /api/auto-save/
Traceback (most recent call last):
  File "C:\Users\ASUS\AppData\Roaming\Python\Python314\site-packages\django\db\backends\utils.py", line 105, in _execute
    return self.cursor.execute(sql, params)
           ~~~~~~~~~~~~~~~~~~~^^^^^^^^^^^^^
  File "C:\Users\ASUS\AppData\Roaming\Python\Python314\site-packages\django\db\backends\sqlite3\base.py", line 360, in execute
    return super().execute(query, params)
           ~~~~~~~~~~~~~~~^^^^^^^^^^^^^^^
sqlite3.IntegrityError: UNIQUE constraint failed: registrations_studentapplication.application_number

The above exception was the direct cause of the following exception:

Traceback (most recent call last):
  File "C:\Users\ASUS\AppData\Roaming\Python\Python314\site-packages\django\core\handlers\exception.py", line 55, in inner
    response = get_response(request)
  File "C:\Users\ASUS\AppData\Roaming\Python\Python314\site-packages\django\core\handlers\base.py", line 197, in _get_response
    response = wrapped_callback(request, *callback_args, **callback_kwargs)
  File "C:\Users\ASUS\Downloads\TRAINING PROJECT\TRAINING PROJECT\registrations\views.py", line 689, in auto_save_field
    app = StudentApplication.objects.create(status=status_obj)
  File "C:\Users\ASUS\AppData\Roaming\Python\Python314\site-packages\django\db\models\manager.py", line 87, in manager_method
    return getattr(self.get_queryset(), name)(*args, **kwargs)
           ~~~~~~~~~~~~~~~~~~~~~~~~~~~~~~~~~~^^^^^^^^^^^^^^^^^
  File "C:\Users\ASUS\AppData\Roaming\Python\Python314\site-packages\django\db\models\query.py", line 665, in create
    obj.save(force_insert=True, using=self.db)
    ~~~~~~~~^^^^^^^^^^^^^^^^^^^^^^^^^^^^^^^^^^
  File "C:\Users\ASUS\AppData\Roaming\Python\Python314\site-packages\django\db\models\base.py", line 902, in save
    self.save_base(
    ~~~~~~~~~~~~~~^
        using=using,
        ^^^^^^^^^^^^
    ...<2 lines>...
        update_fields=update_fields,
        ^^^^^^^^^^^^^^^^^^^^^^^^^^^^
    )
    ^
  File "C:\Users\ASUS\AppData\Roaming\Python\Python314\site-packages\django\db\models\base.py", line 1008, in save_base
    updated = self._save_table(
        raw,
    ...<4 lines>...
        update_fields,
    )
  File "C:\Users\ASUS\AppData\Roaming\Python\Python314\site-packages\django\db\models\base.py", line 1169, in _save_table
    results = self._do_insert(
        cls._base_manager, using, fields, returning_fields, raw
    )
  File "C:\Users\ASUS\AppData\Roaming\Python\Python314\site-packages\django\db\models\base.py", line 1210, in _do_insert
    return manager._insert(
           ~~~~~~~~~~~~~~~^
        [self],
        ^^^^^^^
    ...<3 lines>...
        raw=raw,
        ^^^^^^^^
    )
    ^
  File "C:\Users\ASUS\AppData\Roaming\Python\Python314\site-packages\django\db\models\manager.py", line 87, in manager_method
    return getattr(self.get_queryset(), name)(*args, **kwargs)
           ~~~~~~~~~~~~~~~~~~~~~~~~~~~~~~~~~~^^^^^^^^^^^^^^^^^
  File "C:\Users\ASUS\AppData\Roaming\Python\Python314\site-packages\django\db\models\query.py", line 1873, in _insert
    return query.get_compiler(using=using).execute_sql(returning_fields)
           ~~~~~~~~~~~~~~~~~~~~~~~~~~~~~~~~~~~~~~~~~~~^^^^^^^^^^^^^^^^^^
  File "C:\Users\ASUS\AppData\Roaming\Python\Python314\site-packages\django\db\models\sql\compiler.py", line 1882, in execute_sql
    cursor.execute(sql, params)
    ~~~~~~~~~~~~~~^^^^^^^^^^^^^
  File "C:\Users\ASUS\AppData\Roaming\Python\Python314\site-packages\django\db\backends\utils.py", line 122, in execute
    return super().execute(sql, params)
           ~~~~~~~~~~~~~~~^^^^^^^^^^^^^
  File "C:\Users\ASUS\AppData\Roaming\Python\Python314\site-packages\django\db\backends\utils.py", line 79, in execute
    return self._execute_with_wrappers(
           ~~~~~~~~~~~~~~~~~~~~~~~~~~~^
        sql, params, many=False, executor=self._execute
        ^^^^^^^^^^^^^^^^^^^^^^^^^^^^^^^^^^^^^^^^^^^^^^^
    )
    ^
  File "C:\Users\ASUS\AppData\Roaming\Python\Python314\site-packages\django\db\backends\utils.py", line 92, in _execute_with_wrappers
    return executor(sql, params, many, context)
  File "C:\Users\ASUS\AppData\Roaming\Python\Python314\site-packages\django\db\backends\utils.py", line 100, in _execute
    with self.db.wrap_database_errors:
         ^^^^^^^^^^^^^^^^^^^^^^^^^^^^
  File "C:\Users\ASUS\AppData\Roaming\Python\Python314\site-packages\django\db\utils.py", line 91, in __exit__
    raise dj_exc_value.with_traceback(traceback) from exc_value
  File "C:\Users\ASUS\AppData\Roaming\Python\Python314\site-packages\django\db\backends\utils.py", line 105, in _execute
    return self.cursor.execute(sql, params)
           ~~~~~~~~~~~~~~~~~~~^^^^^^^^^^^^^
  File "C:\Users\ASUS\AppData\Roaming\Python\Python314\site-packages\django\db\backends\sqlite3\base.py", line 360, in execute
    return super().execute(query, params)
           ~~~~~~~~~~~~~~~^^^^^^^^^^^^^^^
django.db.utils.IntegrityError: UNIQUE constraint failed: registrations_studentapplication.application_number
Internal Server Error: /api/auto-save/
Traceback (most recent call last):
  File "C:\Users\ASUS\AppData\Roaming\Python\Python314\site-packages\django\db\backends\utils.py", line 105, in _execute
    return self.cursor.execute(sql, params)
           ~~~~~~~~~~~~~~~~~~~^^^^^^^^^^^^^
  File "C:\Users\ASUS\AppData\Roaming\Python\Python314\site-packages\django\db\backends\sqlite3\base.py", line 360, in execute
    return super().execute(query, params)
           ~~~~~~~~~~~~~~~^^^^^^^^^^^^^^^
sqlite3.IntegrityError: UNIQUE constraint failed: registrations_studentapplication.application_number

The above exception was the direct cause of the following exception:

Traceback (most recent call last):
  File "C:\Users\ASUS\AppData\Roaming\Python\Python314\site-packages\django\core\handlers\exception.py", line 55, in inner
    response = get_response(request)
  File "C:\Users\ASUS\AppData\Roaming\Python\Python314\site-packages\django\core\handlers\base.py", line 197, in _get_response
    response = wrapped_callback(request, *callback_args, **callback_kwargs)
  File "C:\Users\ASUS\Downloads\TRAINING PROJECT\TRAINING PROJECT\registrations\views.py", line 689, in auto_save_field
    app = StudentApplication.objects.create(status=status_obj)
  File "C:\Users\ASUS\AppData\Roaming\Python\Python314\site-packages\django\db\models\manager.py", line 87, in manager_method
    return getattr(self.get_queryset(), name)(*args, **kwargs)
           ~~~~~~~~~~~~~~~~~~~~~~~~~~~~~~~~~~^^^^^^^^^^^^^^^^^
  File "C:\Users\ASUS\AppData\Roaming\Python\Python314\site-packages\django\db\models\query.py", line 665, in create
    obj.save(force_insert=True, using=self.db)
    ~~~~~~~~^^^^^^^^^^^^^^^^^^^^^^^^^^^^^^^^^^
  File "C:\Users\ASUS\AppData\Roaming\Python\Python314\site-packages\django\db\models\base.py", line 902, in save
    self.save_base(
    ~~~~~~~~~~~~~~^
        using=using,
        ^^^^^^^^^^^^
    ...<2 lines>...
        update_fields=update_fields,
        ^^^^^^^^^^^^^^^^^^^^^^^^^^^^
    )
    ^
  File "C:\Users\ASUS\AppData\Roaming\Python\Python314\site-packages\django\db\models\base.py", line 1008, in save_base
    updated = self._save_table(
        raw,
    ...<4 lines>...
        update_fields,
    )
  File "C:\Users\ASUS\AppData\Roaming\Python\Python314\site-packages\django\db\models\base.py", line 1169, in _save_table
    results = self._do_insert(
        cls._base_manager, using, fields, returning_fields, raw
    )
  File "C:\Users\ASUS\AppData\Roaming\Python\Python314\site-packages\django\db\models\base.py", line 1210, in _do_insert
    return manager._insert(
           ~~~~~~~~~~~~~~~^
        [self],
        ^^^^^^^
    ...<3 lines>...
        raw=raw,
        ^^^^^^^^
    )
    ^
  File "C:\Users\ASUS\AppData\Roaming\Python\Python314\site-packages\django\db\models\manager.py", line 87, in manager_method
    return getattr(self.get_queryset(), name)(*args, **kwargs)
           ~~~~~~~~~~~~~~~~~~~~~~~~~~~~~~~~~~^^^^^^^^^^^^^^^^^
  File "C:\Users\ASUS\AppData\Roaming\Python\Python314\site-packages\django\db\models\query.py", line 1873, in _insert
    return query.get_compiler(using=using).execute_sql(returning_fields)
           ~~~~~~~~~~~~~~~~~~~~~~~~~~~~~~~~~~~~~~~~~~~^^^^^^^^^^^^^^^^^^
  File "C:\Users\ASUS\AppData\Roaming\Python\Python314\site-packages\django\db\models\sql\compiler.py", line 1882, in execute_sql
    cursor.execute(sql, params)
    ~~~~~~~~~~~~~~^^^^^^^^^^^^^
  File "C:\Users\ASUS\AppData\Roaming\Python\Python314\site-packages\django\db\backends\utils.py", line 122, in execute
    return super().execute(sql, params)
           ~~~~~~~~~~~~~~~^^^^^^^^^^^^^
  File "C:\Users\ASUS\AppData\Roaming\Python\Python314\site-packages\django\db\backends\utils.py", line 79, in execute
    return self._execute_with_wrappers(
           ~~~~~~~~~~~~~~~~~~~~~~~~~~~^
        sql, params, many=False, executor=self._execute
        ^^^^^^^^^^^^^^^^^^^^^^^^^^^^^^^^^^^^^^^^^^^^^^^
    )
    ^
  File "C:\Users\ASUS\AppData\Roaming\Python\Python314\site-packages\django\db\backends\utils.py", line 92, in _execute_with_wrappers
    return executor(sql, params, many, context)
  File "C:\Users\ASUS\AppData\Roaming\Python\Python314\site-packages\django\db\backends\utils.py", line 100, in _execute
    with self.db.wrap_database_errors:
         ^^^^^^^^^^^^^^^^^^^^^^^^^^^^
  File "C:\Users\ASUS\AppData\Roaming\Python\Python314\site-packages\django\db\utils.py", line 91, in __exit__
    raise dj_exc_value.with_traceback(traceback) from exc_value
  File "C:\Users\ASUS\AppData\Roaming\Python\Python314\site-packages\django\db\backends\utils.py", line 105, in _execute
    return self.cursor.execute(sql, params)
           ~~~~~~~~~~~~~~~~~~~^^^^^^^^^^^^^
  File "C:\Users\ASUS\AppData\Roaming\Python\Python314\site-packages\django\db\backends\sqlite3\base.py", line 360, in execute
    return super().execute(query, params)
           ~~~~~~~~~~~~~~~^^^^^^^^^^^^^^^
django.db.utils.IntegrityError: UNIQUE constraint failed: registrations_studentapplication.application_number
Internal Server Error: /api/auto-save/
Traceback (most recent call last):
  File "C:\Users\ASUS\AppData\Roaming\Python\Python314\site-packages\django\db\backends\utils.py", line 105, in _execute
    return self.cursor.execute(sql, params)
           ~~~~~~~~~~~~~~~~~~~^^^^^^^^^^^^^
  File "C:\Users\ASUS\AppData\Roaming\Python\Python314\site-packages\django\db\backends\sqlite3\base.py", line 360, in execute
    return super().execute(query, params)
           ~~~~~~~~~~~~~~~^^^^^^^^^^^^^^^
sqlite3.IntegrityError: UNIQUE constraint failed: registrations_studentapplication.application_number

The above exception was the direct cause of the following exception:

Traceback (most recent call last):
  File "C:\Users\ASUS\AppData\Roaming\Python\Python314\site-packages\django\core\handlers\exception.py", line 55, in inner
    response = get_response(request)
  File "C:\Users\ASUS\AppData\Roaming\Python\Python314\site-packages\django\core\handlers\base.py", line 197, in _get_response
    response = wrapped_callback(request, *callback_args, **callback_kwargs)
  File "C:\Users\ASUS\Downloads\TRAINING PROJECT\TRAINING PROJECT\registrations\views.py", line 689, in auto_save_field
    app = StudentApplication.objects.create(status=status_obj)
  File "C:\Users\ASUS\AppData\Roaming\Python\Python314\site-packages\django\db\models\manager.py", line 87, in manager_method
    return getattr(self.get_queryset(), name)(*args, **kwargs)
           ~~~~~~~~~~~~~~~~~~~~~~~~~~~~~~~~~~^^^^^^^^^^^^^^^^^
  File "C:\Users\ASUS\AppData\Roaming\Python\Python314\site-packages\django\db\models\query.py", line 665, in create
    obj.save(force_insert=True, using=self.db)
    ~~~~~~~~^^^^^^^^^^^^^^^^^^^^^^^^^^^^^^^^^^
  File "C:\Users\ASUS\AppData\Roaming\Python\Python314\site-packages\django\db\models\base.py", line 902, in save
    self.save_base(
    ~~~~~~~~~~~~~~^
        using=using,
        ^^^^^^^^^^^^
    ...<2 lines>...
        update_fields=update_fields,
        ^^^^^^^^^^^^^^^^^^^^^^^^^^^^
    )
    ^
  File "C:\Users\ASUS\AppData\Roaming\Python\Python314\site-packages\django\db\models\base.py", line 1008, in save_base
    updated = self._save_table(
        raw,
    ...<4 lines>...
        update_fields,
    )
  File "C:\Users\ASUS\AppData\Roaming\Python\Python314\site-packages\django\db\models\base.py", line 1169, in _save_table
    results = self._do_insert(
        cls._base_manager, using, fields, returning_fields, raw
    )
  File "C:\Users\ASUS\AppData\Roaming\Python\Python314\site-packages\django\db\models\base.py", line 1210, in _do_insert
    return manager._insert(
           ~~~~~~~~~~~~~~~^
        [self],
        ^^^^^^^
    ...<3 lines>...
        raw=raw,
        ^^^^^^^^
    )
    ^
  File "C:\Users\ASUS\AppData\Roaming\Python\Python314\site-packages\django\db\models\manager.py", line 87, in manager_method
    return getattr(self.get_queryset(), name)(*args, **kwargs)
           ~~~~~~~~~~~~~~~~~~~~~~~~~~~~~~~~~~^^^^^^^^^^^^^^^^^
  File "C:\Users\ASUS\AppData\Roaming\Python\Python314\site-packages\django\db\models\query.py", line 1873, in _insert
    return query.get_compiler(using=using).execute_sql(returning_fields)
           ~~~~~~~~~~~~~~~~~~~~~~~~~~~~~~~~~~~~~~~~~~~^^^^^^^^^^^^^^^^^^
  File "C:\Users\ASUS\AppData\Roaming\Python\Python314\site-packages\django\db\models\sql\compiler.py", line 1882, in execute_sql
    cursor.execute(sql, params)
    ~~~~~~~~~~~~~~^^^^^^^^^^^^^
  File "C:\Users\ASUS\AppData\Roaming\Python\Python314\site-packages\django\db\backends\utils.py", line 122, in execute
    return super().execute(sql, params)
           ~~~~~~~~~~~~~~~^^^^^^^^^^^^^
  File "C:\Users\ASUS\AppData\Roaming\Python\Python314\site-packages\django\db\backends\utils.py", line 79, in execute
    return self._execute_with_wrappers(
           ~~~~~~~~~~~~~~~~~~~~~~~~~~~^
        sql, params, many=False, executor=self._execute
        ^^^^^^^^^^^^^^^^^^^^^^^^^^^^^^^^^^^^^^^^^^^^^^^
    )
    ^
  File "C:\Users\ASUS\AppData\Roaming\Python\Python314\site-packages\django\db\backends\utils.py", line 92, in _execute_with_wrappers
    return executor(sql, params, many, context)
  File "C:\Users\ASUS\AppData\Roaming\Python\Python314\site-packages\django\db\backends\utils.py", line 100, in _execute
    with self.db.wrap_database_errors:
         ^^^^^^^^^^^^^^^^^^^^^^^^^^^^
  File "C:\Users\ASUS\AppData\Roaming\Python\Python314\site-packages\django\db\utils.py", line 91, in __exit__
    raise dj_exc_value.with_traceback(traceback) from exc_value
  File "C:\Users\ASUS\AppData\Roaming\Python\Python314\site-packages\django\db\backends\utils.py", line 105, in _execute
    return self.cursor.execute(sql, params)
           ~~~~~~~~~~~~~~~~~~~^^^^^^^^^^^^^
  File "C:\Users\ASUS\AppData\Roaming\Python\Python314\site-packages\django\db\backends\sqlite3\base.py", line 360, in execute
    return super().execute(query, params)
           ~~~~~~~~~~~~~~~^^^^^^^^^^^^^^^
django.db.utils.IntegrityError: UNIQUE constraint failed: registrations_studentapplication.application_number
Internal Server Error: /api/auto-save/
Traceback (most recent call last):
  File "C:\Users\ASUS\AppData\Roaming\Python\Python314\site-packages\django\db\backends\utils.py", line 105, in _execute
    return self.cursor.execute(sql, params)
           ~~~~~~~~~~~~~~~~~~~^^^^^^^^^^^^^
  File "C:\Users\ASUS\AppData\Roaming\Python\Python314\site-packages\django\db\backends\sqlite3\base.py", line 360, in execute
    return super().execute(query, params)
           ~~~~~~~~~~~~~~~^^^^^^^^^^^^^^^
sqlite3.IntegrityError: UNIQUE constraint failed: registrations_studentapplication.application_number

The above exception was the direct cause of the following exception:

Traceback (most recent call last):
  File "C:\Users\ASUS\AppData\Roaming\Python\Python314\site-packages\django\core\handlers\exception.py", line 55, in inner
    response = get_response(request)
  File "C:\Users\ASUS\AppData\Roaming\Python\Python314\site-packages\django\core\handlers\base.py", line 197, in _get_response
    response = wrapped_callback(request, *callback_args, **callback_kwargs)
  File "C:\Users\ASUS\Downloads\TRAINING PROJECT\TRAINING PROJECT\registrations\views.py", line 689, in auto_save_field
    app = StudentApplication.objects.create(status=status_obj)
  File "C:\Users\ASUS\AppData\Roaming\Python\Python314\site-packages\django\db\models\manager.py", line 87, in manager_method
    return getattr(self.get_queryset(), name)(*args, **kwargs)
           ~~~~~~~~~~~~~~~~~~~~~~~~~~~~~~~~~~^^^^^^^^^^^^^^^^^
  File "C:\Users\ASUS\AppData\Roaming\Python\Python314\site-packages\django\db\models\query.py", line 665, in create
    obj.save(force_insert=True, using=self.db)
    ~~~~~~~~^^^^^^^^^^^^^^^^^^^^^^^^^^^^^^^^^^
  File "C:\Users\ASUS\AppData\Roaming\Python\Python314\site-packages\django\db\models\base.py", line 902, in save
    self.save_base(
    ~~~~~~~~~~~~~~^
        using=using,
        ^^^^^^^^^^^^
    ...<2 lines>...
        update_fields=update_fields,
        ^^^^^^^^^^^^^^^^^^^^^^^^^^^^
    )
    ^
  File "C:\Users\ASUS\AppData\Roaming\Python\Python314\site-packages\django\db\models\base.py", line 1008, in save_base
    updated = self._save_table(
        raw,
    ...<4 lines>...
        update_fields,
    )
  File "C:\Users\ASUS\AppData\Roaming\Python\Python314\site-packages\django\db\models\base.py", line 1169, in _save_table
    results = self._do_insert(
        cls._base_manager, using, fields, returning_fields, raw
    )
  File "C:\Users\ASUS\AppData\Roaming\Python\Python314\site-packages\django\db\models\base.py", line 1210, in _do_insert
    return manager._insert(
           ~~~~~~~~~~~~~~~^
        [self],
        ^^^^^^^
    ...<3 lines>...
        raw=raw,
        ^^^^^^^^
    )
    ^
  File "C:\Users\ASUS\AppData\Roaming\Python\Python314\site-packages\django\db\models\manager.py", line 87, in manager_method
    return getattr(self.get_queryset(), name)(*args, **kwargs)
           ~~~~~~~~~~~~~~~~~~~~~~~~~~~~~~~~~~^^^^^^^^^^^^^^^^^
  File "C:\Users\ASUS\AppData\Roaming\Python\Python314\site-packages\django\db\models\query.py", line 1873, in _insert
    return query.get_compiler(using=using).execute_sql(returning_fields)
           ~~~~~~~~~~~~~~~~~~~~~~~~~~~~~~~~~~~~~~~~~~~^^^^^^^^^^^^^^^^^^
  File "C:\Users\ASUS\AppData\Roaming\Python\Python314\site-packages\django\db\models\sql\compiler.py", line 1882, in execute_sql
    cursor.execute(sql, params)
    ~~~~~~~~~~~~~~^^^^^^^^^^^^^
  File "C:\Users\ASUS\AppData\Roaming\Python\Python314\site-packages\django\db\backends\utils.py", line 122, in execute
    return super().execute(sql, params)
           ~~~~~~~~~~~~~~~^^^^^^^^^^^^^
  File "C:\Users\ASUS\AppData\Roaming\Python\Python314\site-packages\django\db\backends\utils.py", line 79, in execute
    return self._execute_with_wrappers(
           ~~~~~~~~~~~~~~~~~~~~~~~~~~~^
        sql, params, many=False, executor=self._execute
        ^^^^^^^^^^^^^^^^^^^^^^^^^^^^^^^^^^^^^^^^^^^^^^^
    )
    ^
  File "C:\Users\ASUS\AppData\Roaming\Python\Python314\site-packages\django\db\backends\utils.py", line 92, in _execute_with_wrappers
    return executor(sql, params, many, context)
  File "C:\Users\ASUS\AppData\Roaming\Python\Python314\site-packages\django\db\backends\utils.py", line 100, in _execute
    with self.db.wrap_database_errors:
         ^^^^^^^^^^^^^^^^^^^^^^^^^^^^
  File "C:\Users\ASUS\AppData\Roaming\Python\Python314\site-packages\django\db\utils.py", line 91, in __exit__
    raise dj_exc_value.with_traceback(traceback) from exc_value
  File "C:\Users\ASUS\AppData\Roaming\Python\Python314\site-packages\django\db\backends\utils.py", line 105, in _execute
    return self.cursor.execute(sql, params)
           ~~~~~~~~~~~~~~~~~~~^^^^^^^^^^^^^
  File "C:\Users\ASUS\AppData\Roaming\Python\Python314\site-packages\django\db\backends\sqlite3\base.py", line 360, in execute
    return super().execute(query, params)
           ~~~~~~~~~~~~~~~^^^^^^^^^^^^^^^
django.db.utils.IntegrityError: UNIQUE constraint failed: registrations_studentapplication.application_number
Internal Server Error: /api/auto-save/
Traceback (most recent call last):
  File "C:\Users\ASUS\AppData\Roaming\Python\Python314\site-packages\django\db\backends\utils.py", line 105, in _execute
    return self.cursor.execute(sql, params)
           ~~~~~~~~~~~~~~~~~~~^^^^^^^^^^^^^
  File "C:\Users\ASUS\AppData\Roaming\Python\Python314\site-packages\django\db\backends\sqlite3\base.py", line 360, in execute
    return super().execute(query, params)
           ~~~~~~~~~~~~~~~^^^^^^^^^^^^^^^
sqlite3.IntegrityError: UNIQUE constraint failed: registrations_studentapplication.application_number

The above exception was the direct cause of the following exception:

Traceback (most recent call last):
  File "C:\Users\ASUS\AppData\Roaming\Python\Python314\site-packages\django\core\handlers\exception.py", line 55, in inner
    response = get_response(request)
  File "C:\Users\ASUS\AppData\Roaming\Python\Python314\site-packages\django\core\handlers\base.py", line 197, in _get_response
    response = wrapped_callback(request, *callback_args, **callback_kwargs)
  File "C:\Users\ASUS\Downloads\TRAINING PROJECT\TRAINING PROJECT\registrations\views.py", line 689, in auto_save_field
    app = StudentApplication.objects.create(status=status_obj)
  File "C:\Users\ASUS\AppData\Roaming\Python\Python314\site-packages\django\db\models\manager.py", line 87, in manager_method
    return getattr(self.get_queryset(), name)(*args, **kwargs)
           ~~~~~~~~~~~~~~~~~~~~~~~~~~~~~~~~~~^^^^^^^^^^^^^^^^^
  File "C:\Users\ASUS\AppData\Roaming\Python\Python314\site-packages\django\db\models\query.py", line 665, in create
    obj.save(force_insert=True, using=self.db)
    ~~~~~~~~^^^^^^^^^^^^^^^^^^^^^^^^^^^^^^^^^^
  File "C:\Users\ASUS\AppData\Roaming\Python\Python314\site-packages\django\db\models\base.py", line 902, in save
    self.save_base(
    ~~~~~~~~~~~~~~^
        using=using,
        ^^^^^^^^^^^^
    ...<2 lines>...
        update_fields=update_fields,
        ^^^^^^^^^^^^^^^^^^^^^^^^^^^^
    )
    ^
  File "C:\Users\ASUS\AppData\Roaming\Python\Python314\site-packages\django\db\models\base.py", line 1008, in save_base
    updated = self._save_table(
        raw,
    ...<4 lines>...
        update_fields,
    )
  File "C:\Users\ASUS\AppData\Roaming\Python\Python314\site-packages\django\db\models\base.py", line 1169, in _save_table
    results = self._do_insert(
        cls._base_manager, using, fields, returning_fields, raw
    )
  File "C:\Users\ASUS\AppData\Roaming\Python\Python314\site-packages\django\db\models\base.py", line 1210, in _do_insert
    return manager._insert(
           ~~~~~~~~~~~~~~~^
        [self],
        ^^^^^^^
    ...<3 lines>...
        raw=raw,
        ^^^^^^^^
    )
    ^
  File "C:\Users\ASUS\AppData\Roaming\Python\Python314\site-packages\django\db\models\manager.py", line 87, in manager_method
    return getattr(self.get_queryset(), name)(*args, **kwargs)
           ~~~~~~~~~~~~~~~~~~~~~~~~~~~~~~~~~~^^^^^^^^^^^^^^^^^
  File "C:\Users\ASUS\AppData\Roaming\Python\Python314\site-packages\django\db\models\query.py", line 1873, in _insert
    return query.get_compiler(using=using).execute_sql(returning_fields)
           ~~~~~~~~~~~~~~~~~~~~~~~~~~~~~~~~~~~~~~~~~~~^^^^^^^^^^^^^^^^^^
  File "C:\Users\ASUS\AppData\Roaming\Python\Python314\site-packages\django\db\models\sql\compiler.py", line 1882, in execute_sql
    cursor.execute(sql, params)
    ~~~~~~~~~~~~~~^^^^^^^^^^^^^
  File "C:\Users\ASUS\AppData\Roaming\Python\Python314\site-packages\django\db\backends\utils.py", line 122, in execute
    return super().execute(sql, params)
           ~~~~~~~~~~~~~~~^^^^^^^^^^^^^
  File "C:\Users\ASUS\AppData\Roaming\Python\Python314\site-packages\django\db\backends\utils.py", line 79, in execute
    return self._execute_with_wrappers(
           ~~~~~~~~~~~~~~~~~~~~~~~~~~~^
        sql, params, many=False, executor=self._execute
        ^^^^^^^^^^^^^^^^^^^^^^^^^^^^^^^^^^^^^^^^^^^^^^^
    )
    ^
  File "C:\Users\ASUS\AppData\Roaming\Python\Python314\site-packages\django\db\backends\utils.py", line 92, in _execute_with_wrappers
    return executor(sql, params, many, context)
  File "C:\Users\ASUS\AppData\Roaming\Python\Python314\site-packages\django\db\backends\utils.py", line 100, in _execute
    with self.db.wrap_database_errors:
         ^^^^^^^^^^^^^^^^^^^^^^^^^^^^
  File "C:\Users\ASUS\AppData\Roaming\Python\Python314\site-packages\django\db\utils.py", line 91, in __exit__
    raise dj_exc_value.with_traceback(traceback) from exc_value
  File "C:\Users\ASUS\AppData\Roaming\Python\Python314\site-packages\django\db\backends\utils.py", line 105, in _execute
    return self.cursor.execute(sql, params)
           ~~~~~~~~~~~~~~~~~~~^^^^^^^^^^^^^
  File "C:\Users\ASUS\AppData\Roaming\Python\Python314\site-packages\django\db\backends\sqlite3\base.py", line 360, in execute
    return super().execute(query, params)
           ~~~~~~~~~~~~~~~^^^^^^^^^^^^^^^
django.db.utils.IntegrityError: UNIQUE constraint failed: registrations_studentapplication.application_number
Internal Server Error: /api/auto-save/
Traceback (most recent call last):
  File "C:\Users\ASUS\AppData\Roaming\Python\Python314\site-packages\django\db\backends\utils.py", line 105, in _execute
    return self.cursor.execute(sql, params)
           ~~~~~~~~~~~~~~~~~~~^^^^^^^^^^^^^
  File "C:\Users\ASUS\AppData\Roaming\Python\Python314\site-packages\django\db\backends\sqlite3\base.py", line 360, in execute
    return super().execute(query, params)
           ~~~~~~~~~~~~~~~^^^^^^^^^^^^^^^
sqlite3.IntegrityError: UNIQUE constraint failed: registrations_studentapplication.application_number

The above exception was the direct cause of the following exception:

Traceback (most recent call last):
  File "C:\Users\ASUS\AppData\Roaming\Python\Python314\site-packages\django\core\handlers\exception.py", line 55, in inner
    response = get_response(request)
  File "C:\Users\ASUS\AppData\Roaming\Python\Python314\site-packages\django\core\handlers\base.py", line 197, in _get_response
    response = wrapped_callback(request, *callback_args, **callback_kwargs)
  File "C:\Users\ASUS\Downloads\TRAINING PROJECT\TRAINING PROJECT\registrations\views.py", line 689, in auto_save_field
    app = StudentApplication.objects.create(status=status_obj)
  File "C:\Users\ASUS\AppData\Roaming\Python\Python314\site-packages\django\db\models\manager.py", line 87, in manager_method
    return getattr(self.get_queryset(), name)(*args, **kwargs)
           ~~~~~~~~~~~~~~~~~~~~~~~~~~~~~~~~~~^^^^^^^^^^^^^^^^^
  File "C:\Users\ASUS\AppData\Roaming\Python\Python314\site-packages\django\db\models\query.py", line 665, in create
    obj.save(force_insert=True, using=self.db)
    ~~~~~~~~^^^^^^^^^^^^^^^^^^^^^^^^^^^^^^^^^^
  File "C:\Users\ASUS\AppData\Roaming\Python\Python314\site-packages\django\db\models\base.py", line 902, in save
    self.save_base(
    ~~~~~~~~~~~~~~^
        using=using,
        ^^^^^^^^^^^^
    ...<2 lines>...
        update_fields=update_fields,
        ^^^^^^^^^^^^^^^^^^^^^^^^^^^^
    )
    ^
  File "C:\Users\ASUS\AppData\Roaming\Python\Python314\site-packages\django\db\models\base.py", line 1008, in save_base
    updated = self._save_table(
        raw,
    ...<4 lines>...
        update_fields,
    )
  File "C:\Users\ASUS\AppData\Roaming\Python\Python314\site-packages\django\db\models\base.py", line 1169, in _save_table
    results = self._do_insert(
        cls._base_manager, using, fields, returning_fields, raw
    )
  File "C:\Users\ASUS\AppData\Roaming\Python\Python314\site-packages\django\db\models\base.py", line 1210, in _do_insert
    return manager._insert(
           ~~~~~~~~~~~~~~~^
        [self],
        ^^^^^^^
    ...<3 lines>...
        raw=raw,
        ^^^^^^^^
    )
    ^
  File "C:\Users\ASUS\AppData\Roaming\Python\Python314\site-packages\django\db\models\manager.py", line 87, in manager_method
    return getattr(self.get_queryset(), name)(*args, **kwargs)
           ~~~~~~~~~~~~~~~~~~~~~~~~~~~~~~~~~~^^^^^^^^^^^^^^^^^
  File "C:\Users\ASUS\AppData\Roaming\Python\Python314\site-packages\django\db\models\query.py", line 1873, in _insert
    return query.get_compiler(using=using).execute_sql(returning_fields)
           ~~~~~~~~~~~~~~~~~~~~~~~~~~~~~~~~~~~~~~~~~~~^^^^^^^^^^^^^^^^^^
  File "C:\Users\ASUS\AppData\Roaming\Python\Python314\site-packages\django\db\models\sql\compiler.py", line 1882, in execute_sql
    cursor.execute(sql, params)
    ~~~~~~~~~~~~~~^^^^^^^^^^^^^
  File "C:\Users\ASUS\AppData\Roaming\Python\Python314\site-packages\django\db\backends\utils.py", line 122, in execute
    return super().execute(sql, params)
           ~~~~~~~~~~~~~~~^^^^^^^^^^^^^
  File "C:\Users\ASUS\AppData\Roaming\Python\Python314\site-packages\django\db\backends\utils.py", line 79, in execute
    return self._execute_with_wrappers(
           ~~~~~~~~~~~~~~~~~~~~~~~~~~~^
        sql, params, many=False, executor=self._execute
        ^^^^^^^^^^^^^^^^^^^^^^^^^^^^^^^^^^^^^^^^^^^^^^^
    )
    ^
  File "C:\Users\ASUS\AppData\Roaming\Python\Python314\site-packages\django\db\backends\utils.py", line 92, in _execute_with_wrappers
    return executor(sql, params, many, context)
  File "C:\Users\ASUS\AppData\Roaming\Python\Python314\site-packages\django\db\backends\utils.py", line 100, in _execute
    with self.db.wrap_database_errors:
         ^^^^^^^^^^^^^^^^^^^^^^^^^^^^
  File "C:\Users\ASUS\AppData\Roaming\Python\Python314\site-packages\django\db\utils.py", line 91, in __exit__
    raise dj_exc_value.with_traceback(traceback) from exc_value
  File "C:\Users\ASUS\AppData\Roaming\Python\Python314\site-packages\django\db\backends\utils.py", line 105, in _execute
    return self.cursor.execute(sql, params)
           ~~~~~~~~~~~~~~~~~~~^^^^^^^^^^^^^
  File "C:\Users\ASUS\AppData\Roaming\Python\Python314\site-packages\django\db\backends\sqlite3\base.py", line 360, in execute
    return super().execute(query, params)
           ~~~~~~~~~~~~~~~^^^^^^^^^^^^^^^
django.db.utils.IntegrityError: UNIQUE constraint failed: registrations_studentapplication.application_number
Internal Server Error: /api/auto-save/
Traceback (most recent call last):
  File "C:\Users\ASUS\AppData\Roaming\Python\Python314\site-packages\django\db\backends\utils.py", line 105, in _execute
    return self.cursor.execute(sql, params)
           ~~~~~~~~~~~~~~~~~~~^^^^^^^^^^^^^
  File "C:\Users\ASUS\AppData\Roaming\Python\Python314\site-packages\django\db\backends\sqlite3\base.py", line 360, in execute
    return super().execute(query, params)
           ~~~~~~~~~~~~~~~^^^^^^^^^^^^^^^
sqlite3.IntegrityError: UNIQUE constraint failed: registrations_studentapplication.application_number

The above exception was the direct cause of the following exception:

Traceback (most recent call last):
  File "C:\Users\ASUS\AppData\Roaming\Python\Python314\site-packages\django\core\handlers\exception.py", line 55, in inner
    response = get_response(request)
  File "C:\Users\ASUS\AppData\Roaming\Python\Python314\site-packages\django\core\handlers\base.py", line 197, in _get_response
    response = wrapped_callback(request, *callback_args, **callback_kwargs)
  File "C:\Users\ASUS\Downloads\TRAINING PROJECT\TRAINING PROJECT\registrations\views.py", line 689, in auto_save_field
    app = StudentApplication.objects.create(status=status_obj)
  File "C:\Users\ASUS\AppData\Roaming\Python\Python314\site-packages\django\db\models\manager.py", line 87, in manager_method
    return getattr(self.get_queryset(), name)(*args, **kwargs)
           ~~~~~~~~~~~~~~~~~~~~~~~~~~~~~~~~~~^^^^^^^^^^^^^^^^^
  File "C:\Users\ASUS\AppData\Roaming\Python\Python314\site-packages\django\db\models\query.py", line 665, in create
    obj.save(force_insert=True, using=self.db)
    ~~~~~~~~^^^^^^^^^^^^^^^^^^^^^^^^^^^^^^^^^^
  File "C:\Users\ASUS\AppData\Roaming\Python\Python314\site-packages\django\db\models\base.py", line 902, in save
    self.save_base(
    ~~~~~~~~~~~~~~^
        using=using,
        ^^^^^^^^^^^^
    ...<2 lines>...
        update_fields=update_fields,
        ^^^^^^^^^^^^^^^^^^^^^^^^^^^^
    )
    ^
  File "C:\Users\ASUS\AppData\Roaming\Python\Python314\site-packages\django\db\models\base.py", line 1008, in save_base
    updated = self._save_table(
        raw,
    ...<4 lines>...
        update_fields,
    )
  File "C:\Users\ASUS\AppData\Roaming\Python\Python314\site-packages\django\db\models\base.py", line 1169, in _save_table
    results = self._do_insert(
        cls._base_manager, using, fields, returning_fields, raw
    )
  File "C:\Users\ASUS\AppData\Roaming\Python\Python314\site-packages\django\db\models\base.py", line 1210, in _do_insert
    return manager._insert(
           ~~~~~~~~~~~~~~~^
        [self],
        ^^^^^^^
    ...<3 lines>...
        raw=raw,
        ^^^^^^^^
    )
    ^
  File "C:\Users\ASUS\AppData\Roaming\Python\Python314\site-packages\django\db\models\manager.py", line 87, in manager_method
    return getattr(self.get_queryset(), name)(*args, **kwargs)
           ~~~~~~~~~~~~~~~~~~~~~~~~~~~~~~~~~~^^^^^^^^^^^^^^^^^
  File "C:\Users\ASUS\AppData\Roaming\Python\Python314\site-packages\django\db\models\query.py", line 1873, in _insert
    return query.get_compiler(using=using).execute_sql(returning_fields)
           ~~~~~~~~~~~~~~~~~~~~~~~~~~~~~~~~~~~~~~~~~~~^^^^^^^^^^^^^^^^^^
  File "C:\Users\ASUS\AppData\Roaming\Python\Python314\site-packages\django\db\models\sql\compiler.py", line 1882, in execute_sql
    cursor.execute(sql, params)
    ~~~~~~~~~~~~~~^^^^^^^^^^^^^
  File "C:\Users\ASUS\AppData\Roaming\Python\Python314\site-packages\django\db\backends\utils.py", line 122, in execute
    return super().execute(sql, params)
           ~~~~~~~~~~~~~~~^^^^^^^^^^^^^
  File "C:\Users\ASUS\AppData\Roaming\Python\Python314\site-packages\django\db\backends\utils.py", line 79, in execute
    return self._execute_with_wrappers(
           ~~~~~~~~~~~~~~~~~~~~~~~~~~~^
        sql, params, many=False, executor=self._execute
        ^^^^^^^^^^^^^^^^^^^^^^^^^^^^^^^^^^^^^^^^^^^^^^^
    )
    ^
  File "C:\Users\ASUS\AppData\Roaming\Python\Python314\site-packages\django\db\backends\utils.py", line 92, in _execute_with_wrappers
    return executor(sql, params, many, context)
  File "C:\Users\ASUS\AppData\Roaming\Python\Python314\site-packages\django\db\backends\utils.py", line 100, in _execute
    with self.db.wrap_database_errors:
         ^^^^^^^^^^^^^^^^^^^^^^^^^^^^
  File "C:\Users\ASUS\AppData\Roaming\Python\Python314\site-packages\django\db\utils.py", line 91, in __exit__
    raise dj_exc_value.with_traceback(traceback) from exc_value
  File "C:\Users\ASUS\AppData\Roaming\Python\Python314\site-packages\django\db\backends\utils.py", line 105, in _execute
    return self.cursor.execute(sql, params)
           ~~~~~~~~~~~~~~~~~~~^^^^^^^^^^^^^
  File "C:\Users\ASUS\AppData\Roaming\Python\Python314\site-packages\django\db\backends\sqlite3\base.py", line 360, in execute
    return super().execute(query, params)
           ~~~~~~~~~~~~~~~^^^^^^^^^^^^^^^
django.db.utils.IntegrityError: UNIQUE constraint failed: registrations_studentapplication.application_number
Internal Server Error: /api/auto-save/
Traceback (most recent call last):
  File "C:\Users\ASUS\AppData\Roaming\Python\Python314\site-packages\django\db\backends\utils.py", line 105, in _execute
    return self.cursor.execute(sql, params)
           ~~~~~~~~~~~~~~~~~~~^^^^^^^^^^^^^
  File "C:\Users\ASUS\AppData\Roaming\Python\Python314\site-packages\django\db\backends\sqlite3\base.py", line 360, in execute
    return super().execute(query, params)
           ~~~~~~~~~~~~~~~^^^^^^^^^^^^^^^
sqlite3.IntegrityError: UNIQUE constraint failed: registrations_studentapplication.application_number

The above exception was the direct cause of the following exception:

Traceback (most recent call last):
  File "C:\Users\ASUS\AppData\Roaming\Python\Python314\site-packages\django\core\handlers\exception.py", line 55, in inner
    response = get_response(request)
  File "C:\Users\ASUS\AppData\Roaming\Python\Python314\site-packages\django\core\handlers\base.py", line 197, in _get_response
    response = wrapped_callback(request, *callback_args, **callback_kwargs)
  File "C:\Users\ASUS\Downloads\TRAINING PROJECT\TRAINING PROJECT\registrations\views.py", line 689, in auto_save_field
    app = StudentApplication.objects.create(status=status_obj)
  File "C:\Users\ASUS\AppData\Roaming\Python\Python314\site-packages\django\db\models\manager.py", line 87, in manager_method
    return getattr(self.get_queryset(), name)(*args, **kwargs)
           ~~~~~~~~~~~~~~~~~~~~~~~~~~~~~~~~~~^^^^^^^^^^^^^^^^^
  File "C:\Users\ASUS\AppData\Roaming\Python\Python314\site-packages\django\db\models\query.py", line 665, in create
    obj.save(force_insert=True, using=self.db)
    ~~~~~~~~^^^^^^^^^^^^^^^^^^^^^^^^^^^^^^^^^^
  File "C:\Users\ASUS\AppData\Roaming\Python\Python314\site-packages\django\db\models\base.py", line 902, in save
    self.save_base(
    ~~~~~~~~~~~~~~^
        using=using,
        ^^^^^^^^^^^^
    ...<2 lines>...
        update_fields=update_fields,
        ^^^^^^^^^^^^^^^^^^^^^^^^^^^^
    )
    ^
  File "C:\Users\ASUS\AppData\Roaming\Python\Python314\site-packages\django\db\models\base.py", line 1008, in save_base
    updated = self._save_table(
        raw,
    ...<4 lines>...
        update_fields,
    )
  File "C:\Users\ASUS\AppData\Roaming\Python\Python314\site-packages\django\db\models\base.py", line 1169, in _save_table
    results = self._do_insert(
        cls._base_manager, using, fields, returning_fields, raw
    )
  File "C:\Users\ASUS\AppData\Roaming\Python\Python314\site-packages\django\db\models\base.py", line 1210, in _do_insert
    return manager._insert(
           ~~~~~~~~~~~~~~~^
        [self],
        ^^^^^^^
    ...<3 lines>...
        raw=raw,
        ^^^^^^^^
    )
    ^
  File "C:\Users\ASUS\AppData\Roaming\Python\Python314\site-packages\django\db\models\manager.py", line 87, in manager_method
    return getattr(self.get_queryset(), name)(*args, **kwargs)
           ~~~~~~~~~~~~~~~~~~~~~~~~~~~~~~~~~~^^^^^^^^^^^^^^^^^
  File "C:\Users\ASUS\AppData\Roaming\Python\Python314\site-packages\django\db\models\query.py", line 1873, in _insert
    return query.get_compiler(using=using).execute_sql(returning_fields)
           ~~~~~~~~~~~~~~~~~~~~~~~~~~~~~~~~~~~~~~~~~~~^^^^^^^^^^^^^^^^^^
  File "C:\Users\ASUS\AppData\Roaming\Python\Python314\site-packages\django\db\models\sql\compiler.py", line 1882, in execute_sql
    cursor.execute(sql, params)
    ~~~~~~~~~~~~~~^^^^^^^^^^^^^
  File "C:\Users\ASUS\AppData\Roaming\Python\Python314\site-packages\django\db\backends\utils.py", line 122, in execute
    return super().execute(sql, params)
           ~~~~~~~~~~~~~~~^^^^^^^^^^^^^
  File "C:\Users\ASUS\AppData\Roaming\Python\Python314\site-packages\django\db\backends\utils.py", line 79, in execute
    return self._execute_with_wrappers(
           ~~~~~~~~~~~~~~~~~~~~~~~~~~~^
        sql, params, many=False, executor=self._execute
        ^^^^^^^^^^^^^^^^^^^^^^^^^^^^^^^^^^^^^^^^^^^^^^^
    )
    ^
  File "C:\Users\ASUS\AppData\Roaming\Python\Python314\site-packages\django\db\backends\utils.py", line 92, in _execute_with_wrappers
    return executor(sql, params, many, context)
  File "C:\Users\ASUS\AppData\Roaming\Python\Python314\site-packages\django\db\backends\utils.py", line 100, in _execute
    with self.db.wrap_database_errors:
         ^^^^^^^^^^^^^^^^^^^^^^^^^^^^
  File "C:\Users\ASUS\AppData\Roaming\Python\Python314\site-packages\django\db\utils.py", line 91, in __exit__
    raise dj_exc_value.with_traceback(traceback) from exc_value
  File "C:\Users\ASUS\AppData\Roaming\Python\Python314\site-packages\django\db\backends\utils.py", line 105, in _execute
    return self.cursor.execute(sql, params)
           ~~~~~~~~~~~~~~~~~~~^^^^^^^^^^^^^
  File "C:\Users\ASUS\AppData\Roaming\Python\Python314\site-packages\django\db\backends\sqlite3\base.py", line 360, in execute
    return super().execute(query, params)
           ~~~~~~~~~~~~~~~^^^^^^^^^^^^^^^
django.db.utils.IntegrityError: UNIQUE constraint failed: registrations_studentapplication.application_number
Internal Server Error: /api/auto-save/
Traceback (most recent call last):
  File "C:\Users\ASUS\AppData\Roaming\Python\Python314\site-packages\django\db\backends\utils.py", line 105, in _execute
    return self.cursor.execute(sql, params)
           ~~~~~~~~~~~~~~~~~~~^^^^^^^^^^^^^
  File "C:\Users\ASUS\AppData\Roaming\Python\Python314\site-packages\django\db\backends\sqlite3\base.py", line 360, in execute
    return super().execute(query, params)
           ~~~~~~~~~~~~~~~^^^^^^^^^^^^^^^
sqlite3.IntegrityError: UNIQUE constraint failed: registrations_studentapplication.application_number

The above exception was the direct cause of the following exception:

Traceback (most recent call last):
  File "C:\Users\ASUS\AppData\Roaming\Python\Python314\site-packages\django\core\handlers\exception.py", line 55, in inner
    response = get_response(request)
  File "C:\Users\ASUS\AppData\Roaming\Python\Python314\site-packages\django\core\handlers\base.py", line 197, in _get_response
    response = wrapped_callback(request, *callback_args, **callback_kwargs)
  File "C:\Users\ASUS\Downloads\TRAINING PROJECT\TRAINING PROJECT\registrations\views.py", line 689, in auto_save_field
    app = StudentApplication.objects.create(status=status_obj)
  File "C:\Users\ASUS\AppData\Roaming\Python\Python314\site-packages\django\db\models\manager.py", line 87, in manager_method
    return getattr(self.get_queryset(), name)(*args, **kwargs)
           ~~~~~~~~~~~~~~~~~~~~~~~~~~~~~~~~~~^^^^^^^^^^^^^^^^^
  File "C:\Users\ASUS\AppData\Roaming\Python\Python314\site-packages\django\db\models\query.py", line 665, in create
    obj.save(force_insert=True, using=self.db)
    ~~~~~~~~^^^^^^^^^^^^^^^^^^^^^^^^^^^^^^^^^^
  File "C:\Users\ASUS\AppData\Roaming\Python\Python314\site-packages\django\db\models\base.py", line 902, in save
    self.save_base(
    ~~~~~~~~~~~~~~^
        using=using,
        ^^^^^^^^^^^^
    ...<2 lines>...
        update_fields=update_fields,
        ^^^^^^^^^^^^^^^^^^^^^^^^^^^^
    )
    ^
  File "C:\Users\ASUS\AppData\Roaming\Python\Python314\site-packages\django\db\models\base.py", line 1008, in save_base
    updated = self._save_table(
        raw,
    ...<4 lines>...
        update_fields,
    )
  File "C:\Users\ASUS\AppData\Roaming\Python\Python314\site-packages\django\db\models\base.py", line 1169, in _save_table
    results = self._do_insert(
        cls._base_manager, using, fields, returning_fields, raw
    )
  File "C:\Users\ASUS\AppData\Roaming\Python\Python314\site-packages\django\db\models\base.py", line 1210, in _do_insert
    return manager._insert(
           ~~~~~~~~~~~~~~~^
        [self],
        ^^^^^^^
    ...<3 lines>...
        raw=raw,
        ^^^^^^^^
    )
    ^
  File "C:\Users\ASUS\AppData\Roaming\Python\Python314\site-packages\django\db\models\manager.py", line 87, in manager_method
    return getattr(self.get_queryset(), name)(*args, **kwargs)
           ~~~~~~~~~~~~~~~~~~~~~~~~~~~~~~~~~~^^^^^^^^^^^^^^^^^
  File "C:\Users\ASUS\AppData\Roaming\Python\Python314\site-packages\django\db\models\query.py", line 1873, in _insert
    return query.get_compiler(using=using).execute_sql(returning_fields)
           ~~~~~~~~~~~~~~~~~~~~~~~~~~~~~~~~~~~~~~~~~~~^^^^^^^^^^^^^^^^^^
  File "C:\Users\ASUS\AppData\Roaming\Python\Python314\site-packages\django\db\models\sql\compiler.py", line 1882, in execute_sql
    cursor.execute(sql, params)
    ~~~~~~~~~~~~~~^^^^^^^^^^^^^
  File "C:\Users\ASUS\AppData\Roaming\Python\Python314\site-packages\django\db\backends\utils.py", line 122, in execute
    return super().execute(sql, params)
           ~~~~~~~~~~~~~~~^^^^^^^^^^^^^
  File "C:\Users\ASUS\AppData\Roaming\Python\Python314\site-packages\django\db\backends\utils.py", line 79, in execute
    return self._execute_with_wrappers(
           ~~~~~~~~~~~~~~~~~~~~~~~~~~~^
        sql, params, many=False, executor=self._execute
        ^^^^^^^^^^^^^^^^^^^^^^^^^^^^^^^^^^^^^^^^^^^^^^^
    )
    ^
  File "C:\Users\ASUS\AppData\Roaming\Python\Python314\site-packages\django\db\backends\utils.py", line 92, in _execute_with_wrappers
    return executor(sql, params, many, context)
  File "C:\Users\ASUS\AppData\Roaming\Python\Python314\site-packages\django\db\backends\utils.py", line 100, in _execute
    with self.db.wrap_database_errors:
         ^^^^^^^^^^^^^^^^^^^^^^^^^^^^
  File "C:\Users\ASUS\AppData\Roaming\Python\Python314\site-packages\django\db\utils.py", line 91, in __exit__
    raise dj_exc_value.with_traceback(traceback) from exc_value
  File "C:\Users\ASUS\AppData\Roaming\Python\Python314\site-packages\django\db\backends\utils.py", line 105, in _execute
    return self.cursor.execute(sql, params)
           ~~~~~~~~~~~~~~~~~~~^^^^^^^^^^^^^
  File "C:\Users\ASUS\AppData\Roaming\Python\Python314\site-packages\django\db\backends\sqlite3\base.py", line 360, in execute
    return super().execute(query, params)
           ~~~~~~~~~~~~~~~^^^^^^^^^^^^^^^
django.db.utils.IntegrityError: UNIQUE constraint failed: registrations_studentapplication.application_number
Internal Server Error: /api/auto-save/
Traceback (most recent call last):
  File "C:\Users\ASUS\AppData\Roaming\Python\Python314\site-packages\django\db\backends\utils.py", line 105, in _execute
    return self.cursor.execute(sql, params)
           ~~~~~~~~~~~~~~~~~~~^^^^^^^^^^^^^
  File "C:\Users\ASUS\AppData\Roaming\Python\Python314\site-packages\django\db\backends\sqlite3\base.py", line 360, in execute
    return super().execute(query, params)
           ~~~~~~~~~~~~~~~^^^^^^^^^^^^^^^
sqlite3.IntegrityError: UNIQUE constraint failed: registrations_studentapplication.application_number

The above exception was the direct cause of the following exception:

Traceback (most recent call last):
  File "C:\Users\ASUS\AppData\Roaming\Python\Python314\site-packages\django\core\handlers\exception.py", line 55, in inner
    response = get_response(request)
  File "C:\Users\ASUS\AppData\Roaming\Python\Python314\site-packages\django\core\handlers\base.py", line 197, in _get_response
    response = wrapped_callback(request, *callback_args, **callback_kwargs)
  File "C:\Users\ASUS\Downloads\TRAINING PROJECT\TRAINING PROJECT\registrations\views.py", line 689, in auto_save_field
    app = StudentApplication.objects.create(status=status_obj)
  File "C:\Users\ASUS\AppData\Roaming\Python\Python314\site-packages\django\db\models\manager.py", line 87, in manager_method
    return getattr(self.get_queryset(), name)(*args, **kwargs)
           ~~~~~~~~~~~~~~~~~~~~~~~~~~~~~~~~~~^^^^^^^^^^^^^^^^^
  File "C:\Users\ASUS\AppData\Roaming\Python\Python314\site-packages\django\db\models\query.py", line 665, in create
    obj.save(force_insert=True, using=self.db)
    ~~~~~~~~^^^^^^^^^^^^^^^^^^^^^^^^^^^^^^^^^^
  File "C:\Users\ASUS\AppData\Roaming\Python\Python314\site-packages\django\db\models\base.py", line 902, in save
    self.save_base(
    ~~~~~~~~~~~~~~^
        using=using,
        ^^^^^^^^^^^^
    ...<2 lines>...
        update_fields=update_fields,
        ^^^^^^^^^^^^^^^^^^^^^^^^^^^^
    )
    ^
  File "C:\Users\ASUS\AppData\Roaming\Python\Python314\site-packages\django\db\models\base.py", line 1008, in save_base
    updated = self._save_table(
        raw,
    ...<4 lines>...
        update_fields,
    )
  File "C:\Users\ASUS\AppData\Roaming\Python\Python314\site-packages\django\db\models\base.py", line 1169, in _save_table
    results = self._do_insert(
        cls._base_manager, using, fields, returning_fields, raw
    )
  File "C:\Users\ASUS\AppData\Roaming\Python\Python314\site-packages\django\db\models\base.py", line 1210, in _do_insert
    return manager._insert(
           ~~~~~~~~~~~~~~~^
        [self],
        ^^^^^^^
    ...<3 lines>...
        raw=raw,
        ^^^^^^^^
    )
    ^
  File "C:\Users\ASUS\AppData\Roaming\Python\Python314\site-packages\django\db\models\manager.py", line 87, in manager_method
    return getattr(self.get_queryset(), name)(*args, **kwargs)
           ~~~~~~~~~~~~~~~~~~~~~~~~~~~~~~~~~~^^^^^^^^^^^^^^^^^
  File "C:\Users\ASUS\AppData\Roaming\Python\Python314\site-packages\django\db\models\query.py", line 1873, in _insert
    return query.get_compiler(using=using).execute_sql(returning_fields)
           ~~~~~~~~~~~~~~~~~~~~~~~~~~~~~~~~~~~~~~~~~~~^^^^^^^^^^^^^^^^^^
  File "C:\Users\ASUS\AppData\Roaming\Python\Python314\site-packages\django\db\models\sql\compiler.py", line 1882, in execute_sql
    cursor.execute(sql, params)
    ~~~~~~~~~~~~~~^^^^^^^^^^^^^
  File "C:\Users\ASUS\AppData\Roaming\Python\Python314\site-packages\django\db\backends\utils.py", line 122, in execute
    return super().execute(sql, params)
           ~~~~~~~~~~~~~~~^^^^^^^^^^^^^
  File "C:\Users\ASUS\AppData\Roaming\Python\Python314\site-packages\django\db\backends\utils.py", line 79, in execute
    return self._execute_with_wrappers(
           ~~~~~~~~~~~~~~~~~~~~~~~~~~~^
        sql, params, many=False, executor=self._execute
        ^^^^^^^^^^^^^^^^^^^^^^^^^^^^^^^^^^^^^^^^^^^^^^^
    )
    ^
  File "C:\Users\ASUS\AppData\Roaming\Python\Python314\site-packages\django\db\backends\utils.py", line 92, in _execute_with_wrappers
    return executor(sql, params, many, context)
  File "C:\Users\ASUS\AppData\Roaming\Python\Python314\site-packages\django\db\backends\utils.py", line 100, in _execute
    with self.db.wrap_database_errors:
         ^^^^^^^^^^^^^^^^^^^^^^^^^^^^
  File "C:\Users\ASUS\AppData\Roaming\Python\Python314\site-packages\django\db\utils.py", line 91, in __exit__
    raise dj_exc_value.with_traceback(traceback) from exc_value
  File "C:\Users\ASUS\AppData\Roaming\Python\Python314\site-packages\django\db\backends\utils.py", line 105, in _execute
    return self.cursor.execute(sql, params)
           ~~~~~~~~~~~~~~~~~~~^^^^^^^^^^^^^
  File "C:\Users\ASUS\AppData\Roaming\Python\Python314\site-packages\django\db\backends\sqlite3\base.py", line 360, in execute
    return super().execute(query, params)
           ~~~~~~~~~~~~~~~^^^^^^^^^^^^^^^
django.db.utils.IntegrityError: UNIQUE constraint failed: registrations_studentapplication.application_number
Internal Server Error: /api/auto-save/
Traceback (most recent call last):
  File "C:\Users\ASUS\AppData\Roaming\Python\Python314\site-packages\django\db\backends\utils.py", line 105, in _execute
    return self.cursor.execute(sql, params)
           ~~~~~~~~~~~~~~~~~~~^^^^^^^^^^^^^
  File "C:\Users\ASUS\AppData\Roaming\Python\Python314\site-packages\django\db\backends\sqlite3\base.py", line 360, in execute
    return super().execute(query, params)
           ~~~~~~~~~~~~~~~^^^^^^^^^^^^^^^
sqlite3.IntegrityError: UNIQUE constraint failed: registrations_studentapplication.application_number

The above exception was the direct cause of the following exception:

Traceback (most recent call last):
  File "C:\Users\ASUS\AppData\Roaming\Python\Python314\site-packages\django\core\handlers\exception.py", line 55, in inner
    response = get_response(request)
  File "C:\Users\ASUS\AppData\Roaming\Python\Python314\site-packages\django\core\handlers\base.py", line 197, in _get_response
    response = wrapped_callback(request, *callback_args, **callback_kwargs)
  File "C:\Users\ASUS\Downloads\TRAINING PROJECT\TRAINING PROJECT\registrations\views.py", line 689, in auto_save_field
    app = StudentApplication.objects.create(status=status_obj)
  File "C:\Users\ASUS\AppData\Roaming\Python\Python314\site-packages\django\db\models\manager.py", line 87, in manager_method
    return getattr(self.get_queryset(), name)(*args, **kwargs)
           ~~~~~~~~~~~~~~~~~~~~~~~~~~~~~~~~~~^^^^^^^^^^^^^^^^^
  File "C:\Users\ASUS\AppData\Roaming\Python\Python314\site-packages\django\db\models\query.py", line 665, in create
    obj.save(force_insert=True, using=self.db)
    ~~~~~~~~^^^^^^^^^^^^^^^^^^^^^^^^^^^^^^^^^^
  File "C:\Users\ASUS\AppData\Roaming\Python\Python314\site-packages\django\db\models\base.py", line 902, in save
    self.save_base(
    ~~~~~~~~~~~~~~^
        using=using,
        ^^^^^^^^^^^^
    ...<2 lines>...
        update_fields=update_fields,
        ^^^^^^^^^^^^^^^^^^^^^^^^^^^^
    )
    ^
  File "C:\Users\ASUS\AppData\Roaming\Python\Python314\site-packages\django\db\models\base.py", line 1008, in save_base
    updated = self._save_table(
        raw,
    ...<4 lines>...
        update_fields,
    )
  File "C:\Users\ASUS\AppData\Roaming\Python\Python314\site-packages\django\db\models\base.py", line 1169, in _save_table
    results = self._do_insert(
        cls._base_manager, using, fields, returning_fields, raw
    )
  File "C:\Users\ASUS\AppData\Roaming\Python\Python314\site-packages\django\db\models\base.py", line 1210, in _do_insert
    return manager._insert(
           ~~~~~~~~~~~~~~~^
        [self],
        ^^^^^^^
    ...<3 lines>...
        raw=raw,
        ^^^^^^^^
    )
    ^
  File "C:\Users\ASUS\AppData\Roaming\Python\Python314\site-packages\django\db\models\manager.py", line 87, in manager_method
    return getattr(self.get_queryset(), name)(*args, **kwargs)
           ~~~~~~~~~~~~~~~~~~~~~~~~~~~~~~~~~~^^^^^^^^^^^^^^^^^
  File "C:\Users\ASUS\AppData\Roaming\Python\Python314\site-packages\django\db\models\query.py", line 1873, in _insert
    return query.get_compiler(using=using).execute_sql(returning_fields)
           ~~~~~~~~~~~~~~~~~~~~~~~~~~~~~~~~~~~~~~~~~~~^^^^^^^^^^^^^^^^^^
  File "C:\Users\ASUS\AppData\Roaming\Python\Python314\site-packages\django\db\models\sql\compiler.py", line 1882, in execute_sql
    cursor.execute(sql, params)
    ~~~~~~~~~~~~~~^^^^^^^^^^^^^
  File "C:\Users\ASUS\AppData\Roaming\Python\Python314\site-packages\django\db\backends\utils.py", line 122, in execute
    return super().execute(sql, params)
           ~~~~~~~~~~~~~~~^^^^^^^^^^^^^
  File "C:\Users\ASUS\AppData\Roaming\Python\Python314\site-packages\django\db\backends\utils.py", line 79, in execute
    return self._execute_with_wrappers(
           ~~~~~~~~~~~~~~~~~~~~~~~~~~~^
        sql, params, many=False, executor=self._execute
        ^^^^^^^^^^^^^^^^^^^^^^^^^^^^^^^^^^^^^^^^^^^^^^^
    )
    ^
  File "C:\Users\ASUS\AppData\Roaming\Python\Python314\site-packages\django\db\backends\utils.py", line 92, in _execute_with_wrappers
    return executor(sql, params, many, context)
  File "C:\Users\ASUS\AppData\Roaming\Python\Python314\site-packages\django\db\backends\utils.py", line 100, in _execute
    with self.db.wrap_database_errors:
         ^^^^^^^^^^^^^^^^^^^^^^^^^^^^
  File "C:\Users\ASUS\AppData\Roaming\Python\Python314\site-packages\django\db\utils.py", line 91, in __exit__
    raise dj_exc_value.with_traceback(traceback) from exc_value
  File "C:\Users\ASUS\AppData\Roaming\Python\Python314\site-packages\django\db\backends\utils.py", line 105, in _execute
    return self.cursor.execute(sql, params)
           ~~~~~~~~~~~~~~~~~~~^^^^^^^^^^^^^
  File "C:\Users\ASUS\AppData\Roaming\Python\Python314\site-packages\django\db\backends\sqlite3\base.py", line 360, in execute
    return super().execute(query, params)
           ~~~~~~~~~~~~~~~^^^^^^^^^^^^^^^
django.db.utils.IntegrityError: UNIQUE constraint failed: registrations_studentapplication.application_number
Internal Server Error: /api/auto-save/
Traceback (most recent call last):
  File "C:\Users\ASUS\AppData\Roaming\Python\Python314\site-packages\django\db\backends\utils.py", line 105, in _execute
    return self.cursor.execute(sql, params)
           ~~~~~~~~~~~~~~~~~~~^^^^^^^^^^^^^
  File "C:\Users\ASUS\AppData\Roaming\Python\Python314\site-packages\django\db\backends\sqlite3\base.py", line 360, in execute
    return super().execute(query, params)
           ~~~~~~~~~~~~~~~^^^^^^^^^^^^^^^
sqlite3.IntegrityError: UNIQUE constraint failed: registrations_studentapplication.application_number

The above exception was the direct cause of the following exception:

Traceback (most recent call last):
  File "C:\Users\ASUS\AppData\Roaming\Python\Python314\site-packages\django\core\handlers\exception.py", line 55, in inner
    response = get_response(request)
  File "C:\Users\ASUS\AppData\Roaming\Python\Python314\site-packages\django\core\handlers\base.py", line 197, in _get_response
    response = wrapped_callback(request, *callback_args, **callback_kwargs)
  File "C:\Users\ASUS\Downloads\TRAINING PROJECT\TRAINING PROJECT\registrations\views.py", line 689, in auto_save_field
    app = StudentApplication.objects.create(status=status_obj)
  File "C:\Users\ASUS\AppData\Roaming\Python\Python314\site-packages\django\db\models\manager.py", line 87, in manager_method
    return getattr(self.get_queryset(), name)(*args, **kwargs)
           ~~~~~~~~~~~~~~~~~~~~~~~~~~~~~~~~~~^^^^^^^^^^^^^^^^^
  File "C:\Users\ASUS\AppData\Roaming\Python\Python314\site-packages\django\db\models\query.py", line 665, in create
    obj.save(force_insert=True, using=self.db)
    ~~~~~~~~^^^^^^^^^^^^^^^^^^^^^^^^^^^^^^^^^^
  File "C:\Users\ASUS\AppData\Roaming\Python\Python314\site-packages\django\db\models\base.py", line 902, in save
    self.save_base(
    ~~~~~~~~~~~~~~^
        using=using,
        ^^^^^^^^^^^^
    ...<2 lines>...
        update_fields=update_fields,
        ^^^^^^^^^^^^^^^^^^^^^^^^^^^^
    )
    ^
  File "C:\Users\ASUS\AppData\Roaming\Python\Python314\site-packages\django\db\models\base.py", line 1008, in save_base
    updated = self._save_table(
        raw,
    ...<4 lines>...
        update_fields,
    )
  File "C:\Users\ASUS\AppData\Roaming\Python\Python314\site-packages\django\db\models\base.py", line 1169, in _save_table
    results = self._do_insert(
        cls._base_manager, using, fields, returning_fields, raw
    )
  File "C:\Users\ASUS\AppData\Roaming\Python\Python314\site-packages\django\db\models\base.py", line 1210, in _do_insert
    return manager._insert(
           ~~~~~~~~~~~~~~~^
        [self],
        ^^^^^^^
    ...<3 lines>...
        raw=raw,
        ^^^^^^^^
    )
    ^
  File "C:\Users\ASUS\AppData\Roaming\Python\Python314\site-packages\django\db\models\manager.py", line 87, in manager_method
    return getattr(self.get_queryset(), name)(*args, **kwargs)
           ~~~~~~~~~~~~~~~~~~~~~~~~~~~~~~~~~~^^^^^^^^^^^^^^^^^
  File "C:\Users\ASUS\AppData\Roaming\Python\Python314\site-packages\django\db\models\query.py", line 1873, in _insert
    return query.get_compiler(using=using).execute_sql(returning_fields)
           ~~~~~~~~~~~~~~~~~~~~~~~~~~~~~~~~~~~~~~~~~~~^^^^^^^^^^^^^^^^^^
  File "C:\Users\ASUS\AppData\Roaming\Python\Python314\site-packages\django\db\models\sql\compiler.py", line 1882, in execute_sql
    cursor.execute(sql, params)
    ~~~~~~~~~~~~~~^^^^^^^^^^^^^
  File "C:\Users\ASUS\AppData\Roaming\Python\Python314\site-packages\django\db\backends\utils.py", line 122, in execute
    return super().execute(sql, params)
           ~~~~~~~~~~~~~~~^^^^^^^^^^^^^
  File "C:\Users\ASUS\AppData\Roaming\Python\Python314\site-packages\django\db\backends\utils.py", line 79, in execute
    return self._execute_with_wrappers(
           ~~~~~~~~~~~~~~~~~~~~~~~~~~~^
        sql, params, many=False, executor=self._execute
        ^^^^^^^^^^^^^^^^^^^^^^^^^^^^^^^^^^^^^^^^^^^^^^^
    )
    ^
  File "C:\Users\ASUS\AppData\Roaming\Python\Python314\site-packages\django\db\backends\utils.py", line 92, in _execute_with_wrappers
    return executor(sql, params, many, context)
  File "C:\Users\ASUS\AppData\Roaming\Python\Python314\site-packages\django\db\backends\utils.py", line 100, in _execute
    with self.db.wrap_database_errors:
         ^^^^^^^^^^^^^^^^^^^^^^^^^^^^
  File "C:\Users\ASUS\AppData\Roaming\Python\Python314\site-packages\django\db\utils.py", line 91, in __exit__
    raise dj_exc_value.with_traceback(traceback) from exc_value
  File "C:\Users\ASUS\AppData\Roaming\Python\Python314\site-packages\django\db\backends\utils.py", line 105, in _execute
    return self.cursor.execute(sql, params)
           ~~~~~~~~~~~~~~~~~~~^^^^^^^^^^^^^
  File "C:\Users\ASUS\AppData\Roaming\Python\Python314\site-packages\django\db\backends\sqlite3\base.py", line 360, in execute
    return super().execute(query, params)
           ~~~~~~~~~~~~~~~^^^^^^^^^^^^^^^
django.db.utils.IntegrityError: UNIQUE constraint failed: registrations_studentapplication.application_number
Internal Server Error: /api/auto-save/
Traceback (most recent call last):
  File "C:\Users\ASUS\AppData\Roaming\Python\Python314\site-packages\django\db\backends\utils.py", line 105, in _execute
    return self.cursor.execute(sql, params)
           ~~~~~~~~~~~~~~~~~~~^^^^^^^^^^^^^
  File "C:\Users\ASUS\AppData\Roaming\Python\Python314\site-packages\django\db\backends\sqlite3\base.py", line 360, in execute
    return super().execute(query, params)
           ~~~~~~~~~~~~~~~^^^^^^^^^^^^^^^
sqlite3.IntegrityError: UNIQUE constraint failed: registrations_studentapplication.application_number

The above exception was the direct cause of the following exception:

Traceback (most recent call last):
  File "C:\Users\ASUS\AppData\Roaming\Python\Python314\site-packages\django\core\handlers\exception.py", line 55, in inner
    response = get_response(request)
  File "C:\Users\ASUS\AppData\Roaming\Python\Python314\site-packages\django\core\handlers\base.py", line 197, in _get_response
    response = wrapped_callback(request, *callback_args, **callback_kwargs)
  File "C:\Users\ASUS\Downloads\TRAINING PROJECT\TRAINING PROJECT\registrations\views.py", line 689, in auto_save_field
    app = StudentApplication.objects.create(status=status_obj)
  File "C:\Users\ASUS\AppData\Roaming\Python\Python314\site-packages\django\db\models\manager.py", line 87, in manager_method
    return getattr(self.get_queryset(), name)(*args, **kwargs)
           ~~~~~~~~~~~~~~~~~~~~~~~~~~~~~~~~~~^^^^^^^^^^^^^^^^^
  File "C:\Users\ASUS\AppData\Roaming\Python\Python314\site-packages\django\db\models\query.py", line 665, in create
    obj.save(force_insert=True, using=self.db)
    ~~~~~~~~^^^^^^^^^^^^^^^^^^^^^^^^^^^^^^^^^^
  File "C:\Users\ASUS\AppData\Roaming\Python\Python314\site-packages\django\db\models\base.py", line 902, in save
    self.save_base(
    ~~~~~~~~~~~~~~^
        using=using,
        ^^^^^^^^^^^^
    ...<2 lines>...
        update_fields=update_fields,
        ^^^^^^^^^^^^^^^^^^^^^^^^^^^^
    )
    ^
  File "C:\Users\ASUS\AppData\Roaming\Python\Python314\site-packages\django\db\models\base.py", line 1008, in save_base
    updated = self._save_table(
        raw,
    ...<4 lines>...
        update_fields,
    )
  File "C:\Users\ASUS\AppData\Roaming\Python\Python314\site-packages\django\db\models\base.py", line 1169, in _save_table
    results = self._do_insert(
        cls._base_manager, using, fields, returning_fields, raw
    )
  File "C:\Users\ASUS\AppData\Roaming\Python\Python314\site-packages\django\db\models\base.py", line 1210, in _do_insert
    return manager._insert(
           ~~~~~~~~~~~~~~~^
        [self],
        ^^^^^^^
    ...<3 lines>...
        raw=raw,
        ^^^^^^^^
    )
    ^
  File "C:\Users\ASUS\AppData\Roaming\Python\Python314\site-packages\django\db\models\manager.py", line 87, in manager_method
    return getattr(self.get_queryset(), name)(*args, **kwargs)
           ~~~~~~~~~~~~~~~~~~~~~~~~~~~~~~~~~~^^^^^^^^^^^^^^^^^
  File "C:\Users\ASUS\AppData\Roaming\Python\Python314\site-packages\django\db\models\query.py", line 1873, in _insert
    return query.get_compiler(using=using).execute_sql(returning_fields)
           ~~~~~~~~~~~~~~~~~~~~~~~~~~~~~~~~~~~~~~~~~~~^^^^^^^^^^^^^^^^^^
  File "C:\Users\ASUS\AppData\Roaming\Python\Python314\site-packages\django\db\models\sql\compiler.py", line 1882, in execute_sql
    cursor.execute(sql, params)
    ~~~~~~~~~~~~~~^^^^^^^^^^^^^
  File "C:\Users\ASUS\AppData\Roaming\Python\Python314\site-packages\django\db\backends\utils.py", line 122, in execute
    return super().execute(sql, params)
           ~~~~~~~~~~~~~~~^^^^^^^^^^^^^
  File "C:\Users\ASUS\AppData\Roaming\Python\Python314\site-packages\django\db\backends\utils.py", line 79, in execute
    return self._execute_with_wrappers(
           ~~~~~~~~~~~~~~~~~~~~~~~~~~~^
        sql, params, many=False, executor=self._execute
        ^^^^^^^^^^^^^^^^^^^^^^^^^^^^^^^^^^^^^^^^^^^^^^^
    )
    ^
  File "C:\Users\ASUS\AppData\Roaming\Python\Python314\site-packages\django\db\backends\utils.py", line 92, in _execute_with_wrappers
    return executor(sql, params, many, context)
  File "C:\Users\ASUS\AppData\Roaming\Python\Python314\site-packages\django\db\backends\utils.py", line 100, in _execute
    with self.db.wrap_database_errors:
         ^^^^^^^^^^^^^^^^^^^^^^^^^^^^
  File "C:\Users\ASUS\AppData\Roaming\Python\Python314\site-packages\django\db\utils.py", line 91, in __exit__
    raise dj_exc_value.with_traceback(traceback) from exc_value
  File "C:\Users\ASUS\AppData\Roaming\Python\Python314\site-packages\django\db\backends\utils.py", line 105, in _execute
    return self.cursor.execute(sql, params)
           ~~~~~~~~~~~~~~~~~~~^^^^^^^^^^^^^
  File "C:\Users\ASUS\AppData\Roaming\Python\Python314\site-packages\django\db\backends\sqlite3\base.py", line 360, in execute
    return super().execute(query, params)
           ~~~~~~~~~~~~~~~^^^^^^^^^^^^^^^
django.db.utils.IntegrityError: UNIQUE constraint failed: registrations_studentapplication.application_number
Internal Server Error: /api/auto-save/
Traceback (most recent call last):
  File "C:\Users\ASUS\AppData\Roaming\Python\Python314\site-packages\django\db\backends\utils.py", line 105, in _execute
    return self.cursor.execute(sql, params)
           ~~~~~~~~~~~~~~~~~~~^^^^^^^^^^^^^
  File "C:\Users\ASUS\AppData\Roaming\Python\Python314\site-packages\django\db\backends\sqlite3\base.py", line 360, in execute
    return super().execute(query, params)
           ~~~~~~~~~~~~~~~^^^^^^^^^^^^^^^
sqlite3.IntegrityError: UNIQUE constraint failed: registrations_studentapplication.application_number

The above exception was the direct cause of the following exception:

Traceback (most recent call last):
  File "C:\Users\ASUS\AppData\Roaming\Python\Python314\site-packages\django\core\handlers\exception.py", line 55, in inner
    response = get_response(request)
  File "C:\Users\ASUS\AppData\Roaming\Python\Python314\site-packages\django\core\handlers\base.py", line 197, in _get_response
    response = wrapped_callback(request, *callback_args, **callback_kwargs)
  File "C:\Users\ASUS\Downloads\TRAINING PROJECT\TRAINING PROJECT\registrations\views.py", line 689, in auto_save_field
    app = StudentApplication.objects.create(status=status_obj)
  File "C:\Users\ASUS\AppData\Roaming\Python\Python314\site-packages\django\db\models\manager.py", line 87, in manager_method
    return getattr(self.get_queryset(), name)(*args, **kwargs)
           ~~~~~~~~~~~~~~~~~~~~~~~~~~~~~~~~~~^^^^^^^^^^^^^^^^^
  File "C:\Users\ASUS\AppData\Roaming\Python\Python314\site-packages\django\db\models\query.py", line 665, in create
    obj.save(force_insert=True, using=self.db)
    ~~~~~~~~^^^^^^^^^^^^^^^^^^^^^^^^^^^^^^^^^^
  File "C:\Users\ASUS\AppData\Roaming\Python\Python314\site-packages\django\db\models\base.py", line 902, in save
    self.save_base(
    ~~~~~~~~~~~~~~^
        using=using,
        ^^^^^^^^^^^^
    ...<2 lines>...
        update_fields=update_fields,
        ^^^^^^^^^^^^^^^^^^^^^^^^^^^^
    )
    ^
  File "C:\Users\ASUS\AppData\Roaming\Python\Python314\site-packages\django\db\models\base.py", line 1008, in save_base
    updated = self._save_table(
        raw,
    ...<4 lines>...
        update_fields,
    )
  File "C:\Users\ASUS\AppData\Roaming\Python\Python314\site-packages\django\db\models\base.py", line 1169, in _save_table
    results = self._do_insert(
        cls._base_manager, using, fields, returning_fields, raw
    )
  File "C:\Users\ASUS\AppData\Roaming\Python\Python314\site-packages\django\db\models\base.py", line 1210, in _do_insert
    return manager._insert(
           ~~~~~~~~~~~~~~~^
        [self],
        ^^^^^^^
    ...<3 lines>...
        raw=raw,
        ^^^^^^^^
    )
    ^
  File "C:\Users\ASUS\AppData\Roaming\Python\Python314\site-packages\django\db\models\manager.py", line 87, in manager_method
    return getattr(self.get_queryset(), name)(*args, **kwargs)
           ~~~~~~~~~~~~~~~~~~~~~~~~~~~~~~~~~~^^^^^^^^^^^^^^^^^
  File "C:\Users\ASUS\AppData\Roaming\Python\Python314\site-packages\django\db\models\query.py", line 1873, in _insert
    return query.get_compiler(using=using).execute_sql(returning_fields)
           ~~~~~~~~~~~~~~~~~~~~~~~~~~~~~~~~~~~~~~~~~~~^^^^^^^^^^^^^^^^^^
  File "C:\Users\ASUS\AppData\Roaming\Python\Python314\site-packages\django\db\models\sql\compiler.py", line 1882, in execute_sql
    cursor.execute(sql, params)
    ~~~~~~~~~~~~~~^^^^^^^^^^^^^
  File "C:\Users\ASUS\AppData\Roaming\Python\Python314\site-packages\django\db\backends\utils.py", line 122, in execute
    return super().execute(sql, params)
           ~~~~~~~~~~~~~~~^^^^^^^^^^^^^
  File "C:\Users\ASUS\AppData\Roaming\Python\Python314\site-packages\django\db\backends\utils.py", line 79, in execute
    return self._execute_with_wrappers(
           ~~~~~~~~~~~~~~~~~~~~~~~~~~~^
        sql, params, many=False, executor=self._execute
        ^^^^^^^^^^^^^^^^^^^^^^^^^^^^^^^^^^^^^^^^^^^^^^^
    )
    ^
  File "C:\Users\ASUS\AppData\Roaming\Python\Python314\site-packages\django\db\backends\utils.py", line 92, in _execute_with_wrappers
    return executor(sql, params, many, context)
  File "C:\Users\ASUS\AppData\Roaming\Python\Python314\site-packages\django\db\backends\utils.py", line 100, in _execute
    with self.db.wrap_database_errors:
         ^^^^^^^^^^^^^^^^^^^^^^^^^^^^
  File "C:\Users\ASUS\AppData\Roaming\Python\Python314\site-packages\django\db\utils.py", line 91, in __exit__
    raise dj_exc_value.with_traceback(traceback) from exc_value
  File "C:\Users\ASUS\AppData\Roaming\Python\Python314\site-packages\django\db\backends\utils.py", line 105, in _execute
    return self.cursor.execute(sql, params)
           ~~~~~~~~~~~~~~~~~~~^^^^^^^^^^^^^
  File "C:\Users\ASUS\AppData\Roaming\Python\Python314\site-packages\django\db\backends\sqlite3\base.py", line 360, in execute
    return super().execute(query, params)
           ~~~~~~~~~~~~~~~^^^^^^^^^^^^^^^
django.db.utils.IntegrityError: UNIQUE constraint failed: registrations_studentapplication.application_number
Internal Server Error: /api/auto-save/
Traceback (most recent call last):
  File "C:\Users\ASUS\AppData\Roaming\Python\Python314\site-packages\django\db\backends\utils.py", line 105, in _execute
    return self.cursor.execute(sql, params)
           ~~~~~~~~~~~~~~~~~~~^^^^^^^^^^^^^
  File "C:\Users\ASUS\AppData\Roaming\Python\Python314\site-packages\django\db\backends\sqlite3\base.py", line 360, in execute
    return super().execute(query, params)
           ~~~~~~~~~~~~~~~^^^^^^^^^^^^^^^
sqlite3.IntegrityError: UNIQUE constraint failed: registrations_studentapplication.application_number

The above exception was the direct cause of the following exception:

Traceback (most recent call last):
  File "C:\Users\ASUS\AppData\Roaming\Python\Python314\site-packages\django\core\handlers\exception.py", line 55, in inner
    response = get_response(request)
  File "C:\Users\ASUS\AppData\Roaming\Python\Python314\site-packages\django\core\handlers\base.py", line 197, in _get_response
    response = wrapped_callback(request, *callback_args, **callback_kwargs)
  File "C:\Users\ASUS\Downloads\TRAINING PROJECT\TRAINING PROJECT\registrations\views.py", line 689, in auto_save_field
    app = StudentApplication.objects.create(status=status_obj)
  File "C:\Users\ASUS\AppData\Roaming\Python\Python314\site-packages\django\db\models\manager.py", line 87, in manager_method
    return getattr(self.get_queryset(), name)(*args, **kwargs)
           ~~~~~~~~~~~~~~~~~~~~~~~~~~~~~~~~~~^^^^^^^^^^^^^^^^^
  File "C:\Users\ASUS\AppData\Roaming\Python\Python314\site-packages\django\db\models\query.py", line 665, in create
    obj.save(force_insert=True, using=self.db)
    ~~~~~~~~^^^^^^^^^^^^^^^^^^^^^^^^^^^^^^^^^^
  File "C:\Users\ASUS\AppData\Roaming\Python\Python314\site-packages\django\db\models\base.py", line 902, in save
    self.save_base(
    ~~~~~~~~~~~~~~^
        using=using,
        ^^^^^^^^^^^^
    ...<2 lines>...
        update_fields=update_fields,
        ^^^^^^^^^^^^^^^^^^^^^^^^^^^^
    )
    ^
  File "C:\Users\ASUS\AppData\Roaming\Python\Python314\site-packages\django\db\models\base.py", line 1008, in save_base
    updated = self._save_table(
        raw,
    ...<4 lines>...
        update_fields,
    )
  File "C:\Users\ASUS\AppData\Roaming\Python\Python314\site-packages\django\db\models\base.py", line 1169, in _save_table
    results = self._do_insert(
        cls._base_manager, using, fields, returning_fields, raw
    )
  File "C:\Users\ASUS\AppData\Roaming\Python\Python314\site-packages\django\db\models\base.py", line 1210, in _do_insert
    return manager._insert(
           ~~~~~~~~~~~~~~~^
        [self],
        ^^^^^^^
    ...<3 lines>...
        raw=raw,
        ^^^^^^^^
    )
    ^
  File "C:\Users\ASUS\AppData\Roaming\Python\Python314\site-packages\django\db\models\manager.py", line 87, in manager_method
    return getattr(self.get_queryset(), name)(*args, **kwargs)
           ~~~~~~~~~~~~~~~~~~~~~~~~~~~~~~~~~~^^^^^^^^^^^^^^^^^
  File "C:\Users\ASUS\AppData\Roaming\Python\Python314\site-packages\django\db\models\query.py", line 1873, in _insert
    return query.get_compiler(using=using).execute_sql(returning_fields)
           ~~~~~~~~~~~~~~~~~~~~~~~~~~~~~~~~~~~~~~~~~~~^^^^^^^^^^^^^^^^^^
  File "C:\Users\ASUS\AppData\Roaming\Python\Python314\site-packages\django\db\models\sql\compiler.py", line 1882, in execute_sql
    cursor.execute(sql, params)
    ~~~~~~~~~~~~~~^^^^^^^^^^^^^
  File "C:\Users\ASUS\AppData\Roaming\Python\Python314\site-packages\django\db\backends\utils.py", line 122, in execute
    return super().execute(sql, params)
           ~~~~~~~~~~~~~~~^^^^^^^^^^^^^
  File "C:\Users\ASUS\AppData\Roaming\Python\Python314\site-packages\django\db\backends\utils.py", line 79, in execute
    return self._execute_with_wrappers(
           ~~~~~~~~~~~~~~~~~~~~~~~~~~~^
        sql, params, many=False, executor=self._execute
        ^^^^^^^^^^^^^^^^^^^^^^^^^^^^^^^^^^^^^^^^^^^^^^^
    )
    ^
  File "C:\Users\ASUS\AppData\Roaming\Python\Python314\site-packages\django\db\backends\utils.py", line 92, in _execute_with_wrappers
    return executor(sql, params, many, context)
  File "C:\Users\ASUS\AppData\Roaming\Python\Python314\site-packages\django\db\backends\utils.py", line 100, in _execute
    with self.db.wrap_database_errors:
         ^^^^^^^^^^^^^^^^^^^^^^^^^^^^
  File "C:\Users\ASUS\AppData\Roaming\Python\Python314\site-packages\django\db\utils.py", line 91, in __exit__
    raise dj_exc_value.with_traceback(traceback) from exc_value
  File "C:\Users\ASUS\AppData\Roaming\Python\Python314\site-packages\django\db\backends\utils.py", line 105, in _execute
    return self.cursor.execute(sql, params)
           ~~~~~~~~~~~~~~~~~~~^^^^^^^^^^^^^
  File "C:\Users\ASUS\AppData\Roaming\Python\Python314\site-packages\django\db\backends\sqlite3\base.py", line 360, in execute
    return super().execute(query, params)
           ~~~~~~~~~~~~~~~^^^^^^^^^^^^^^^
django.db.utils.IntegrityError: UNIQUE constraint failed: registrations_studentapplication.application_number
Internal Server Error: /api/auto-save/
Traceback (most recent call last):
  File "C:\Users\ASUS\AppData\Roaming\Python\Python314\site-packages\django\db\backends\utils.py", line 105, in _execute
    return self.cursor.execute(sql, params)
           ~~~~~~~~~~~~~~~~~~~^^^^^^^^^^^^^
  File "C:\Users\ASUS\AppData\Roaming\Python\Python314\site-packages\django\db\backends\sqlite3\base.py", line 360, in execute
    return super().execute(query, params)
           ~~~~~~~~~~~~~~~^^^^^^^^^^^^^^^
sqlite3.IntegrityError: UNIQUE constraint failed: registrations_studentapplication.application_number

The above exception was the direct cause of the following exception:

Traceback (most recent call last):
  File "C:\Users\ASUS\AppData\Roaming\Python\Python314\site-packages\django\core\handlers\exception.py", line 55, in inner
    response = get_response(request)
  File "C:\Users\ASUS\AppData\Roaming\Python\Python314\site-packages\django\core\handlers\base.py", line 197, in _get_response
    response = wrapped_callback(request, *callback_args, **callback_kwargs)
  File "C:\Users\ASUS\Downloads\TRAINING PROJECT\TRAINING PROJECT\registrations\views.py", line 689, in auto_save_field
    app = StudentApplication.objects.create(status=status_obj)
  File "C:\Users\ASUS\AppData\Roaming\Python\Python314\site-packages\django\db\models\manager.py", line 87, in manager_method
    return getattr(self.get_queryset(), name)(*args, **kwargs)
           ~~~~~~~~~~~~~~~~~~~~~~~~~~~~~~~~~~^^^^^^^^^^^^^^^^^
  File "C:\Users\ASUS\AppData\Roaming\Python\Python314\site-packages\django\db\models\query.py", line 665, in create
    obj.save(force_insert=True, using=self.db)
    ~~~~~~~~^^^^^^^^^^^^^^^^^^^^^^^^^^^^^^^^^^
  File "C:\Users\ASUS\AppData\Roaming\Python\Python314\site-packages\django\db\models\base.py", line 902, in save
    self.save_base(
    ~~~~~~~~~~~~~~^
        using=using,
        ^^^^^^^^^^^^
    ...<2 lines>...
        update_fields=update_fields,
        ^^^^^^^^^^^^^^^^^^^^^^^^^^^^
    )
    ^
  File "C:\Users\ASUS\AppData\Roaming\Python\Python314\site-packages\django\db\models\base.py", line 1008, in save_base
    updated = self._save_table(
        raw,
    ...<4 lines>...
        update_fields,
    )
  File "C:\Users\ASUS\AppData\Roaming\Python\Python314\site-packages\django\db\models\base.py", line 1169, in _save_table
    results = self._do_insert(
        cls._base_manager, using, fields, returning_fields, raw
    )
  File "C:\Users\ASUS\AppData\Roaming\Python\Python314\site-packages\django\db\models\base.py", line 1210, in _do_insert
    return manager._insert(
           ~~~~~~~~~~~~~~~^
        [self],
        ^^^^^^^
    ...<3 lines>...
        raw=raw,
        ^^^^^^^^
    )
    ^
  File "C:\Users\ASUS\AppData\Roaming\Python\Python314\site-packages\django\db\models\manager.py", line 87, in manager_method
    return getattr(self.get_queryset(), name)(*args, **kwargs)
           ~~~~~~~~~~~~~~~~~~~~~~~~~~~~~~~~~~^^^^^^^^^^^^^^^^^
  File "C:\Users\ASUS\AppData\Roaming\Python\Python314\site-packages\django\db\models\query.py", line 1873, in _insert
    return query.get_compiler(using=using).execute_sql(returning_fields)
           ~~~~~~~~~~~~~~~~~~~~~~~~~~~~~~~~~~~~~~~~~~~^^^^^^^^^^^^^^^^^^
  File "C:\Users\ASUS\AppData\Roaming\Python\Python314\site-packages\django\db\models\sql\compiler.py", line 1882, in execute_sql
    cursor.execute(sql, params)
    ~~~~~~~~~~~~~~^^^^^^^^^^^^^
  File "C:\Users\ASUS\AppData\Roaming\Python\Python314\site-packages\django\db\backends\utils.py", line 122, in execute
    return super().execute(sql, params)
           ~~~~~~~~~~~~~~~^^^^^^^^^^^^^
  File "C:\Users\ASUS\AppData\Roaming\Python\Python314\site-packages\django\db\backends\utils.py", line 79, in execute
    return self._execute_with_wrappers(
           ~~~~~~~~~~~~~~~~~~~~~~~~~~~^
        sql, params, many=False, executor=self._execute
        ^^^^^^^^^^^^^^^^^^^^^^^^^^^^^^^^^^^^^^^^^^^^^^^
    )
    ^
  File "C:\Users\ASUS\AppData\Roaming\Python\Python314\site-packages\django\db\backends\utils.py", line 92, in _execute_with_wrappers
    return executor(sql, params, many, context)
  File "C:\Users\ASUS\AppData\Roaming\Python\Python314\site-packages\django\db\backends\utils.py", line 100, in _execute
    with self.db.wrap_database_errors:
         ^^^^^^^^^^^^^^^^^^^^^^^^^^^^
  File "C:\Users\ASUS\AppData\Roaming\Python\Python314\site-packages\django\db\utils.py", line 91, in __exit__
    raise dj_exc_value.with_traceback(traceback) from exc_value
  File "C:\Users\ASUS\AppData\Roaming\Python\Python314\site-packages\django\db\backends\utils.py", line 105, in _execute
    return self.cursor.execute(sql, params)
           ~~~~~~~~~~~~~~~~~~~^^^^^^^^^^^^^
  File "C:\Users\ASUS\AppData\Roaming\Python\Python314\site-packages\django\db\backends\sqlite3\base.py", line 360, in execute
    return super().execute(query, params)
           ~~~~~~~~~~~~~~~^^^^^^^^^^^^^^^
django.db.utils.IntegrityError: UNIQUE constraint failed: registrations_studentapplication.application_number
Internal Server Error: /api/auto-save/
Traceback (most recent call last):
  File "C:\Users\ASUS\AppData\Roaming\Python\Python314\site-packages\django\db\backends\utils.py", line 105, in _execute
    return self.cursor.execute(sql, params)
           ~~~~~~~~~~~~~~~~~~~^^^^^^^^^^^^^
  File "C:\Users\ASUS\AppData\Roaming\Python\Python314\site-packages\django\db\backends\sqlite3\base.py", line 360, in execute
    return super().execute(query, params)
           ~~~~~~~~~~~~~~~^^^^^^^^^^^^^^^
sqlite3.IntegrityError: UNIQUE constraint failed: registrations_studentapplication.application_number

The above exception was the direct cause of the following exception:

Traceback (most recent call last):
  File "C:\Users\ASUS\AppData\Roaming\Python\Python314\site-packages\django\core\handlers\exception.py", line 55, in inner
    response = get_response(request)
  File "C:\Users\ASUS\AppData\Roaming\Python\Python314\site-packages\django\core\handlers\base.py", line 197, in _get_response
    response = wrapped_callback(request, *callback_args, **callback_kwargs)
  File "C:\Users\ASUS\Downloads\TRAINING PROJECT\TRAINING PROJECT\registrations\views.py", line 689, in auto_save_field
    app = StudentApplication.objects.create(status=status_obj)
  File "C:\Users\ASUS\AppData\Roaming\Python\Python314\site-packages\django\db\models\manager.py", line 87, in manager_method
    return getattr(self.get_queryset(), name)(*args, **kwargs)
           ~~~~~~~~~~~~~~~~~~~~~~~~~~~~~~~~~~^^^^^^^^^^^^^^^^^
  File "C:\Users\ASUS\AppData\Roaming\Python\Python314\site-packages\django\db\models\query.py", line 665, in create
    obj.save(force_insert=True, using=self.db)
    ~~~~~~~~^^^^^^^^^^^^^^^^^^^^^^^^^^^^^^^^^^
  File "C:\Users\ASUS\AppData\Roaming\Python\Python314\site-packages\django\db\models\base.py", line 902, in save
    self.save_base(
    ~~~~~~~~~~~~~~^
        using=using,
        ^^^^^^^^^^^^
    ...<2 lines>...
        update_fields=update_fields,
        ^^^^^^^^^^^^^^^^^^^^^^^^^^^^
    )
    ^
  File "C:\Users\ASUS\AppData\Roaming\Python\Python314\site-packages\django\db\models\base.py", line 1008, in save_base
    updated = self._save_table(
        raw,
    ...<4 lines>...
        update_fields,
    )
  File "C:\Users\ASUS\AppData\Roaming\Python\Python314\site-packages\django\db\models\base.py", line 1169, in _save_table
    results = self._do_insert(
        cls._base_manager, using, fields, returning_fields, raw
    )
  File "C:\Users\ASUS\AppData\Roaming\Python\Python314\site-packages\django\db\models\base.py", line 1210, in _do_insert
    return manager._insert(
           ~~~~~~~~~~~~~~~^
        [self],
        ^^^^^^^
    ...<3 lines>...
        raw=raw,
        ^^^^^^^^
    )
    ^
  File "C:\Users\ASUS\AppData\Roaming\Python\Python314\site-packages\django\db\models\manager.py", line 87, in manager_method
    return getattr(self.get_queryset(), name)(*args, **kwargs)
           ~~~~~~~~~~~~~~~~~~~~~~~~~~~~~~~~~~^^^^^^^^^^^^^^^^^
  File "C:\Users\ASUS\AppData\Roaming\Python\Python314\site-packages\django\db\models\query.py", line 1873, in _insert
    return query.get_compiler(using=using).execute_sql(returning_fields)
           ~~~~~~~~~~~~~~~~~~~~~~~~~~~~~~~~~~~~~~~~~~~^^^^^^^^^^^^^^^^^^
  File "C:\Users\ASUS\AppData\Roaming\Python\Python314\site-packages\django\db\models\sql\compiler.py", line 1882, in execute_sql
    cursor.execute(sql, params)
    ~~~~~~~~~~~~~~^^^^^^^^^^^^^
  File "C:\Users\ASUS\AppData\Roaming\Python\Python314\site-packages\django\db\backends\utils.py", line 122, in execute
    return super().execute(sql, params)
           ~~~~~~~~~~~~~~~^^^^^^^^^^^^^
  File "C:\Users\ASUS\AppData\Roaming\Python\Python314\site-packages\django\db\backends\utils.py", line 79, in execute
    return self._execute_with_wrappers(
           ~~~~~~~~~~~~~~~~~~~~~~~~~~~^
        sql, params, many=False, executor=self._execute
        ^^^^^^^^^^^^^^^^^^^^^^^^^^^^^^^^^^^^^^^^^^^^^^^
    )
    ^
  File "C:\Users\ASUS\AppData\Roaming\Python\Python314\site-packages\django\db\backends\utils.py", line 92, in _execute_with_wrappers
    return executor(sql, params, many, context)
  File "C:\Users\ASUS\AppData\Roaming\Python\Python314\site-packages\django\db\backends\utils.py", line 100, in _execute
    with self.db.wrap_database_errors:
         ^^^^^^^^^^^^^^^^^^^^^^^^^^^^
  File "C:\Users\ASUS\AppData\Roaming\Python\Python314\site-packages\django\db\utils.py", line 91, in __exit__
    raise dj_exc_value.with_traceback(traceback) from exc_value
  File "C:\Users\ASUS\AppData\Roaming\Python\Python314\site-packages\django\db\backends\utils.py", line 105, in _execute
    return self.cursor.execute(sql, params)
           ~~~~~~~~~~~~~~~~~~~^^^^^^^^^^^^^
  File "C:\Users\ASUS\AppData\Roaming\Python\Python314\site-packages\django\db\backends\sqlite3\base.py", line 360, in execute
    return super().execute(query, params)
           ~~~~~~~~~~~~~~~^^^^^^^^^^^^^^^
django.db.utils.IntegrityError: UNIQUE constraint failed: registrations_studentapplication.application_number
Internal Server Error: /api/auto-save/
Traceback (most recent call last):
  File "C:\Users\ASUS\AppData\Roaming\Python\Python314\site-packages\django\db\backends\utils.py", line 105, in _execute
    return self.cursor.execute(sql, params)
           ~~~~~~~~~~~~~~~~~~~^^^^^^^^^^^^^
  File "C:\Users\ASUS\AppData\Roaming\Python\Python314\site-packages\django\db\backends\sqlite3\base.py", line 360, in execute
    return super().execute(query, params)
           ~~~~~~~~~~~~~~~^^^^^^^^^^^^^^^
sqlite3.IntegrityError: UNIQUE constraint failed: registrations_studentapplication.application_number

The above exception was the direct cause of the following exception:

Traceback (most recent call last):
  File "C:\Users\ASUS\AppData\Roaming\Python\Python314\site-packages\django\core\handlers\exception.py", line 55, in inner
    response = get_response(request)
  File "C:\Users\ASUS\AppData\Roaming\Python\Python314\site-packages\django\core\handlers\base.py", line 197, in _get_response
    response = wrapped_callback(request, *callback_args, **callback_kwargs)
  File "C:\Users\ASUS\Downloads\TRAINING PROJECT\TRAINING PROJECT\registrations\views.py", line 689, in auto_save_field
    app = StudentApplication.objects.create(status=status_obj)
  File "C:\Users\ASUS\AppData\Roaming\Python\Python314\site-packages\django\db\models\manager.py", line 87, in manager_method
    return getattr(self.get_queryset(), name)(*args, **kwargs)
           ~~~~~~~~~~~~~~~~~~~~~~~~~~~~~~~~~~^^^^^^^^^^^^^^^^^
  File "C:\Users\ASUS\AppData\Roaming\Python\Python314\site-packages\django\db\models\query.py", line 665, in create
    obj.save(force_insert=True, using=self.db)
    ~~~~~~~~^^^^^^^^^^^^^^^^^^^^^^^^^^^^^^^^^^
  File "C:\Users\ASUS\AppData\Roaming\Python\Python314\site-packages\django\db\models\base.py", line 902, in save
    self.save_base(
    ~~~~~~~~~~~~~~^
        using=using,
        ^^^^^^^^^^^^
    ...<2 lines>...
        update_fields=update_fields,
        ^^^^^^^^^^^^^^^^^^^^^^^^^^^^
    )
    ^
  File "C:\Users\ASUS\AppData\Roaming\Python\Python314\site-packages\django\db\models\base.py", line 1008, in save_base
    updated = self._save_table(
        raw,
    ...<4 lines>...
        update_fields,
    )
  File "C:\Users\ASUS\AppData\Roaming\Python\Python314\site-packages\django\db\models\base.py", line 1169, in _save_table
    results = self._do_insert(
        cls._base_manager, using, fields, returning_fields, raw
    )
  File "C:\Users\ASUS\AppData\Roaming\Python\Python314\site-packages\django\db\models\base.py", line 1210, in _do_insert
    return manager._insert(
           ~~~~~~~~~~~~~~~^
        [self],
        ^^^^^^^
    ...<3 lines>...
        raw=raw,
        ^^^^^^^^
    )
    ^
  File "C:\Users\ASUS\AppData\Roaming\Python\Python314\site-packages\django\db\models\manager.py", line 87, in manager_method
    return getattr(self.get_queryset(), name)(*args, **kwargs)
           ~~~~~~~~~~~~~~~~~~~~~~~~~~~~~~~~~~^^^^^^^^^^^^^^^^^
  File "C:\Users\ASUS\AppData\Roaming\Python\Python314\site-packages\django\db\models\query.py", line 1873, in _insert
    return query.get_compiler(using=using).execute_sql(returning_fields)
           ~~~~~~~~~~~~~~~~~~~~~~~~~~~~~~~~~~~~~~~~~~~^^^^^^^^^^^^^^^^^^
  File "C:\Users\ASUS\AppData\Roaming\Python\Python314\site-packages\django\db\models\sql\compiler.py", line 1882, in execute_sql
    cursor.execute(sql, params)
    ~~~~~~~~~~~~~~^^^^^^^^^^^^^
  File "C:\Users\ASUS\AppData\Roaming\Python\Python314\site-packages\django\db\backends\utils.py", line 122, in execute
    return super().execute(sql, params)
           ~~~~~~~~~~~~~~~^^^^^^^^^^^^^
  File "C:\Users\ASUS\AppData\Roaming\Python\Python314\site-packages\django\db\backends\utils.py", line 79, in execute
    return self._execute_with_wrappers(
           ~~~~~~~~~~~~~~~~~~~~~~~~~~~^
        sql, params, many=False, executor=self._execute
        ^^^^^^^^^^^^^^^^^^^^^^^^^^^^^^^^^^^^^^^^^^^^^^^
    )
    ^
  File "C:\Users\ASUS\AppData\Roaming\Python\Python314\site-packages\django\db\backends\utils.py", line 92, in _execute_with_wrappers
    return executor(sql, params, many, context)
  File "C:\Users\ASUS\AppData\Roaming\Python\Python314\site-packages\django\db\backends\utils.py", line 100, in _execute
    with self.db.wrap_database_errors:
         ^^^^^^^^^^^^^^^^^^^^^^^^^^^^
  File "C:\Users\ASUS\AppData\Roaming\Python\Python314\site-packages\django\db\utils.py", line 91, in __exit__
    raise dj_exc_value.with_traceback(traceback) from exc_value
  File "C:\Users\ASUS\AppData\Roaming\Python\Python314\site-packages\django\db\backends\utils.py", line 105, in _execute
    return self.cursor.execute(sql, params)
           ~~~~~~~~~~~~~~~~~~~^^^^^^^^^^^^^
  File "C:\Users\ASUS\AppData\Roaming\Python\Python314\site-packages\django\db\backends\sqlite3\base.py", line 360, in execute
    return super().execute(query, params)
           ~~~~~~~~~~~~~~~^^^^^^^^^^^^^^^
django.db.utils.IntegrityError: UNIQUE constraint failed: registrations_studentapplication.application_number
Internal Server Error: /api/auto-save/
Traceback (most recent call last):
  File "C:\Users\ASUS\AppData\Roaming\Python\Python314\site-packages\django\db\backends\utils.py", line 105, in _execute
    return self.cursor.execute(sql, params)
           ~~~~~~~~~~~~~~~~~~~^^^^^^^^^^^^^
  File "C:\Users\ASUS\AppData\Roaming\Python\Python314\site-packages\django\db\backends\sqlite3\base.py", line 360, in execute
    return super().execute(query, params)
           ~~~~~~~~~~~~~~~^^^^^^^^^^^^^^^
sqlite3.IntegrityError: UNIQUE constraint failed: registrations_studentapplication.application_number

The above exception was the direct cause of the following exception:

Traceback (most recent call last):
  File "C:\Users\ASUS\AppData\Roaming\Python\Python314\site-packages\django\core\handlers\exception.py", line 55, in inner
    response = get_response(request)
  File "C:\Users\ASUS\AppData\Roaming\Python\Python314\site-packages\django\core\handlers\base.py", line 197, in _get_response
    response = wrapped_callback(request, *callback_args, **callback_kwargs)
  File "C:\Users\ASUS\Downloads\TRAINING PROJECT\TRAINING PROJECT\registrations\views.py", line 689, in auto_save_field
    app = StudentApplication.objects.create(status=status_obj)
  File "C:\Users\ASUS\AppData\Roaming\Python\Python314\site-packages\django\db\models\manager.py", line 87, in manager_method
    return getattr(self.get_queryset(), name)(*args, **kwargs)
           ~~~~~~~~~~~~~~~~~~~~~~~~~~~~~~~~~~^^^^^^^^^^^^^^^^^
  File "C:\Users\ASUS\AppData\Roaming\Python\Python314\site-packages\django\db\models\query.py", line 665, in create
    obj.save(force_insert=True, using=self.db)
    ~~~~~~~~^^^^^^^^^^^^^^^^^^^^^^^^^^^^^^^^^^
  File "C:\Users\ASUS\AppData\Roaming\Python\Python314\site-packages\django\db\models\base.py", line 902, in save
    self.save_base(
    ~~~~~~~~~~~~~~^
        using=using,
        ^^^^^^^^^^^^
    ...<2 lines>...
        update_fields=update_fields,
        ^^^^^^^^^^^^^^^^^^^^^^^^^^^^
    )
    ^
  File "C:\Users\ASUS\AppData\Roaming\Python\Python314\site-packages\django\db\models\base.py", line 1008, in save_base
    updated = self._save_table(
        raw,
    ...<4 lines>...
        update_fields,
    )
  File "C:\Users\ASUS\AppData\Roaming\Python\Python314\site-packages\django\db\models\base.py", line 1169, in _save_table
    results = self._do_insert(
        cls._base_manager, using, fields, returning_fields, raw
    )
  File "C:\Users\ASUS\AppData\Roaming\Python\Python314\site-packages\django\db\models\base.py", line 1210, in _do_insert
    return manager._insert(
           ~~~~~~~~~~~~~~~^
        [self],
        ^^^^^^^
    ...<3 lines>...
        raw=raw,
        ^^^^^^^^
    )
    ^
  File "C:\Users\ASUS\AppData\Roaming\Python\Python314\site-packages\django\db\models\manager.py", line 87, in manager_method
    return getattr(self.get_queryset(), name)(*args, **kwargs)
           ~~~~~~~~~~~~~~~~~~~~~~~~~~~~~~~~~~^^^^^^^^^^^^^^^^^
  File "C:\Users\ASUS\AppData\Roaming\Python\Python314\site-packages\django\db\models\query.py", line 1873, in _insert
    return query.get_compiler(using=using).execute_sql(returning_fields)
           ~~~~~~~~~~~~~~~~~~~~~~~~~~~~~~~~~~~~~~~~~~~^^^^^^^^^^^^^^^^^^
  File "C:\Users\ASUS\AppData\Roaming\Python\Python314\site-packages\django\db\models\sql\compiler.py", line 1882, in execute_sql
    cursor.execute(sql, params)
    ~~~~~~~~~~~~~~^^^^^^^^^^^^^
  File "C:\Users\ASUS\AppData\Roaming\Python\Python314\site-packages\django\db\backends\utils.py", line 122, in execute
    return super().execute(sql, params)
           ~~~~~~~~~~~~~~~^^^^^^^^^^^^^
  File "C:\Users\ASUS\AppData\Roaming\Python\Python314\site-packages\django\db\backends\utils.py", line 79, in execute
    return self._execute_with_wrappers(
           ~~~~~~~~~~~~~~~~~~~~~~~~~~~^
        sql, params, many=False, executor=self._execute
        ^^^^^^^^^^^^^^^^^^^^^^^^^^^^^^^^^^^^^^^^^^^^^^^
    )
    ^
  File "C:\Users\ASUS\AppData\Roaming\Python\Python314\site-packages\django\db\backends\utils.py", line 92, in _execute_with_wrappers
    return executor(sql, params, many, context)
  File "C:\Users\ASUS\AppData\Roaming\Python\Python314\site-packages\django\db\backends\utils.py", line 100, in _execute
    with self.db.wrap_database_errors:
         ^^^^^^^^^^^^^^^^^^^^^^^^^^^^
  File "C:\Users\ASUS\AppData\Roaming\Python\Python314\site-packages\django\db\utils.py", line 91, in __exit__
    raise dj_exc_value.with_traceback(traceback) from exc_value
  File "C:\Users\ASUS\AppData\Roaming\Python\Python314\site-packages\django\db\backends\utils.py", line 105, in _execute
    return self.cursor.execute(sql, params)
           ~~~~~~~~~~~~~~~~~~~^^^^^^^^^^^^^
  File "C:\Users\ASUS\AppData\Roaming\Python\Python314\site-packages\django\db\backends\sqlite3\base.py", line 360, in execute
    return super().execute(query, params)
           ~~~~~~~~~~~~~~~^^^^^^^^^^^^^^^
django.db.utils.IntegrityError: UNIQUE constraint failed: registrations_studentapplication.application_number
Internal Server Error: /api/auto-save/
Traceback (most recent call last):
  File "C:\Users\ASUS\AppData\Roaming\Python\Python314\site-packages\django\db\backends\utils.py", line 105, in _execute
    return self.cursor.execute(sql, params)
           ~~~~~~~~~~~~~~~~~~~^^^^^^^^^^^^^
  File "C:\Users\ASUS\AppData\Roaming\Python\Python314\site-packages\django\db\backends\sqlite3\base.py", line 360, in execute
    return super().execute(query, params)
           ~~~~~~~~~~~~~~~^^^^^^^^^^^^^^^
sqlite3.IntegrityError: UNIQUE constraint failed: registrations_studentapplication.application_number

The above exception was the direct cause of the following exception:

Traceback (most recent call last):
  File "C:\Users\ASUS\AppData\Roaming\Python\Python314\site-packages\django\core\handlers\exception.py", line 55, in inner
    response = get_response(request)
  File "C:\Users\ASUS\AppData\Roaming\Python\Python314\site-packages\django\core\handlers\base.py", line 197, in _get_response
    response = wrapped_callback(request, *callback_args, **callback_kwargs)
  File "C:\Users\ASUS\Downloads\TRAINING PROJECT\TRAINING PROJECT\registrations\views.py", line 689, in auto_save_field
    app = StudentApplication.objects.create(status=status_obj)
  File "C:\Users\ASUS\AppData\Roaming\Python\Python314\site-packages\django\db\models\manager.py", line 87, in manager_method
    return getattr(self.get_queryset(), name)(*args, **kwargs)
           ~~~~~~~~~~~~~~~~~~~~~~~~~~~~~~~~~~^^^^^^^^^^^^^^^^^
  File "C:\Users\ASUS\AppData\Roaming\Python\Python314\site-packages\django\db\models\query.py", line 665, in create
    obj.save(force_insert=True, using=self.db)
    ~~~~~~~~^^^^^^^^^^^^^^^^^^^^^^^^^^^^^^^^^^
  File "C:\Users\ASUS\AppData\Roaming\Python\Python314\site-packages\django\db\models\base.py", line 902, in save
    self.save_base(
    ~~~~~~~~~~~~~~^
        using=using,
        ^^^^^^^^^^^^
    ...<2 lines>...
        update_fields=update_fields,
        ^^^^^^^^^^^^^^^^^^^^^^^^^^^^
    )
    ^
  File "C:\Users\ASUS\AppData\Roaming\Python\Python314\site-packages\django\db\models\base.py", line 1008, in save_base
    updated = self._save_table(
        raw,
    ...<4 lines>...
        update_fields,
    )
  File "C:\Users\ASUS\AppData\Roaming\Python\Python314\site-packages\django\db\models\base.py", line 1169, in _save_table
    results = self._do_insert(
        cls._base_manager, using, fields, returning_fields, raw
    )
  File "C:\Users\ASUS\AppData\Roaming\Python\Python314\site-packages\django\db\models\base.py", line 1210, in _do_insert
    return manager._insert(
           ~~~~~~~~~~~~~~~^
        [self],
        ^^^^^^^
    ...<3 lines>...
        raw=raw,
        ^^^^^^^^
    )
    ^
  File "C:\Users\ASUS\AppData\Roaming\Python\Python314\site-packages\django\db\models\manager.py", line 87, in manager_method
    return getattr(self.get_queryset(), name)(*args, **kwargs)
           ~~~~~~~~~~~~~~~~~~~~~~~~~~~~~~~~~~^^^^^^^^^^^^^^^^^
  File "C:\Users\ASUS\AppData\Roaming\Python\Python314\site-packages\django\db\models\query.py", line 1873, in _insert
    return query.get_compiler(using=using).execute_sql(returning_fields)
           ~~~~~~~~~~~~~~~~~~~~~~~~~~~~~~~~~~~~~~~~~~~^^^^^^^^^^^^^^^^^^
  File "C:\Users\ASUS\AppData\Roaming\Python\Python314\site-packages\django\db\models\sql\compiler.py", line 1882, in execute_sql
    cursor.execute(sql, params)
    ~~~~~~~~~~~~~~^^^^^^^^^^^^^
  File "C:\Users\ASUS\AppData\Roaming\Python\Python314\site-packages\django\db\backends\utils.py", line 122, in execute
    return super().execute(sql, params)
           ~~~~~~~~~~~~~~~^^^^^^^^^^^^^
  File "C:\Users\ASUS\AppData\Roaming\Python\Python314\site-packages\django\db\backends\utils.py", line 79, in execute
    return self._execute_with_wrappers(
           ~~~~~~~~~~~~~~~~~~~~~~~~~~~^
        sql, params, many=False, executor=self._execute
        ^^^^^^^^^^^^^^^^^^^^^^^^^^^^^^^^^^^^^^^^^^^^^^^
    )
    ^
  File "C:\Users\ASUS\AppData\Roaming\Python\Python314\site-packages\django\db\backends\utils.py", line 92, in _execute_with_wrappers
    return executor(sql, params, many, context)
  File "C:\Users\ASUS\AppData\Roaming\Python\Python314\site-packages\django\db\backends\utils.py", line 100, in _execute
    with self.db.wrap_database_errors:
         ^^^^^^^^^^^^^^^^^^^^^^^^^^^^
  File "C:\Users\ASUS\AppData\Roaming\Python\Python314\site-packages\django\db\utils.py", line 91, in __exit__
    raise dj_exc_value.with_traceback(traceback) from exc_value
  File "C:\Users\ASUS\AppData\Roaming\Python\Python314\site-packages\django\db\backends\utils.py", line 105, in _execute
    return self.cursor.execute(sql, params)
           ~~~~~~~~~~~~~~~~~~~^^^^^^^^^^^^^
  File "C:\Users\ASUS\AppData\Roaming\Python\Python314\site-packages\django\db\backends\sqlite3\base.py", line 360, in execute
    return super().execute(query, params)
           ~~~~~~~~~~~~~~~^^^^^^^^^^^^^^^
django.db.utils.IntegrityError: UNIQUE constraint failed: registrations_studentapplication.application_number
Internal Server Error: /api/auto-save/
Traceback (most recent call last):
  File "C:\Users\ASUS\AppData\Roaming\Python\Python314\site-packages\django\db\backends\utils.py", line 105, in _execute
    return self.cursor.execute(sql, params)
           ~~~~~~~~~~~~~~~~~~~^^^^^^^^^^^^^
  File "C:\Users\ASUS\AppData\Roaming\Python\Python314\site-packages\django\db\backends\sqlite3\base.py", line 360, in execute
    return super().execute(query, params)
           ~~~~~~~~~~~~~~~^^^^^^^^^^^^^^^
sqlite3.IntegrityError: UNIQUE constraint failed: registrations_studentapplication.application_number

The above exception was the direct cause of the following exception:

Traceback (most recent call last):
  File "C:\Users\ASUS\AppData\Roaming\Python\Python314\site-packages\django\core\handlers\exception.py", line 55, in inner
    response = get_response(request)
  File "C:\Users\ASUS\AppData\Roaming\Python\Python314\site-packages\django\core\handlers\base.py", line 197, in _get_response
    response = wrapped_callback(request, *callback_args, **callback_kwargs)
  File "C:\Users\ASUS\Downloads\TRAINING PROJECT\TRAINING PROJECT\registrations\views.py", line 689, in auto_save_field
    app = StudentApplication.objects.create(status=status_obj)
  File "C:\Users\ASUS\AppData\Roaming\Python\Python314\site-packages\django\db\models\manager.py", line 87, in manager_method
    return getattr(self.get_queryset(), name)(*args, **kwargs)
           ~~~~~~~~~~~~~~~~~~~~~~~~~~~~~~~~~~^^^^^^^^^^^^^^^^^
  File "C:\Users\ASUS\AppData\Roaming\Python\Python314\site-packages\django\db\models\query.py", line 665, in create
    obj.save(force_insert=True, using=self.db)
    ~~~~~~~~^^^^^^^^^^^^^^^^^^^^^^^^^^^^^^^^^^
  File "C:\Users\ASUS\AppData\Roaming\Python\Python314\site-packages\django\db\models\base.py", line 902, in save
    self.save_base(
    ~~~~~~~~~~~~~~^
        using=using,
        ^^^^^^^^^^^^
    ...<2 lines>...
        update_fields=update_fields,
        ^^^^^^^^^^^^^^^^^^^^^^^^^^^^
    )
    ^
  File "C:\Users\ASUS\AppData\Roaming\Python\Python314\site-packages\django\db\models\base.py", line 1008, in save_base
    updated = self._save_table(
        raw,
    ...<4 lines>...
        update_fields,
    )
  File "C:\Users\ASUS\AppData\Roaming\Python\Python314\site-packages\django\db\models\base.py", line 1169, in _save_table
    results = self._do_insert(
        cls._base_manager, using, fields, returning_fields, raw
    )
  File "C:\Users\ASUS\AppData\Roaming\Python\Python314\site-packages\django\db\models\base.py", line 1210, in _do_insert
    return manager._insert(
           ~~~~~~~~~~~~~~~^
        [self],
        ^^^^^^^
    ...<3 lines>...
        raw=raw,
        ^^^^^^^^
    )
    ^
  File "C:\Users\ASUS\AppData\Roaming\Python\Python314\site-packages\django\db\models\manager.py", line 87, in manager_method
    return getattr(self.get_queryset(), name)(*args, **kwargs)
           ~~~~~~~~~~~~~~~~~~~~~~~~~~~~~~~~~~^^^^^^^^^^^^^^^^^
  File "C:\Users\ASUS\AppData\Roaming\Python\Python314\site-packages\django\db\models\query.py", line 1873, in _insert
    return query.get_compiler(using=using).execute_sql(returning_fields)
           ~~~~~~~~~~~~~~~~~~~~~~~~~~~~~~~~~~~~~~~~~~~^^^^^^^^^^^^^^^^^^
  File "C:\Users\ASUS\AppData\Roaming\Python\Python314\site-packages\django\db\models\sql\compiler.py", line 1882, in execute_sql
    cursor.execute(sql, params)
    ~~~~~~~~~~~~~~^^^^^^^^^^^^^
  File "C:\Users\ASUS\AppData\Roaming\Python\Python314\site-packages\django\db\backends\utils.py", line 122, in execute
    return super().execute(sql, params)
           ~~~~~~~~~~~~~~~^^^^^^^^^^^^^
  File "C:\Users\ASUS\AppData\Roaming\Python\Python314\site-packages\django\db\backends\utils.py", line 79, in execute
    return self._execute_with_wrappers(
           ~~~~~~~~~~~~~~~~~~~~~~~~~~~^
        sql, params, many=False, executor=self._execute
        ^^^^^^^^^^^^^^^^^^^^^^^^^^^^^^^^^^^^^^^^^^^^^^^
    )
    ^
  File "C:\Users\ASUS\AppData\Roaming\Python\Python314\site-packages\django\db\backends\utils.py", line 92, in _execute_with_wrappers
    return executor(sql, params, many, context)
  File "C:\Users\ASUS\AppData\Roaming\Python\Python314\site-packages\django\db\backends\utils.py", line 100, in _execute
    with self.db.wrap_database_errors:
         ^^^^^^^^^^^^^^^^^^^^^^^^^^^^
  File "C:\Users\ASUS\AppData\Roaming\Python\Python314\site-packages\django\db\utils.py", line 91, in __exit__
    raise dj_exc_value.with_traceback(traceback) from exc_value
  File "C:\Users\ASUS\AppData\Roaming\Python\Python314\site-packages\django\db\backends\utils.py", line 105, in _execute
    return self.cursor.execute(sql, params)
           ~~~~~~~~~~~~~~~~~~~^^^^^^^^^^^^^
  File "C:\Users\ASUS\AppData\Roaming\Python\Python314\site-packages\django\db\backends\sqlite3\base.py", line 360, in execute
    return super().execute(query, params)
           ~~~~~~~~~~~~~~~^^^^^^^^^^^^^^^
django.db.utils.IntegrityError: UNIQUE constraint failed: registrations_studentapplication.application_number
Internal Server Error: /api/auto-save/
Traceback (most recent call last):
  File "C:\Users\ASUS\AppData\Roaming\Python\Python314\site-packages\django\db\backends\utils.py", line 105, in _execute
    return self.cursor.execute(sql, params)
           ~~~~~~~~~~~~~~~~~~~^^^^^^^^^^^^^
  File "C:\Users\ASUS\AppData\Roaming\Python\Python314\site-packages\django\db\backends\sqlite3\base.py", line 360, in execute
    return super().execute(query, params)
           ~~~~~~~~~~~~~~~^^^^^^^^^^^^^^^
sqlite3.IntegrityError: UNIQUE constraint failed: registrations_studentapplication.application_number

The above exception was the direct cause of the following exception:

Traceback (most recent call last):
  File "C:\Users\ASUS\AppData\Roaming\Python\Python314\site-packages\django\core\handlers\exception.py", line 55, in inner
    response = get_response(request)
  File "C:\Users\ASUS\AppData\Roaming\Python\Python314\site-packages\django\core\handlers\base.py", line 197, in _get_response
    response = wrapped_callback(request, *callback_args, **callback_kwargs)
  File "C:\Users\ASUS\Downloads\TRAINING PROJECT\TRAINING PROJECT\registrations\views.py", line 689, in auto_save_field
    app = StudentApplication.objects.create(status=status_obj)
  File "C:\Users\ASUS\AppData\Roaming\Python\Python314\site-packages\django\db\models\manager.py", line 87, in manager_method
    return getattr(self.get_queryset(), name)(*args, **kwargs)
           ~~~~~~~~~~~~~~~~~~~~~~~~~~~~~~~~~~^^^^^^^^^^^^^^^^^
  File "C:\Users\ASUS\AppData\Roaming\Python\Python314\site-packages\django\db\models\query.py", line 665, in create
    obj.save(force_insert=True, using=self.db)
    ~~~~~~~~^^^^^^^^^^^^^^^^^^^^^^^^^^^^^^^^^^
  File "C:\Users\ASUS\AppData\Roaming\Python\Python314\site-packages\django\db\models\base.py", line 902, in save
    self.save_base(
    ~~~~~~~~~~~~~~^
        using=using,
        ^^^^^^^^^^^^
    ...<2 lines>...
        update_fields=update_fields,
        ^^^^^^^^^^^^^^^^^^^^^^^^^^^^
    )
    ^
  File "C:\Users\ASUS\AppData\Roaming\Python\Python314\site-packages\django\db\models\base.py", line 1008, in save_base
    updated = self._save_table(
        raw,
    ...<4 lines>...
        update_fields,
    )
  File "C:\Users\ASUS\AppData\Roaming\Python\Python314\site-packages\django\db\models\base.py", line 1169, in _save_table
    results = self._do_insert(
        cls._base_manager, using, fields, returning_fields, raw
    )
  File "C:\Users\ASUS\AppData\Roaming\Python\Python314\site-packages\django\db\models\base.py", line 1210, in _do_insert
    return manager._insert(
           ~~~~~~~~~~~~~~~^
        [self],
        ^^^^^^^
    ...<3 lines>...
        raw=raw,
        ^^^^^^^^
    )
    ^
  File "C:\Users\ASUS\AppData\Roaming\Python\Python314\site-packages\django\db\models\manager.py", line 87, in manager_method
    return getattr(self.get_queryset(), name)(*args, **kwargs)
           ~~~~~~~~~~~~~~~~~~~~~~~~~~~~~~~~~~^^^^^^^^^^^^^^^^^
  File "C:\Users\ASUS\AppData\Roaming\Python\Python314\site-packages\django\db\models\query.py", line 1873, in _insert
    return query.get_compiler(using=using).execute_sql(returning_fields)
           ~~~~~~~~~~~~~~~~~~~~~~~~~~~~~~~~~~~~~~~~~~~^^^^^^^^^^^^^^^^^^
  File "C:\Users\ASUS\AppData\Roaming\Python\Python314\site-packages\django\db\models\sql\compiler.py", line 1882, in execute_sql
    cursor.execute(sql, params)
    ~~~~~~~~~~~~~~^^^^^^^^^^^^^
  File "C:\Users\ASUS\AppData\Roaming\Python\Python314\site-packages\django\db\backends\utils.py", line 122, in execute
    return super().execute(sql, params)
           ~~~~~~~~~~~~~~~^^^^^^^^^^^^^
  File "C:\Users\ASUS\AppData\Roaming\Python\Python314\site-packages\django\db\backends\utils.py", line 79, in execute
    return self._execute_with_wrappers(
           ~~~~~~~~~~~~~~~~~~~~~~~~~~~^
        sql, params, many=False, executor=self._execute
        ^^^^^^^^^^^^^^^^^^^^^^^^^^^^^^^^^^^^^^^^^^^^^^^
    )
    ^
  File "C:\Users\ASUS\AppData\Roaming\Python\Python314\site-packages\django\db\backends\utils.py", line 92, in _execute_with_wrappers
    return executor(sql, params, many, context)
  File "C:\Users\ASUS\AppData\Roaming\Python\Python314\site-packages\django\db\backends\utils.py", line 100, in _execute
    with self.db.wrap_database_errors:
         ^^^^^^^^^^^^^^^^^^^^^^^^^^^^
  File "C:\Users\ASUS\AppData\Roaming\Python\Python314\site-packages\django\db\utils.py", line 91, in __exit__
    raise dj_exc_value.with_traceback(traceback) from exc_value
  File "C:\Users\ASUS\AppData\Roaming\Python\Python314\site-packages\django\db\backends\utils.py", line 105, in _execute
    return self.cursor.execute(sql, params)
           ~~~~~~~~~~~~~~~~~~~^^^^^^^^^^^^^
  File "C:\Users\ASUS\AppData\Roaming\Python\Python314\site-packages\django\db\backends\sqlite3\base.py", line 360, in execute
    return super().execute(query, params)
           ~~~~~~~~~~~~~~~^^^^^^^^^^^^^^^
django.db.utils.IntegrityError: UNIQUE constraint failed: registrations_studentapplication.application_number
Internal Server Error: /api/auto-save/
Traceback (most recent call last):
  File "C:\Users\ASUS\AppData\Roaming\Python\Python314\site-packages\django\db\backends\utils.py", line 105, in _execute
    return self.cursor.execute(sql, params)
           ~~~~~~~~~~~~~~~~~~~^^^^^^^^^^^^^
  File "C:\Users\ASUS\AppData\Roaming\Python\Python314\site-packages\django\db\backends\sqlite3\base.py", line 360, in execute
    return super().execute(query, params)
           ~~~~~~~~~~~~~~~^^^^^^^^^^^^^^^
sqlite3.IntegrityError: UNIQUE constraint failed: registrations_studentapplication.application_number

The above exception was the direct cause of the following exception:

Traceback (most recent call last):
  File "C:\Users\ASUS\AppData\Roaming\Python\Python314\site-packages\django\core\handlers\exception.py", line 55, in inner
    response = get_response(request)
  File "C:\Users\ASUS\AppData\Roaming\Python\Python314\site-packages\django\core\handlers\base.py", line 197, in _get_response
    response = wrapped_callback(request, *callback_args, **callback_kwargs)
  File "C:\Users\ASUS\Downloads\TRAINING PROJECT\TRAINING PROJECT\registrations\views.py", line 689, in auto_save_field
    app = StudentApplication.objects.create(status=status_obj)
  File "C:\Users\ASUS\AppData\Roaming\Python\Python314\site-packages\django\db\models\manager.py", line 87, in manager_method
    return getattr(self.get_queryset(), name)(*args, **kwargs)
           ~~~~~~~~~~~~~~~~~~~~~~~~~~~~~~~~~~^^^^^^^^^^^^^^^^^
  File "C:\Users\ASUS\AppData\Roaming\Python\Python314\site-packages\django\db\models\query.py", line 665, in create
    obj.save(force_insert=True, using=self.db)
    ~~~~~~~~^^^^^^^^^^^^^^^^^^^^^^^^^^^^^^^^^^
  File "C:\Users\ASUS\AppData\Roaming\Python\Python314\site-packages\django\db\models\base.py", line 902, in save
    self.save_base(
    ~~~~~~~~~~~~~~^
        using=using,
        ^^^^^^^^^^^^
    ...<2 lines>...
        update_fields=update_fields,
        ^^^^^^^^^^^^^^^^^^^^^^^^^^^^
    )
    ^
  File "C:\Users\ASUS\AppData\Roaming\Python\Python314\site-packages\django\db\models\base.py", line 1008, in save_base
    updated = self._save_table(
        raw,
    ...<4 lines>...
        update_fields,
    )
  File "C:\Users\ASUS\AppData\Roaming\Python\Python314\site-packages\django\db\models\base.py", line 1169, in _save_table
    results = self._do_insert(
        cls._base_manager, using, fields, returning_fields, raw
    )
  File "C:\Users\ASUS\AppData\Roaming\Python\Python314\site-packages\django\db\models\base.py", line 1210, in _do_insert
    return manager._insert(
           ~~~~~~~~~~~~~~~^
        [self],
        ^^^^^^^
    ...<3 lines>...
        raw=raw,
        ^^^^^^^^
    )
    ^
  File "C:\Users\ASUS\AppData\Roaming\Python\Python314\site-packages\django\db\models\manager.py", line 87, in manager_method
    return getattr(self.get_queryset(), name)(*args, **kwargs)
           ~~~~~~~~~~~~~~~~~~~~~~~~~~~~~~~~~~^^^^^^^^^^^^^^^^^
  File "C:\Users\ASUS\AppData\Roaming\Python\Python314\site-packages\django\db\models\query.py", line 1873, in _insert
    return query.get_compiler(using=using).execute_sql(returning_fields)
           ~~~~~~~~~~~~~~~~~~~~~~~~~~~~~~~~~~~~~~~~~~~^^^^^^^^^^^^^^^^^^
  File "C:\Users\ASUS\AppData\Roaming\Python\Python314\site-packages\django\db\models\sql\compiler.py", line 1882, in execute_sql
    cursor.execute(sql, params)
    ~~~~~~~~~~~~~~^^^^^^^^^^^^^
  File "C:\Users\ASUS\AppData\Roaming\Python\Python314\site-packages\django\db\backends\utils.py", line 122, in execute
    return super().execute(sql, params)
           ~~~~~~~~~~~~~~~^^^^^^^^^^^^^
  File "C:\Users\ASUS\AppData\Roaming\Python\Python314\site-packages\django\db\backends\utils.py", line 79, in execute
    return self._execute_with_wrappers(
           ~~~~~~~~~~~~~~~~~~~~~~~~~~~^
        sql, params, many=False, executor=self._execute
        ^^^^^^^^^^^^^^^^^^^^^^^^^^^^^^^^^^^^^^^^^^^^^^^
    )
    ^
  File "C:\Users\ASUS\AppData\Roaming\Python\Python314\site-packages\django\db\backends\utils.py", line 92, in _execute_with_wrappers
    return executor(sql, params, many, context)
  File "C:\Users\ASUS\AppData\Roaming\Python\Python314\site-packages\django\db\backends\utils.py", line 100, in _execute
    with self.db.wrap_database_errors:
         ^^^^^^^^^^^^^^^^^^^^^^^^^^^^
  File "C:\Users\ASUS\AppData\Roaming\Python\Python314\site-packages\django\db\utils.py", line 91, in __exit__
    raise dj_exc_value.with_traceback(traceback) from exc_value
  File "C:\Users\ASUS\AppData\Roaming\Python\Python314\site-packages\django\db\backends\utils.py", line 105, in _execute
    return self.cursor.execute(sql, params)
           ~~~~~~~~~~~~~~~~~~~^^^^^^^^^^^^^
  File "C:\Users\ASUS\AppData\Roaming\Python\Python314\site-packages\django\db\backends\sqlite3\base.py", line 360, in execute
    return super().execute(query, params)
           ~~~~~~~~~~~~~~~^^^^^^^^^^^^^^^
django.db.utils.IntegrityError: UNIQUE constraint failed: registrations_studentapplication.application_number
Internal Server Error: /api/auto-save/
Traceback (most recent call last):
  File "C:\Users\ASUS\AppData\Roaming\Python\Python314\site-packages\django\db\backends\utils.py", line 105, in _execute
    return self.cursor.execute(sql, params)
           ~~~~~~~~~~~~~~~~~~~^^^^^^^^^^^^^
  File "C:\Users\ASUS\AppData\Roaming\Python\Python314\site-packages\django\db\backends\sqlite3\base.py", line 360, in execute
    return super().execute(query, params)
           ~~~~~~~~~~~~~~~^^^^^^^^^^^^^^^
sqlite3.IntegrityError: UNIQUE constraint failed: registrations_studentapplication.application_number

The above exception was the direct cause of the following exception:

Traceback (most recent call last):
  File "C:\Users\ASUS\AppData\Roaming\Python\Python314\site-packages\django\core\handlers\exception.py", line 55, in inner
    response = get_response(request)
  File "C:\Users\ASUS\AppData\Roaming\Python\Python314\site-packages\django\core\handlers\base.py", line 197, in _get_response
    response = wrapped_callback(request, *callback_args, **callback_kwargs)
  File "C:\Users\ASUS\Downloads\TRAINING PROJECT\TRAINING PROJECT\registrations\views.py", line 689, in auto_save_field
    app = StudentApplication.objects.create(status=status_obj)
  File "C:\Users\ASUS\AppData\Roaming\Python\Python314\site-packages\django\db\models\manager.py", line 87, in manager_method
    return getattr(self.get_queryset(), name)(*args, **kwargs)
           ~~~~~~~~~~~~~~~~~~~~~~~~~~~~~~~~~~^^^^^^^^^^^^^^^^^
  File "C:\Users\ASUS\AppData\Roaming\Python\Python314\site-packages\django\db\models\query.py", line 665, in create
    obj.save(force_insert=True, using=self.db)
    ~~~~~~~~^^^^^^^^^^^^^^^^^^^^^^^^^^^^^^^^^^
  File "C:\Users\ASUS\AppData\Roaming\Python\Python314\site-packages\django\db\models\base.py", line 902, in save
    self.save_base(
    ~~~~~~~~~~~~~~^
        using=using,
        ^^^^^^^^^^^^
    ...<2 lines>...
        update_fields=update_fields,
        ^^^^^^^^^^^^^^^^^^^^^^^^^^^^
    )
    ^
  File "C:\Users\ASUS\AppData\Roaming\Python\Python314\site-packages\django\db\models\base.py", line 1008, in save_base
    updated = self._save_table(
        raw,
    ...<4 lines>...
        update_fields,
    )
  File "C:\Users\ASUS\AppData\Roaming\Python\Python314\site-packages\django\db\models\base.py", line 1169, in _save_table
    results = self._do_insert(
        cls._base_manager, using, fields, returning_fields, raw
    )
  File "C:\Users\ASUS\AppData\Roaming\Python\Python314\site-packages\django\db\models\base.py", line 1210, in _do_insert
    return manager._insert(
           ~~~~~~~~~~~~~~~^
        [self],
        ^^^^^^^
    ...<3 lines>...
        raw=raw,
        ^^^^^^^^
    )
    ^
  File "C:\Users\ASUS\AppData\Roaming\Python\Python314\site-packages\django\db\models\manager.py", line 87, in manager_method
    return getattr(self.get_queryset(), name)(*args, **kwargs)
           ~~~~~~~~~~~~~~~~~~~~~~~~~~~~~~~~~~^^^^^^^^^^^^^^^^^
  File "C:\Users\ASUS\AppData\Roaming\Python\Python314\site-packages\django\db\models\query.py", line 1873, in _insert
    return query.get_compiler(using=using).execute_sql(returning_fields)
           ~~~~~~~~~~~~~~~~~~~~~~~~~~~~~~~~~~~~~~~~~~~^^^^^^^^^^^^^^^^^^
  File "C:\Users\ASUS\AppData\Roaming\Python\Python314\site-packages\django\db\models\sql\compiler.py", line 1882, in execute_sql
    cursor.execute(sql, params)
    ~~~~~~~~~~~~~~^^^^^^^^^^^^^
  File "C:\Users\ASUS\AppData\Roaming\Python\Python314\site-packages\django\db\backends\utils.py", line 122, in execute
    return super().execute(sql, params)
           ~~~~~~~~~~~~~~~^^^^^^^^^^^^^
  File "C:\Users\ASUS\AppData\Roaming\Python\Python314\site-packages\django\db\backends\utils.py", line 79, in execute
    return self._execute_with_wrappers(
           ~~~~~~~~~~~~~~~~~~~~~~~~~~~^
        sql, params, many=False, executor=self._execute
        ^^^^^^^^^^^^^^^^^^^^^^^^^^^^^^^^^^^^^^^^^^^^^^^
    )
    ^
  File "C:\Users\ASUS\AppData\Roaming\Python\Python314\site-packages\django\db\backends\utils.py", line 92, in _execute_with_wrappers
    return executor(sql, params, many, context)
  File "C:\Users\ASUS\AppData\Roaming\Python\Python314\site-packages\django\db\backends\utils.py", line 100, in _execute
    with self.db.wrap_database_errors:
         ^^^^^^^^^^^^^^^^^^^^^^^^^^^^
  File "C:\Users\ASUS\AppData\Roaming\Python\Python314\site-packages\django\db\utils.py", line 91, in __exit__
    raise dj_exc_value.with_traceback(traceback) from exc_value
  File "C:\Users\ASUS\AppData\Roaming\Python\Python314\site-packages\django\db\backends\utils.py", line 105, in _execute
    return self.cursor.execute(sql, params)
           ~~~~~~~~~~~~~~~~~~~^^^^^^^^^^^^^
  File "C:\Users\ASUS\AppData\Roaming\Python\Python314\site-packages\django\db\backends\sqlite3\base.py", line 360, in execute
    return super().execute(query, params)
           ~~~~~~~~~~~~~~~^^^^^^^^^^^^^^^
django.db.utils.IntegrityError: UNIQUE constraint failed: registrations_studentapplication.application_number
Internal Server Error: /api/auto-save/
Traceback (most recent call last):
  File "C:\Users\ASUS\AppData\Roaming\Python\Python314\site-packages\django\db\backends\utils.py", line 105, in _execute
    return self.cursor.execute(sql, params)
           ~~~~~~~~~~~~~~~~~~~^^^^^^^^^^^^^
  File "C:\Users\ASUS\AppData\Roaming\Python\Python314\site-packages\django\db\backends\sqlite3\base.py", line 360, in execute
    return super().execute(query, params)
           ~~~~~~~~~~~~~~~^^^^^^^^^^^^^^^
sqlite3.IntegrityError: UNIQUE constraint failed: registrations_studentapplication.application_number

The above exception was the direct cause of the following exception:

Traceback (most recent call last):
  File "C:\Users\ASUS\AppData\Roaming\Python\Python314\site-packages\django\core\handlers\exception.py", line 55, in inner
    response = get_response(request)
  File "C:\Users\ASUS\AppData\Roaming\Python\Python314\site-packages\django\core\handlers\base.py", line 197, in _get_response
    response = wrapped_callback(request, *callback_args, **callback_kwargs)
  File "C:\Users\ASUS\Downloads\TRAINING PROJECT\TRAINING PROJECT\registrations\views.py", line 689, in auto_save_field
    app = StudentApplication.objects.create(status=status_obj)
  File "C:\Users\ASUS\AppData\Roaming\Python\Python314\site-packages\django\db\models\manager.py", line 87, in manager_method
    return getattr(self.get_queryset(), name)(*args, **kwargs)
           ~~~~~~~~~~~~~~~~~~~~~~~~~~~~~~~~~~^^^^^^^^^^^^^^^^^
  File "C:\Users\ASUS\AppData\Roaming\Python\Python314\site-packages\django\db\models\query.py", line 665, in create
    obj.save(force_insert=True, using=self.db)
    ~~~~~~~~^^^^^^^^^^^^^^^^^^^^^^^^^^^^^^^^^^
  File "C:\Users\ASUS\AppData\Roaming\Python\Python314\site-packages\django\db\models\base.py", line 902, in save
    self.save_base(
    ~~~~~~~~~~~~~~^
        using=using,
        ^^^^^^^^^^^^
    ...<2 lines>...
        update_fields=update_fields,
        ^^^^^^^^^^^^^^^^^^^^^^^^^^^^
    )
    ^
  File "C:\Users\ASUS\AppData\Roaming\Python\Python314\site-packages\django\db\models\base.py", line 1008, in save_base
    updated = self._save_table(
        raw,
    ...<4 lines>...
        update_fields,
    )
  File "C:\Users\ASUS\AppData\Roaming\Python\Python314\site-packages\django\db\models\base.py", line 1169, in _save_table
    results = self._do_insert(
        cls._base_manager, using, fields, returning_fields, raw
    )
  File "C:\Users\ASUS\AppData\Roaming\Python\Python314\site-packages\django\db\models\base.py", line 1210, in _do_insert
    return manager._insert(
           ~~~~~~~~~~~~~~~^
        [self],
        ^^^^^^^
    ...<3 lines>...
        raw=raw,
        ^^^^^^^^
    )
    ^
  File "C:\Users\ASUS\AppData\Roaming\Python\Python314\site-packages\django\db\models\manager.py", line 87, in manager_method
    return getattr(self.get_queryset(), name)(*args, **kwargs)
           ~~~~~~~~~~~~~~~~~~~~~~~~~~~~~~~~~~^^^^^^^^^^^^^^^^^
  File "C:\Users\ASUS\AppData\Roaming\Python\Python314\site-packages\django\db\models\query.py", line 1873, in _insert
    return query.get_compiler(using=using).execute_sql(returning_fields)
           ~~~~~~~~~~~~~~~~~~~~~~~~~~~~~~~~~~~~~~~~~~~^^^^^^^^^^^^^^^^^^
  File "C:\Users\ASUS\AppData\Roaming\Python\Python314\site-packages\django\db\models\sql\compiler.py", line 1882, in execute_sql
    cursor.execute(sql, params)
    ~~~~~~~~~~~~~~^^^^^^^^^^^^^
  File "C:\Users\ASUS\AppData\Roaming\Python\Python314\site-packages\django\db\backends\utils.py", line 122, in execute
    return super().execute(sql, params)
           ~~~~~~~~~~~~~~~^^^^^^^^^^^^^
  File "C:\Users\ASUS\AppData\Roaming\Python\Python314\site-packages\django\db\backends\utils.py", line 79, in execute
    return self._execute_with_wrappers(
           ~~~~~~~~~~~~~~~~~~~~~~~~~~~^
        sql, params, many=False, executor=self._execute
        ^^^^^^^^^^^^^^^^^^^^^^^^^^^^^^^^^^^^^^^^^^^^^^^
    )
    ^
  File "C:\Users\ASUS\AppData\Roaming\Python\Python314\site-packages\django\db\backends\utils.py", line 92, in _execute_with_wrappers
    return executor(sql, params, many, context)
  File "C:\Users\ASUS\AppData\Roaming\Python\Python314\site-packages\django\db\backends\utils.py", line 100, in _execute
    with self.db.wrap_database_errors:
         ^^^^^^^^^^^^^^^^^^^^^^^^^^^^
  File "C:\Users\ASUS\AppData\Roaming\Python\Python314\site-packages\django\db\utils.py", line 91, in __exit__
    raise dj_exc_value.with_traceback(traceback) from exc_value
  File "C:\Users\ASUS\AppData\Roaming\Python\Python314\site-packages\django\db\backends\utils.py", line 105, in _execute
    return self.cursor.execute(sql, params)
           ~~~~~~~~~~~~~~~~~~~^^^^^^^^^^^^^
  File "C:\Users\ASUS\AppData\Roaming\Python\Python314\site-packages\django\db\backends\sqlite3\base.py", line 360, in execute
    return super().execute(query, params)
           ~~~~~~~~~~~~~~~^^^^^^^^^^^^^^^
django.db.utils.IntegrityError: UNIQUE constraint failed: registrations_studentapplication.application_number
Internal Server Error: /api/auto-save/
Traceback (most recent call last):
  File "C:\Users\ASUS\AppData\Roaming\Python\Python314\site-packages\django\db\backends\utils.py", line 105, in _execute
    return self.cursor.execute(sql, params)
           ~~~~~~~~~~~~~~~~~~~^^^^^^^^^^^^^
  File "C:\Users\ASUS\AppData\Roaming\Python\Python314\site-packages\django\db\backends\sqlite3\base.py", line 360, in execute
    return super().execute(query, params)
           ~~~~~~~~~~~~~~~^^^^^^^^^^^^^^^
sqlite3.IntegrityError: UNIQUE constraint failed: registrations_studentapplication.application_number

The above exception was the direct cause of the following exception:

Traceback (most recent call last):
  File "C:\Users\ASUS\AppData\Roaming\Python\Python314\site-packages\django\core\handlers\exception.py", line 55, in inner
    response = get_response(request)
  File "C:\Users\ASUS\AppData\Roaming\Python\Python314\site-packages\django\core\handlers\base.py", line 197, in _get_response
    response = wrapped_callback(request, *callback_args, **callback_kwargs)
  File "C:\Users\ASUS\Downloads\TRAINING PROJECT\TRAINING PROJECT\registrations\views.py", line 689, in auto_save_field
    app = StudentApplication.objects.create(status=status_obj)
  File "C:\Users\ASUS\AppData\Roaming\Python\Python314\site-packages\django\db\models\manager.py", line 87, in manager_method
    return getattr(self.get_queryset(), name)(*args, **kwargs)
           ~~~~~~~~~~~~~~~~~~~~~~~~~~~~~~~~~~^^^^^^^^^^^^^^^^^
  File "C:\Users\ASUS\AppData\Roaming\Python\Python314\site-packages\django\db\models\query.py", line 665, in create
    obj.save(force_insert=True, using=self.db)
    ~~~~~~~~^^^^^^^^^^^^^^^^^^^^^^^^^^^^^^^^^^
  File "C:\Users\ASUS\AppData\Roaming\Python\Python314\site-packages\django\db\models\base.py", line 902, in save
    self.save_base(
    ~~~~~~~~~~~~~~^
        using=using,
        ^^^^^^^^^^^^
    ...<2 lines>...
        update_fields=update_fields,
        ^^^^^^^^^^^^^^^^^^^^^^^^^^^^
    )
    ^
  File "C:\Users\ASUS\AppData\Roaming\Python\Python314\site-packages\django\db\models\base.py", line 1008, in save_base
    updated = self._save_table(
        raw,
    ...<4 lines>...
        update_fields,
    )
  File "C:\Users\ASUS\AppData\Roaming\Python\Python314\site-packages\django\db\models\base.py", line 1169, in _save_table
    results = self._do_insert(
        cls._base_manager, using, fields, returning_fields, raw
    )
  File "C:\Users\ASUS\AppData\Roaming\Python\Python314\site-packages\django\db\models\base.py", line 1210, in _do_insert
    return manager._insert(
           ~~~~~~~~~~~~~~~^
        [self],
        ^^^^^^^
    ...<3 lines>...
        raw=raw,
        ^^^^^^^^
    )
    ^
  File "C:\Users\ASUS\AppData\Roaming\Python\Python314\site-packages\django\db\models\manager.py", line 87, in manager_method
    return getattr(self.get_queryset(), name)(*args, **kwargs)
           ~~~~~~~~~~~~~~~~~~~~~~~~~~~~~~~~~~^^^^^^^^^^^^^^^^^
  File "C:\Users\ASUS\AppData\Roaming\Python\Python314\site-packages\django\db\models\query.py", line 1873, in _insert
    return query.get_compiler(using=using).execute_sql(returning_fields)
           ~~~~~~~~~~~~~~~~~~~~~~~~~~~~~~~~~~~~~~~~~~~^^^^^^^^^^^^^^^^^^
  File "C:\Users\ASUS\AppData\Roaming\Python\Python314\site-packages\django\db\models\sql\compiler.py", line 1882, in execute_sql
    cursor.execute(sql, params)
    ~~~~~~~~~~~~~~^^^^^^^^^^^^^
  File "C:\Users\ASUS\AppData\Roaming\Python\Python314\site-packages\django\db\backends\utils.py", line 122, in execute
    return super().execute(sql, params)
           ~~~~~~~~~~~~~~~^^^^^^^^^^^^^
  File "C:\Users\ASUS\AppData\Roaming\Python\Python314\site-packages\django\db\backends\utils.py", line 79, in execute
    return self._execute_with_wrappers(
           ~~~~~~~~~~~~~~~~~~~~~~~~~~~^
        sql, params, many=False, executor=self._execute
        ^^^^^^^^^^^^^^^^^^^^^^^^^^^^^^^^^^^^^^^^^^^^^^^
    )
    ^
  File "C:\Users\ASUS\AppData\Roaming\Python\Python314\site-packages\django\db\backends\utils.py", line 92, in _execute_with_wrappers
    return executor(sql, params, many, context)
  File "C:\Users\ASUS\AppData\Roaming\Python\Python314\site-packages\django\db\backends\utils.py", line 100, in _execute
    with self.db.wrap_database_errors:
         ^^^^^^^^^^^^^^^^^^^^^^^^^^^^
  File "C:\Users\ASUS\AppData\Roaming\Python\Python314\site-packages\django\db\utils.py", line 91, in __exit__
    raise dj_exc_value.with_traceback(traceback) from exc_value
  File "C:\Users\ASUS\AppData\Roaming\Python\Python314\site-packages\django\db\backends\utils.py", line 105, in _execute
    return self.cursor.execute(sql, params)
           ~~~~~~~~~~~~~~~~~~~^^^^^^^^^^^^^
  File "C:\Users\ASUS\AppData\Roaming\Python\Python314\site-packages\django\db\backends\sqlite3\base.py", line 360, in execute
    return super().execute(query, params)
           ~~~~~~~~~~~~~~~^^^^^^^^^^^^^^^
django.db.utils.IntegrityError: UNIQUE constraint failed: registrations_studentapplication.application_number
Internal Server Error: /api/auto-save/
Traceback (most recent call last):
  File "C:\Users\ASUS\AppData\Roaming\Python\Python314\site-packages\django\db\backends\utils.py", line 105, in _execute
    return self.cursor.execute(sql, params)
           ~~~~~~~~~~~~~~~~~~~^^^^^^^^^^^^^
  File "C:\Users\ASUS\AppData\Roaming\Python\Python314\site-packages\django\db\backends\sqlite3\base.py", line 360, in execute
    return super().execute(query, params)
           ~~~~~~~~~~~~~~~^^^^^^^^^^^^^^^
sqlite3.IntegrityError: UNIQUE constraint failed: registrations_studentapplication.application_number

The above exception was the direct cause of the following exception:

Traceback (most recent call last):
  File "C:\Users\ASUS\AppData\Roaming\Python\Python314\site-packages\django\core\handlers\exception.py", line 55, in inner
    response = get_response(request)
  File "C:\Users\ASUS\AppData\Roaming\Python\Python314\site-packages\django\core\handlers\base.py", line 197, in _get_response
    response = wrapped_callback(request, *callback_args, **callback_kwargs)
  File "C:\Users\ASUS\Downloads\TRAINING PROJECT\TRAINING PROJECT\registrations\views.py", line 689, in auto_save_field
    app = StudentApplication.objects.create(status=status_obj)
  File "C:\Users\ASUS\AppData\Roaming\Python\Python314\site-packages\django\db\models\manager.py", line 87, in manager_method
    return getattr(self.get_queryset(), name)(*args, **kwargs)
           ~~~~~~~~~~~~~~~~~~~~~~~~~~~~~~~~~~^^^^^^^^^^^^^^^^^
  File "C:\Users\ASUS\AppData\Roaming\Python\Python314\site-packages\django\db\models\query.py", line 665, in create
    obj.save(force_insert=True, using=self.db)
    ~~~~~~~~^^^^^^^^^^^^^^^^^^^^^^^^^^^^^^^^^^
  File "C:\Users\ASUS\AppData\Roaming\Python\Python314\site-packages\django\db\models\base.py", line 902, in save
    self.save_base(
    ~~~~~~~~~~~~~~^
        using=using,
        ^^^^^^^^^^^^
    ...<2 lines>...
        update_fields=update_fields,
        ^^^^^^^^^^^^^^^^^^^^^^^^^^^^
    )
    ^
  File "C:\Users\ASUS\AppData\Roaming\Python\Python314\site-packages\django\db\models\base.py", line 1008, in save_base
    updated = self._save_table(
        raw,
    ...<4 lines>...
        update_fields,
    )
  File "C:\Users\ASUS\AppData\Roaming\Python\Python314\site-packages\django\db\models\base.py", line 1169, in _save_table
    results = self._do_insert(
        cls._base_manager, using, fields, returning_fields, raw
    )
  File "C:\Users\ASUS\AppData\Roaming\Python\Python314\site-packages\django\db\models\base.py", line 1210, in _do_insert
    return manager._insert(
           ~~~~~~~~~~~~~~~^
        [self],
        ^^^^^^^
    ...<3 lines>...
        raw=raw,
        ^^^^^^^^
    )
    ^
  File "C:\Users\ASUS\AppData\Roaming\Python\Python314\site-packages\django\db\models\manager.py", line 87, in manager_method
    return getattr(self.get_queryset(), name)(*args, **kwargs)
           ~~~~~~~~~~~~~~~~~~~~~~~~~~~~~~~~~~^^^^^^^^^^^^^^^^^
  File "C:\Users\ASUS\AppData\Roaming\Python\Python314\site-packages\django\db\models\query.py", line 1873, in _insert
    return query.get_compiler(using=using).execute_sql(returning_fields)
           ~~~~~~~~~~~~~~~~~~~~~~~~~~~~~~~~~~~~~~~~~~~^^^^^^^^^^^^^^^^^^
  File "C:\Users\ASUS\AppData\Roaming\Python\Python314\site-packages\django\db\models\sql\compiler.py", line 1882, in execute_sql
    cursor.execute(sql, params)
    ~~~~~~~~~~~~~~^^^^^^^^^^^^^
  File "C:\Users\ASUS\AppData\Roaming\Python\Python314\site-packages\django\db\backends\utils.py", line 122, in execute
    return super().execute(sql, params)
           ~~~~~~~~~~~~~~~^^^^^^^^^^^^^
  File "C:\Users\ASUS\AppData\Roaming\Python\Python314\site-packages\django\db\backends\utils.py", line 79, in execute
    return self._execute_with_wrappers(
           ~~~~~~~~~~~~~~~~~~~~~~~~~~~^
        sql, params, many=False, executor=self._execute
        ^^^^^^^^^^^^^^^^^^^^^^^^^^^^^^^^^^^^^^^^^^^^^^^
    )
    ^
  File "C:\Users\ASUS\AppData\Roaming\Python\Python314\site-packages\django\db\backends\utils.py", line 92, in _execute_with_wrappers
    return executor(sql, params, many, context)
  File "C:\Users\ASUS\AppData\Roaming\Python\Python314\site-packages\django\db\backends\utils.py", line 100, in _execute
    with self.db.wrap_database_errors:
         ^^^^^^^^^^^^^^^^^^^^^^^^^^^^
  File "C:\Users\ASUS\AppData\Roaming\Python\Python314\site-packages\django\db\utils.py", line 91, in __exit__
    raise dj_exc_value.with_traceback(traceback) from exc_value
  File "C:\Users\ASUS\AppData\Roaming\Python\Python314\site-packages\django\db\backends\utils.py", line 105, in _execute
    return self.cursor.execute(sql, params)
           ~~~~~~~~~~~~~~~~~~~^^^^^^^^^^^^^
  File "C:\Users\ASUS\AppData\Roaming\Python\Python314\site-packages\django\db\backends\sqlite3\base.py", line 360, in execute
    return super().execute(query, params)
           ~~~~~~~~~~~~~~~^^^^^^^^^^^^^^^
django.db.utils.IntegrityError: UNIQUE constraint failed: registrations_studentapplication.application_number
Internal Server Error: /api/auto-save/
Traceback (most recent call last):
  File "C:\Users\ASUS\AppData\Roaming\Python\Python314\site-packages\django\db\backends\utils.py", line 105, in _execute
    return self.cursor.execute(sql, params)
           ~~~~~~~~~~~~~~~~~~~^^^^^^^^^^^^^
  File "C:\Users\ASUS\AppData\Roaming\Python\Python314\site-packages\django\db\backends\sqlite3\base.py", line 360, in execute
    return super().execute(query, params)
           ~~~~~~~~~~~~~~~^^^^^^^^^^^^^^^
sqlite3.IntegrityError: UNIQUE constraint failed: registrations_studentapplication.application_number

The above exception was the direct cause of the following exception:

Traceback (most recent call last):
  File "C:\Users\ASUS\AppData\Roaming\Python\Python314\site-packages\django\core\handlers\exception.py", line 55, in inner
    response = get_response(request)
  File "C:\Users\ASUS\AppData\Roaming\Python\Python314\site-packages\django\core\handlers\base.py", line 197, in _get_response
    response = wrapped_callback(request, *callback_args, **callback_kwargs)
  File "C:\Users\ASUS\Downloads\TRAINING PROJECT\TRAINING PROJECT\registrations\views.py", line 689, in auto_save_field
    app = StudentApplication.objects.create(status=status_obj)
  File "C:\Users\ASUS\AppData\Roaming\Python\Python314\site-packages\django\db\models\manager.py", line 87, in manager_method
    return getattr(self.get_queryset(), name)(*args, **kwargs)
           ~~~~~~~~~~~~~~~~~~~~~~~~~~~~~~~~~~^^^^^^^^^^^^^^^^^
  File "C:\Users\ASUS\AppData\Roaming\Python\Python314\site-packages\django\db\models\query.py", line 665, in create
    obj.save(force_insert=True, using=self.db)
    ~~~~~~~~^^^^^^^^^^^^^^^^^^^^^^^^^^^^^^^^^^
  File "C:\Users\ASUS\AppData\Roaming\Python\Python314\site-packages\django\db\models\base.py", line 902, in save
    self.save_base(
    ~~~~~~~~~~~~~~^
        using=using,
        ^^^^^^^^^^^^
    ...<2 lines>...
        update_fields=update_fields,
        ^^^^^^^^^^^^^^^^^^^^^^^^^^^^
    )
    ^
  File "C:\Users\ASUS\AppData\Roaming\Python\Python314\site-packages\django\db\models\base.py", line 1008, in save_base
    updated = self._save_table(
        raw,
    ...<4 lines>...
        update_fields,
    )
  File "C:\Users\ASUS\AppData\Roaming\Python\Python314\site-packages\django\db\models\base.py", line 1169, in _save_table
    results = self._do_insert(
        cls._base_manager, using, fields, returning_fields, raw
    )
  File "C:\Users\ASUS\AppData\Roaming\Python\Python314\site-packages\django\db\models\base.py", line 1210, in _do_insert
    return manager._insert(
           ~~~~~~~~~~~~~~~^
        [self],
        ^^^^^^^
    ...<3 lines>...
        raw=raw,
        ^^^^^^^^
    )
    ^
  File "C:\Users\ASUS\AppData\Roaming\Python\Python314\site-packages\django\db\models\manager.py", line 87, in manager_method
    return getattr(self.get_queryset(), name)(*args, **kwargs)
           ~~~~~~~~~~~~~~~~~~~~~~~~~~~~~~~~~~^^^^^^^^^^^^^^^^^
  File "C:\Users\ASUS\AppData\Roaming\Python\Python314\site-packages\django\db\models\query.py", line 1873, in _insert
    return query.get_compiler(using=using).execute_sql(returning_fields)
           ~~~~~~~~~~~~~~~~~~~~~~~~~~~~~~~~~~~~~~~~~~~^^^^^^^^^^^^^^^^^^
  File "C:\Users\ASUS\AppData\Roaming\Python\Python314\site-packages\django\db\models\sql\compiler.py", line 1882, in execute_sql
    cursor.execute(sql, params)
    ~~~~~~~~~~~~~~^^^^^^^^^^^^^
  File "C:\Users\ASUS\AppData\Roaming\Python\Python314\site-packages\django\db\backends\utils.py", line 122, in execute
    return super().execute(sql, params)
           ~~~~~~~~~~~~~~~^^^^^^^^^^^^^
  File "C:\Users\ASUS\AppData\Roaming\Python\Python314\site-packages\django\db\backends\utils.py", line 79, in execute
    return self._execute_with_wrappers(
           ~~~~~~~~~~~~~~~~~~~~~~~~~~~^
        sql, params, many=False, executor=self._execute
        ^^^^^^^^^^^^^^^^^^^^^^^^^^^^^^^^^^^^^^^^^^^^^^^
    )
    ^
  File "C:\Users\ASUS\AppData\Roaming\Python\Python314\site-packages\django\db\backends\utils.py", line 92, in _execute_with_wrappers
    return executor(sql, params, many, context)
  File "C:\Users\ASUS\AppData\Roaming\Python\Python314\site-packages\django\db\backends\utils.py", line 100, in _execute
    with self.db.wrap_database_errors:
         ^^^^^^^^^^^^^^^^^^^^^^^^^^^^
  File "C:\Users\ASUS\AppData\Roaming\Python\Python314\site-packages\django\db\utils.py", line 91, in __exit__
    raise dj_exc_value.with_traceback(traceback) from exc_value
  File "C:\Users\ASUS\AppData\Roaming\Python\Python314\site-packages\django\db\backends\utils.py", line 105, in _execute
    return self.cursor.execute(sql, params)
           ~~~~~~~~~~~~~~~~~~~^^^^^^^^^^^^^
  File "C:\Users\ASUS\AppData\Roaming\Python\Python314\site-packages\django\db\backends\sqlite3\base.py", line 360, in execute
    return super().execute(query, params)
           ~~~~~~~~~~~~~~~^^^^^^^^^^^^^^^
django.db.utils.IntegrityError: UNIQUE constraint failed: registrations_studentapplication.application_number
Internal Server Error: /api/auto-save/
Traceback (most recent call last):
  File "C:\Users\ASUS\AppData\Roaming\Python\Python314\site-packages\django\db\backends\utils.py", line 105, in _execute
    return self.cursor.execute(sql, params)
           ~~~~~~~~~~~~~~~~~~~^^^^^^^^^^^^^
  File "C:\Users\ASUS\AppData\Roaming\Python\Python314\site-packages\django\db\backends\sqlite3\base.py", line 360, in execute
    return super().execute(query, params)
           ~~~~~~~~~~~~~~~^^^^^^^^^^^^^^^
sqlite3.IntegrityError: UNIQUE constraint failed: registrations_studentapplication.application_number

The above exception was the direct cause of the following exception:

Traceback (most recent call last):
  File "C:\Users\ASUS\AppData\Roaming\Python\Python314\site-packages\django\core\handlers\exception.py", line 55, in inner
    response = get_response(request)
  File "C:\Users\ASUS\AppData\Roaming\Python\Python314\site-packages\django\core\handlers\base.py", line 197, in _get_response
    response = wrapped_callback(request, *callback_args, **callback_kwargs)
  File "C:\Users\ASUS\Downloads\TRAINING PROJECT\TRAINING PROJECT\registrations\views.py", line 689, in auto_save_field
    app = StudentApplication.objects.create(status=status_obj)
  File "C:\Users\ASUS\AppData\Roaming\Python\Python314\site-packages\django\db\models\manager.py", line 87, in manager_method
    return getattr(self.get_queryset(), name)(*args, **kwargs)
           ~~~~~~~~~~~~~~~~~~~~~~~~~~~~~~~~~~^^^^^^^^^^^^^^^^^
  File "C:\Users\ASUS\AppData\Roaming\Python\Python314\site-packages\django\db\models\query.py", line 665, in create
    obj.save(force_insert=True, using=self.db)
    ~~~~~~~~^^^^^^^^^^^^^^^^^^^^^^^^^^^^^^^^^^
  File "C:\Users\ASUS\AppData\Roaming\Python\Python314\site-packages\django\db\models\base.py", line 902, in save
    self.save_base(
    ~~~~~~~~~~~~~~^
        using=using,
        ^^^^^^^^^^^^
    ...<2 lines>...
        update_fields=update_fields,
        ^^^^^^^^^^^^^^^^^^^^^^^^^^^^
    )
    ^
  File "C:\Users\ASUS\AppData\Roaming\Python\Python314\site-packages\django\db\models\base.py", line 1008, in save_base
    updated = self._save_table(
        raw,
    ...<4 lines>...
        update_fields,
    )
  File "C:\Users\ASUS\AppData\Roaming\Python\Python314\site-packages\django\db\models\base.py", line 1169, in _save_table
    results = self._do_insert(
        cls._base_manager, using, fields, returning_fields, raw
    )
  File "C:\Users\ASUS\AppData\Roaming\Python\Python314\site-packages\django\db\models\base.py", line 1210, in _do_insert
    return manager._insert(
           ~~~~~~~~~~~~~~~^
        [self],
        ^^^^^^^
    ...<3 lines>...
        raw=raw,
        ^^^^^^^^
    )
    ^
  File "C:\Users\ASUS\AppData\Roaming\Python\Python314\site-packages\django\db\models\manager.py", line 87, in manager_method
    return getattr(self.get_queryset(), name)(*args, **kwargs)
           ~~~~~~~~~~~~~~~~~~~~~~~~~~~~~~~~~~^^^^^^^^^^^^^^^^^
  File "C:\Users\ASUS\AppData\Roaming\Python\Python314\site-packages\django\db\models\query.py", line 1873, in _insert
    return query.get_compiler(using=using).execute_sql(returning_fields)
           ~~~~~~~~~~~~~~~~~~~~~~~~~~~~~~~~~~~~~~~~~~~^^^^^^^^^^^^^^^^^^
  File "C:\Users\ASUS\AppData\Roaming\Python\Python314\site-packages\django\db\models\sql\compiler.py", line 1882, in execute_sql
    cursor.execute(sql, params)
    ~~~~~~~~~~~~~~^^^^^^^^^^^^^
  File "C:\Users\ASUS\AppData\Roaming\Python\Python314\site-packages\django\db\backends\utils.py", line 122, in execute
    return super().execute(sql, params)
           ~~~~~~~~~~~~~~~^^^^^^^^^^^^^
  File "C:\Users\ASUS\AppData\Roaming\Python\Python314\site-packages\django\db\backends\utils.py", line 79, in execute
    return self._execute_with_wrappers(
           ~~~~~~~~~~~~~~~~~~~~~~~~~~~^
        sql, params, many=False, executor=self._execute
        ^^^^^^^^^^^^^^^^^^^^^^^^^^^^^^^^^^^^^^^^^^^^^^^
    )
    ^
  File "C:\Users\ASUS\AppData\Roaming\Python\Python314\site-packages\django\db\backends\utils.py", line 92, in _execute_with_wrappers
    return executor(sql, params, many, context)
  File "C:\Users\ASUS\AppData\Roaming\Python\Python314\site-packages\django\db\backends\utils.py", line 100, in _execute
    with self.db.wrap_database_errors:
         ^^^^^^^^^^^^^^^^^^^^^^^^^^^^
  File "C:\Users\ASUS\AppData\Roaming\Python\Python314\site-packages\django\db\utils.py", line 91, in __exit__
    raise dj_exc_value.with_traceback(traceback) from exc_value
  File "C:\Users\ASUS\AppData\Roaming\Python\Python314\site-packages\django\db\backends\utils.py", line 105, in _execute
    return self.cursor.execute(sql, params)
           ~~~~~~~~~~~~~~~~~~~^^^^^^^^^^^^^
  File "C:\Users\ASUS\AppData\Roaming\Python\Python314\site-packages\django\db\backends\sqlite3\base.py", line 360, in execute
    return super().execute(query, params)
           ~~~~~~~~~~~~~~~^^^^^^^^^^^^^^^
django.db.utils.IntegrityError: UNIQUE constraint failed: registrations_studentapplication.application_number
Internal Server Error: /api/auto-save/
Traceback (most recent call last):
  File "C:\Users\ASUS\AppData\Roaming\Python\Python314\site-packages\django\db\backends\utils.py", line 105, in _execute
    return self.cursor.execute(sql, params)
           ~~~~~~~~~~~~~~~~~~~^^^^^^^^^^^^^
  File "C:\Users\ASUS\AppData\Roaming\Python\Python314\site-packages\django\db\backends\sqlite3\base.py", line 360, in execute
    return super().execute(query, params)
           ~~~~~~~~~~~~~~~^^^^^^^^^^^^^^^
sqlite3.IntegrityError: UNIQUE constraint failed: registrations_studentapplication.application_number

The above exception was the direct cause of the following exception:

Traceback (most recent call last):
  File "C:\Users\ASUS\AppData\Roaming\Python\Python314\site-packages\django\core\handlers\exception.py", line 55, in inner
    response = get_response(request)
  File "C:\Users\ASUS\AppData\Roaming\Python\Python314\site-packages\django\core\handlers\base.py", line 197, in _get_response
    response = wrapped_callback(request, *callback_args, **callback_kwargs)
  File "C:\Users\ASUS\Downloads\TRAINING PROJECT\TRAINING PROJECT\registrations\views.py", line 689, in auto_save_field
    app = StudentApplication.objects.create(status=status_obj)
  File "C:\Users\ASUS\AppData\Roaming\Python\Python314\site-packages\django\db\models\manager.py", line 87, in manager_method
    return getattr(self.get_queryset(), name)(*args, **kwargs)
           ~~~~~~~~~~~~~~~~~~~~~~~~~~~~~~~~~~^^^^^^^^^^^^^^^^^
  File "C:\Users\ASUS\AppData\Roaming\Python\Python314\site-packages\django\db\models\query.py", line 665, in create
    obj.save(force_insert=True, using=self.db)
    ~~~~~~~~^^^^^^^^^^^^^^^^^^^^^^^^^^^^^^^^^^
  File "C:\Users\ASUS\AppData\Roaming\Python\Python314\site-packages\django\db\models\base.py", line 902, in save
    self.save_base(
    ~~~~~~~~~~~~~~^
        using=using,
        ^^^^^^^^^^^^
    ...<2 lines>...
        update_fields=update_fields,
        ^^^^^^^^^^^^^^^^^^^^^^^^^^^^
    )
    ^
  File "C:\Users\ASUS\AppData\Roaming\Python\Python314\site-packages\django\db\models\base.py", line 1008, in save_base
    updated = self._save_table(
        raw,
    ...<4 lines>...
        update_fields,
    )
  File "C:\Users\ASUS\AppData\Roaming\Python\Python314\site-packages\django\db\models\base.py", line 1169, in _save_table
    results = self._do_insert(
        cls._base_manager, using, fields, returning_fields, raw
    )
  File "C:\Users\ASUS\AppData\Roaming\Python\Python314\site-packages\django\db\models\base.py", line 1210, in _do_insert
    return manager._insert(
           ~~~~~~~~~~~~~~~^
        [self],
        ^^^^^^^
    ...<3 lines>...
        raw=raw,
        ^^^^^^^^
    )
    ^
  File "C:\Users\ASUS\AppData\Roaming\Python\Python314\site-packages\django\db\models\manager.py", line 87, in manager_method
    return getattr(self.get_queryset(), name)(*args, **kwargs)
           ~~~~~~~~~~~~~~~~~~~~~~~~~~~~~~~~~~^^^^^^^^^^^^^^^^^
  File "C:\Users\ASUS\AppData\Roaming\Python\Python314\site-packages\django\db\models\query.py", line 1873, in _insert
    return query.get_compiler(using=using).execute_sql(returning_fields)
           ~~~~~~~~~~~~~~~~~~~~~~~~~~~~~~~~~~~~~~~~~~~^^^^^^^^^^^^^^^^^^
  File "C:\Users\ASUS\AppData\Roaming\Python\Python314\site-packages\django\db\models\sql\compiler.py", line 1882, in execute_sql
    cursor.execute(sql, params)
    ~~~~~~~~~~~~~~^^^^^^^^^^^^^
  File "C:\Users\ASUS\AppData\Roaming\Python\Python314\site-packages\django\db\backends\utils.py", line 122, in execute
    return super().execute(sql, params)
           ~~~~~~~~~~~~~~~^^^^^^^^^^^^^
  File "C:\Users\ASUS\AppData\Roaming\Python\Python314\site-packages\django\db\backends\utils.py", line 79, in execute
    return self._execute_with_wrappers(
           ~~~~~~~~~~~~~~~~~~~~~~~~~~~^
        sql, params, many=False, executor=self._execute
        ^^^^^^^^^^^^^^^^^^^^^^^^^^^^^^^^^^^^^^^^^^^^^^^
    )
    ^
  File "C:\Users\ASUS\AppData\Roaming\Python\Python314\site-packages\django\db\backends\utils.py", line 92, in _execute_with_wrappers
    return executor(sql, params, many, context)
  File "C:\Users\ASUS\AppData\Roaming\Python\Python314\site-packages\django\db\backends\utils.py", line 100, in _execute
    with self.db.wrap_database_errors:
         ^^^^^^^^^^^^^^^^^^^^^^^^^^^^
  File "C:\Users\ASUS\AppData\Roaming\Python\Python314\site-packages\django\db\utils.py", line 91, in __exit__
    raise dj_exc_value.with_traceback(traceback) from exc_value
  File "C:\Users\ASUS\AppData\Roaming\Python\Python314\site-packages\django\db\backends\utils.py", line 105, in _execute
    return self.cursor.execute(sql, params)
           ~~~~~~~~~~~~~~~~~~~^^^^^^^^^^^^^
  File "C:\Users\ASUS\AppData\Roaming\Python\Python314\site-packages\django\db\backends\sqlite3\base.py", line 360, in execute
    return super().execute(query, params)
           ~~~~~~~~~~~~~~~^^^^^^^^^^^^^^^
django.db.utils.IntegrityError: UNIQUE constraint failed: registrations_studentapplication.application_number
Internal Server Error: /api/auto-save/
Traceback (most recent call last):
  File "C:\Users\ASUS\AppData\Roaming\Python\Python314\site-packages\django\db\backends\utils.py", line 105, in _execute
    return self.cursor.execute(sql, params)
           ~~~~~~~~~~~~~~~~~~~^^^^^^^^^^^^^
  File "C:\Users\ASUS\AppData\Roaming\Python\Python314\site-packages\django\db\backends\sqlite3\base.py", line 360, in execute
    return super().execute(query, params)
           ~~~~~~~~~~~~~~~^^^^^^^^^^^^^^^
sqlite3.IntegrityError: UNIQUE constraint failed: registrations_studentapplication.application_number

The above exception was the direct cause of the following exception:

Traceback (most recent call last):
  File "C:\Users\ASUS\AppData\Roaming\Python\Python314\site-packages\django\core\handlers\exception.py", line 55, in inner
    response = get_response(request)
  File "C:\Users\ASUS\AppData\Roaming\Python\Python314\site-packages\django\core\handlers\base.py", line 197, in _get_response
    response = wrapped_callback(request, *callback_args, **callback_kwargs)
  File "C:\Users\ASUS\Downloads\TRAINING PROJECT\TRAINING PROJECT\registrations\views.py", line 689, in auto_save_field
    app = StudentApplication.objects.create(status=status_obj)
  File "C:\Users\ASUS\AppData\Roaming\Python\Python314\site-packages\django\db\models\manager.py", line 87, in manager_method
    return getattr(self.get_queryset(), name)(*args, **kwargs)
           ~~~~~~~~~~~~~~~~~~~~~~~~~~~~~~~~~~^^^^^^^^^^^^^^^^^
  File "C:\Users\ASUS\AppData\Roaming\Python\Python314\site-packages\django\db\models\query.py", line 665, in create
    obj.save(force_insert=True, using=self.db)
    ~~~~~~~~^^^^^^^^^^^^^^^^^^^^^^^^^^^^^^^^^^
  File "C:\Users\ASUS\AppData\Roaming\Python\Python314\site-packages\django\db\models\base.py", line 902, in save
    self.save_base(
    ~~~~~~~~~~~~~~^
        using=using,
        ^^^^^^^^^^^^
    ...<2 lines>...
        update_fields=update_fields,
        ^^^^^^^^^^^^^^^^^^^^^^^^^^^^
    )
    ^
  File "C:\Users\ASUS\AppData\Roaming\Python\Python314\site-packages\django\db\models\base.py", line 1008, in save_base
    updated = self._save_table(
        raw,
    ...<4 lines>...
        update_fields,
    )
  File "C:\Users\ASUS\AppData\Roaming\Python\Python314\site-packages\django\db\models\base.py", line 1169, in _save_table
    results = self._do_insert(
        cls._base_manager, using, fields, returning_fields, raw
    )
  File "C:\Users\ASUS\AppData\Roaming\Python\Python314\site-packages\django\db\models\base.py", line 1210, in _do_insert
    return manager._insert(
           ~~~~~~~~~~~~~~~^
        [self],
        ^^^^^^^
    ...<3 lines>...
        raw=raw,
        ^^^^^^^^
    )
    ^
  File "C:\Users\ASUS\AppData\Roaming\Python\Python314\site-packages\django\db\models\manager.py", line 87, in manager_method
    return getattr(self.get_queryset(), name)(*args, **kwargs)
           ~~~~~~~~~~~~~~~~~~~~~~~~~~~~~~~~~~^^^^^^^^^^^^^^^^^
  File "C:\Users\ASUS\AppData\Roaming\Python\Python314\site-packages\django\db\models\query.py", line 1873, in _insert
    return query.get_compiler(using=using).execute_sql(returning_fields)
           ~~~~~~~~~~~~~~~~~~~~~~~~~~~~~~~~~~~~~~~~~~~^^^^^^^^^^^^^^^^^^
  File "C:\Users\ASUS\AppData\Roaming\Python\Python314\site-packages\django\db\models\sql\compiler.py", line 1882, in execute_sql
    cursor.execute(sql, params)
    ~~~~~~~~~~~~~~^^^^^^^^^^^^^
  File "C:\Users\ASUS\AppData\Roaming\Python\Python314\site-packages\django\db\backends\utils.py", line 122, in execute
    return super().execute(sql, params)
           ~~~~~~~~~~~~~~~^^^^^^^^^^^^^
  File "C:\Users\ASUS\AppData\Roaming\Python\Python314\site-packages\django\db\backends\utils.py", line 79, in execute
    return self._execute_with_wrappers(
           ~~~~~~~~~~~~~~~~~~~~~~~~~~~^
        sql, params, many=False, executor=self._execute
        ^^^^^^^^^^^^^^^^^^^^^^^^^^^^^^^^^^^^^^^^^^^^^^^
    )
    ^
  File "C:\Users\ASUS\AppData\Roaming\Python\Python314\site-packages\django\db\backends\utils.py", line 92, in _execute_with_wrappers
    return executor(sql, params, many, context)
  File "C:\Users\ASUS\AppData\Roaming\Python\Python314\site-packages\django\db\backends\utils.py", line 100, in _execute
    with self.db.wrap_database_errors:
         ^^^^^^^^^^^^^^^^^^^^^^^^^^^^
  File "C:\Users\ASUS\AppData\Roaming\Python\Python314\site-packages\django\db\utils.py", line 91, in __exit__
    raise dj_exc_value.with_traceback(traceback) from exc_value
  File "C:\Users\ASUS\AppData\Roaming\Python\Python314\site-packages\django\db\backends\utils.py", line 105, in _execute
    return self.cursor.execute(sql, params)
           ~~~~~~~~~~~~~~~~~~~^^^^^^^^^^^^^
  File "C:\Users\ASUS\AppData\Roaming\Python\Python314\site-packages\django\db\backends\sqlite3\base.py", line 360, in execute
    return super().execute(query, params)
           ~~~~~~~~~~~~~~~^^^^^^^^^^^^^^^
django.db.utils.IntegrityError: UNIQUE constraint failed: registrations_studentapplication.application_number
Internal Server Error: /api/auto-save/
Traceback (most recent call last):
  File "C:\Users\ASUS\AppData\Roaming\Python\Python314\site-packages\django\db\backends\utils.py", line 105, in _execute
    return self.cursor.execute(sql, params)
           ~~~~~~~~~~~~~~~~~~~^^^^^^^^^^^^^
  File "C:\Users\ASUS\AppData\Roaming\Python\Python314\site-packages\django\db\backends\sqlite3\base.py", line 360, in execute
    return super().execute(query, params)
           ~~~~~~~~~~~~~~~^^^^^^^^^^^^^^^
sqlite3.IntegrityError: UNIQUE constraint failed: registrations_studentapplication.application_number

The above exception was the direct cause of the following exception:

Traceback (most recent call last):
  File "C:\Users\ASUS\AppData\Roaming\Python\Python314\site-packages\django\core\handlers\exception.py", line 55, in inner
    response = get_response(request)
  File "C:\Users\ASUS\AppData\Roaming\Python\Python314\site-packages\django\core\handlers\base.py", line 197, in _get_response
    response = wrapped_callback(request, *callback_args, **callback_kwargs)
  File "C:\Users\ASUS\Downloads\TRAINING PROJECT\TRAINING PROJECT\registrations\views.py", line 689, in auto_save_field
    app = StudentApplication.objects.create(status=status_obj)
  File "C:\Users\ASUS\AppData\Roaming\Python\Python314\site-packages\django\db\models\manager.py", line 87, in manager_method
    return getattr(self.get_queryset(), name)(*args, **kwargs)
           ~~~~~~~~~~~~~~~~~~~~~~~~~~~~~~~~~~^^^^^^^^^^^^^^^^^
  File "C:\Users\ASUS\AppData\Roaming\Python\Python314\site-packages\django\db\models\query.py", line 665, in create
    obj.save(force_insert=True, using=self.db)
    ~~~~~~~~^^^^^^^^^^^^^^^^^^^^^^^^^^^^^^^^^^
  File "C:\Users\ASUS\AppData\Roaming\Python\Python314\site-packages\django\db\models\base.py", line 902, in save
    self.save_base(
    ~~~~~~~~~~~~~~^
        using=using,
        ^^^^^^^^^^^^
    ...<2 lines>...
        update_fields=update_fields,
        ^^^^^^^^^^^^^^^^^^^^^^^^^^^^
    )
    ^
  File "C:\Users\ASUS\AppData\Roaming\Python\Python314\site-packages\django\db\models\base.py", line 1008, in save_base
    updated = self._save_table(
        raw,
    ...<4 lines>...
        update_fields,
    )
  File "C:\Users\ASUS\AppData\Roaming\Python\Python314\site-packages\django\db\models\base.py", line 1169, in _save_table
    results = self._do_insert(
        cls._base_manager, using, fields, returning_fields, raw
    )
  File "C:\Users\ASUS\AppData\Roaming\Python\Python314\site-packages\django\db\models\base.py", line 1210, in _do_insert
    return manager._insert(
           ~~~~~~~~~~~~~~~^
        [self],
        ^^^^^^^
    ...<3 lines>...
        raw=raw,
        ^^^^^^^^
    )
    ^
  File "C:\Users\ASUS\AppData\Roaming\Python\Python314\site-packages\django\db\models\manager.py", line 87, in manager_method
    return getattr(self.get_queryset(), name)(*args, **kwargs)
           ~~~~~~~~~~~~~~~~~~~~~~~~~~~~~~~~~~^^^^^^^^^^^^^^^^^
  File "C:\Users\ASUS\AppData\Roaming\Python\Python314\site-packages\django\db\models\query.py", line 1873, in _insert
    return query.get_compiler(using=using).execute_sql(returning_fields)
           ~~~~~~~~~~~~~~~~~~~~~~~~~~~~~~~~~~~~~~~~~~~^^^^^^^^^^^^^^^^^^
  File "C:\Users\ASUS\AppData\Roaming\Python\Python314\site-packages\django\db\models\sql\compiler.py", line 1882, in execute_sql
    cursor.execute(sql, params)
    ~~~~~~~~~~~~~~^^^^^^^^^^^^^
  File "C:\Users\ASUS\AppData\Roaming\Python\Python314\site-packages\django\db\backends\utils.py", line 122, in execute
    return super().execute(sql, params)
           ~~~~~~~~~~~~~~~^^^^^^^^^^^^^
  File "C:\Users\ASUS\AppData\Roaming\Python\Python314\site-packages\django\db\backends\utils.py", line 79, in execute
    return self._execute_with_wrappers(
           ~~~~~~~~~~~~~~~~~~~~~~~~~~~^
        sql, params, many=False, executor=self._execute
        ^^^^^^^^^^^^^^^^^^^^^^^^^^^^^^^^^^^^^^^^^^^^^^^
    )
    ^
  File "C:\Users\ASUS\AppData\Roaming\Python\Python314\site-packages\django\db\backends\utils.py", line 92, in _execute_with_wrappers
    return executor(sql, params, many, context)
  File "C:\Users\ASUS\AppData\Roaming\Python\Python314\site-packages\django\db\backends\utils.py", line 100, in _execute
    with self.db.wrap_database_errors:
         ^^^^^^^^^^^^^^^^^^^^^^^^^^^^
  File "C:\Users\ASUS\AppData\Roaming\Python\Python314\site-packages\django\db\utils.py", line 91, in __exit__
    raise dj_exc_value.with_traceback(traceback) from exc_value
  File "C:\Users\ASUS\AppData\Roaming\Python\Python314\site-packages\django\db\backends\utils.py", line 105, in _execute
    return self.cursor.execute(sql, params)
           ~~~~~~~~~~~~~~~~~~~^^^^^^^^^^^^^
  File "C:\Users\ASUS\AppData\Roaming\Python\Python314\site-packages\django\db\backends\sqlite3\base.py", line 360, in execute
    return super().execute(query, params)
           ~~~~~~~~~~~~~~~^^^^^^^^^^^^^^^
django.db.utils.IntegrityError: UNIQUE constraint failed: registrations_studentapplication.application_number
Internal Server Error: /api/auto-save/
Traceback (most recent call last):
  File "C:\Users\ASUS\AppData\Roaming\Python\Python314\site-packages\django\db\backends\utils.py", line 105, in _execute
    return self.cursor.execute(sql, params)
           ~~~~~~~~~~~~~~~~~~~^^^^^^^^^^^^^
  File "C:\Users\ASUS\AppData\Roaming\Python\Python314\site-packages\django\db\backends\sqlite3\base.py", line 360, in execute
    return super().execute(query, params)
           ~~~~~~~~~~~~~~~^^^^^^^^^^^^^^^
sqlite3.IntegrityError: UNIQUE constraint failed: registrations_studentapplication.application_number

The above exception was the direct cause of the following exception:

Traceback (most recent call last):
  File "C:\Users\ASUS\AppData\Roaming\Python\Python314\site-packages\django\core\handlers\exception.py", line 55, in inner
    response = get_response(request)
  File "C:\Users\ASUS\AppData\Roaming\Python\Python314\site-packages\django\core\handlers\base.py", line 197, in _get_response
    response = wrapped_callback(request, *callback_args, **callback_kwargs)
  File "C:\Users\ASUS\Downloads\TRAINING PROJECT\TRAINING PROJECT\registrations\views.py", line 689, in auto_save_field
    app = StudentApplication.objects.create(status=status_obj)
  File "C:\Users\ASUS\AppData\Roaming\Python\Python314\site-packages\django\db\models\manager.py", line 87, in manager_method
    return getattr(self.get_queryset(), name)(*args, **kwargs)
           ~~~~~~~~~~~~~~~~~~~~~~~~~~~~~~~~~~^^^^^^^^^^^^^^^^^
  File "C:\Users\ASUS\AppData\Roaming\Python\Python314\site-packages\django\db\models\query.py", line 665, in create
    obj.save(force_insert=True, using=self.db)
    ~~~~~~~~^^^^^^^^^^^^^^^^^^^^^^^^^^^^^^^^^^
  File "C:\Users\ASUS\AppData\Roaming\Python\Python314\site-packages\django\db\models\base.py", line 902, in save
    self.save_base(
    ~~~~~~~~~~~~~~^
        using=using,
        ^^^^^^^^^^^^
    ...<2 lines>...
        update_fields=update_fields,
        ^^^^^^^^^^^^^^^^^^^^^^^^^^^^
    )
    ^
  File "C:\Users\ASUS\AppData\Roaming\Python\Python314\site-packages\django\db\models\base.py", line 1008, in save_base
    updated = self._save_table(
        raw,
    ...<4 lines>...
        update_fields,
    )
  File "C:\Users\ASUS\AppData\Roaming\Python\Python314\site-packages\django\db\models\base.py", line 1169, in _save_table
    results = self._do_insert(
        cls._base_manager, using, fields, returning_fields, raw
    )
  File "C:\Users\ASUS\AppData\Roaming\Python\Python314\site-packages\django\db\models\base.py", line 1210, in _do_insert
    return manager._insert(
           ~~~~~~~~~~~~~~~^
        [self],
        ^^^^^^^
    ...<3 lines>...
        raw=raw,
        ^^^^^^^^
    )
    ^
  File "C:\Users\ASUS\AppData\Roaming\Python\Python314\site-packages\django\db\models\manager.py", line 87, in manager_method
    return getattr(self.get_queryset(), name)(*args, **kwargs)
           ~~~~~~~~~~~~~~~~~~~~~~~~~~~~~~~~~~^^^^^^^^^^^^^^^^^
  File "C:\Users\ASUS\AppData\Roaming\Python\Python314\site-packages\django\db\models\query.py", line 1873, in _insert
    return query.get_compiler(using=using).execute_sql(returning_fields)
           ~~~~~~~~~~~~~~~~~~~~~~~~~~~~~~~~~~~~~~~~~~~^^^^^^^^^^^^^^^^^^
  File "C:\Users\ASUS\AppData\Roaming\Python\Python314\site-packages\django\db\models\sql\compiler.py", line 1882, in execute_sql
    cursor.execute(sql, params)
    ~~~~~~~~~~~~~~^^^^^^^^^^^^^
  File "C:\Users\ASUS\AppData\Roaming\Python\Python314\site-packages\django\db\backends\utils.py", line 122, in execute
    return super().execute(sql, params)
           ~~~~~~~~~~~~~~~^^^^^^^^^^^^^
  File "C:\Users\ASUS\AppData\Roaming\Python\Python314\site-packages\django\db\backends\utils.py", line 79, in execute
    return self._execute_with_wrappers(
           ~~~~~~~~~~~~~~~~~~~~~~~~~~~^
        sql, params, many=False, executor=self._execute
        ^^^^^^^^^^^^^^^^^^^^^^^^^^^^^^^^^^^^^^^^^^^^^^^
    )
    ^
  File "C:\Users\ASUS\AppData\Roaming\Python\Python314\site-packages\django\db\backends\utils.py", line 92, in _execute_with_wrappers
    return executor(sql, params, many, context)
  File "C:\Users\ASUS\AppData\Roaming\Python\Python314\site-packages\django\db\backends\utils.py", line 100, in _execute
    with self.db.wrap_database_errors:
         ^^^^^^^^^^^^^^^^^^^^^^^^^^^^
  File "C:\Users\ASUS\AppData\Roaming\Python\Python314\site-packages\django\db\utils.py", line 91, in __exit__
    raise dj_exc_value.with_traceback(traceback) from exc_value
  File "C:\Users\ASUS\AppData\Roaming\Python\Python314\site-packages\django\db\backends\utils.py", line 105, in _execute
    return self.cursor.execute(sql, params)
           ~~~~~~~~~~~~~~~~~~~^^^^^^^^^^^^^
  File "C:\Users\ASUS\AppData\Roaming\Python\Python314\site-packages\django\db\backends\sqlite3\base.py", line 360, in execute
    return super().execute(query, params)
           ~~~~~~~~~~~~~~~^^^^^^^^^^^^^^^
django.db.utils.IntegrityError: UNIQUE constraint failed: registrations_studentapplication.application_number
Internal Server Error: /api/auto-save/
Traceback (most recent call last):
  File "C:\Users\ASUS\AppData\Roaming\Python\Python314\site-packages\django\db\backends\utils.py", line 105, in _execute
    return self.cursor.execute(sql, params)
           ~~~~~~~~~~~~~~~~~~~^^^^^^^^^^^^^
  File "C:\Users\ASUS\AppData\Roaming\Python\Python314\site-packages\django\db\backends\sqlite3\base.py", line 360, in execute
    return super().execute(query, params)
           ~~~~~~~~~~~~~~~^^^^^^^^^^^^^^^
sqlite3.IntegrityError: UNIQUE constraint failed: registrations_studentapplication.application_number

The above exception was the direct cause of the following exception:

Traceback (most recent call last):
  File "C:\Users\ASUS\AppData\Roaming\Python\Python314\site-packages\django\core\handlers\exception.py", line 55, in inner
    response = get_response(request)
  File "C:\Users\ASUS\AppData\Roaming\Python\Python314\site-packages\django\core\handlers\base.py", line 197, in _get_response
    response = wrapped_callback(request, *callback_args, **callback_kwargs)
  File "C:\Users\ASUS\Downloads\TRAINING PROJECT\TRAINING PROJECT\registrations\views.py", line 689, in auto_save_field
    app = StudentApplication.objects.create(status=status_obj)
  File "C:\Users\ASUS\AppData\Roaming\Python\Python314\site-packages\django\db\models\manager.py", line 87, in manager_method
    return getattr(self.get_queryset(), name)(*args, **kwargs)
           ~~~~~~~~~~~~~~~~~~~~~~~~~~~~~~~~~~^^^^^^^^^^^^^^^^^
  File "C:\Users\ASUS\AppData\Roaming\Python\Python314\site-packages\django\db\models\query.py", line 665, in create
    obj.save(force_insert=True, using=self.db)
    ~~~~~~~~^^^^^^^^^^^^^^^^^^^^^^^^^^^^^^^^^^
  File "C:\Users\ASUS\AppData\Roaming\Python\Python314\site-packages\django\db\models\base.py", line 902, in save
    self.save_base(
    ~~~~~~~~~~~~~~^
        using=using,
        ^^^^^^^^^^^^
    ...<2 lines>...
        update_fields=update_fields,
        ^^^^^^^^^^^^^^^^^^^^^^^^^^^^
    )
    ^
  File "C:\Users\ASUS\AppData\Roaming\Python\Python314\site-packages\django\db\models\base.py", line 1008, in save_base
    updated = self._save_table(
        raw,
    ...<4 lines>...
        update_fields,
    )
  File "C:\Users\ASUS\AppData\Roaming\Python\Python314\site-packages\django\db\models\base.py", line 1169, in _save_table
    results = self._do_insert(
        cls._base_manager, using, fields, returning_fields, raw
    )
  File "C:\Users\ASUS\AppData\Roaming\Python\Python314\site-packages\django\db\models\base.py", line 1210, in _do_insert
    return manager._insert(
           ~~~~~~~~~~~~~~~^
        [self],
        ^^^^^^^
    ...<3 lines>...
        raw=raw,
        ^^^^^^^^
    )
    ^
  File "C:\Users\ASUS\AppData\Roaming\Python\Python314\site-packages\django\db\models\manager.py", line 87, in manager_method
    return getattr(self.get_queryset(), name)(*args, **kwargs)
           ~~~~~~~~~~~~~~~~~~~~~~~~~~~~~~~~~~^^^^^^^^^^^^^^^^^
  File "C:\Users\ASUS\AppData\Roaming\Python\Python314\site-packages\django\db\models\query.py", line 1873, in _insert
    return query.get_compiler(using=using).execute_sql(returning_fields)
           ~~~~~~~~~~~~~~~~~~~~~~~~~~~~~~~~~~~~~~~~~~~^^^^^^^^^^^^^^^^^^
  File "C:\Users\ASUS\AppData\Roaming\Python\Python314\site-packages\django\db\models\sql\compiler.py", line 1882, in execute_sql
    cursor.execute(sql, params)
    ~~~~~~~~~~~~~~^^^^^^^^^^^^^
  File "C:\Users\ASUS\AppData\Roaming\Python\Python314\site-packages\django\db\backends\utils.py", line 122, in execute
    return super().execute(sql, params)
           ~~~~~~~~~~~~~~~^^^^^^^^^^^^^
  File "C:\Users\ASUS\AppData\Roaming\Python\Python314\site-packages\django\db\backends\utils.py", line 79, in execute
    return self._execute_with_wrappers(
           ~~~~~~~~~~~~~~~~~~~~~~~~~~~^
        sql, params, many=False, executor=self._execute
        ^^^^^^^^^^^^^^^^^^^^^^^^^^^^^^^^^^^^^^^^^^^^^^^
    )
    ^
  File "C:\Users\ASUS\AppData\Roaming\Python\Python314\site-packages\django\db\backends\utils.py", line 92, in _execute_with_wrappers
    return executor(sql, params, many, context)
  File "C:\Users\ASUS\AppData\Roaming\Python\Python314\site-packages\django\db\backends\utils.py", line 100, in _execute
    with self.db.wrap_database_errors:
         ^^^^^^^^^^^^^^^^^^^^^^^^^^^^
  File "C:\Users\ASUS\AppData\Roaming\Python\Python314\site-packages\django\db\utils.py", line 91, in __exit__
    raise dj_exc_value.with_traceback(traceback) from exc_value
  File "C:\Users\ASUS\AppData\Roaming\Python\Python314\site-packages\django\db\backends\utils.py", line 105, in _execute
    return self.cursor.execute(sql, params)
           ~~~~~~~~~~~~~~~~~~~^^^^^^^^^^^^^
  File "C:\Users\ASUS\AppData\Roaming\Python\Python314\site-packages\django\db\backends\sqlite3\base.py", line 360, in execute
    return super().execute(query, params)
           ~~~~~~~~~~~~~~~^^^^^^^^^^^^^^^
django.db.utils.IntegrityError: UNIQUE constraint failed: registrations_studentapplication.application_number
Internal Server Error: /api/auto-save/
Traceback (most recent call last):
  File "C:\Users\ASUS\AppData\Roaming\Python\Python314\site-packages\django\db\backends\utils.py", line 105, in _execute
    return self.cursor.execute(sql, params)
           ~~~~~~~~~~~~~~~~~~~^^^^^^^^^^^^^
  File "C:\Users\ASUS\AppData\Roaming\Python\Python314\site-packages\django\db\backends\sqlite3\base.py", line 360, in execute
    return super().execute(query, params)
           ~~~~~~~~~~~~~~~^^^^^^^^^^^^^^^
sqlite3.IntegrityError: UNIQUE constraint failed: registrations_studentapplication.application_number

The above exception was the direct cause of the following exception:

Traceback (most recent call last):
  File "C:\Users\ASUS\AppData\Roaming\Python\Python314\site-packages\django\core\handlers\exception.py", line 55, in inner
    response = get_response(request)
  File "C:\Users\ASUS\AppData\Roaming\Python\Python314\site-packages\django\core\handlers\base.py", line 197, in _get_response
    response = wrapped_callback(request, *callback_args, **callback_kwargs)
  File "C:\Users\ASUS\Downloads\TRAINING PROJECT\TRAINING PROJECT\registrations\views.py", line 689, in auto_save_field
    app = StudentApplication.objects.create(status=status_obj)
  File "C:\Users\ASUS\AppData\Roaming\Python\Python314\site-packages\django\db\models\manager.py", line 87, in manager_method
    return getattr(self.get_queryset(), name)(*args, **kwargs)
           ~~~~~~~~~~~~~~~~~~~~~~~~~~~~~~~~~~^^^^^^^^^^^^^^^^^
  File "C:\Users\ASUS\AppData\Roaming\Python\Python314\site-packages\django\db\models\query.py", line 665, in create
    obj.save(force_insert=True, using=self.db)
    ~~~~~~~~^^^^^^^^^^^^^^^^^^^^^^^^^^^^^^^^^^
  File "C:\Users\ASUS\AppData\Roaming\Python\Python314\site-packages\django\db\models\base.py", line 902, in save
    self.save_base(
    ~~~~~~~~~~~~~~^
        using=using,
        ^^^^^^^^^^^^
    ...<2 lines>...
        update_fields=update_fields,
        ^^^^^^^^^^^^^^^^^^^^^^^^^^^^
    )
    ^
  File "C:\Users\ASUS\AppData\Roaming\Python\Python314\site-packages\django\db\models\base.py", line 1008, in save_base
    updated = self._save_table(
        raw,
    ...<4 lines>...
        update_fields,
    )
  File "C:\Users\ASUS\AppData\Roaming\Python\Python314\site-packages\django\db\models\base.py", line 1169, in _save_table
    results = self._do_insert(
        cls._base_manager, using, fields, returning_fields, raw
    )
  File "C:\Users\ASUS\AppData\Roaming\Python\Python314\site-packages\django\db\models\base.py", line 1210, in _do_insert
    return manager._insert(
           ~~~~~~~~~~~~~~~^
        [self],
        ^^^^^^^
    ...<3 lines>...
        raw=raw,
        ^^^^^^^^
    )
    ^
  File "C:\Users\ASUS\AppData\Roaming\Python\Python314\site-packages\django\db\models\manager.py", line 87, in manager_method
    return getattr(self.get_queryset(), name)(*args, **kwargs)
           ~~~~~~~~~~~~~~~~~~~~~~~~~~~~~~~~~~^^^^^^^^^^^^^^^^^
  File "C:\Users\ASUS\AppData\Roaming\Python\Python314\site-packages\django\db\models\query.py", line 1873, in _insert
    return query.get_compiler(using=using).execute_sql(returning_fields)
           ~~~~~~~~~~~~~~~~~~~~~~~~~~~~~~~~~~~~~~~~~~~^^^^^^^^^^^^^^^^^^
  File "C:\Users\ASUS\AppData\Roaming\Python\Python314\site-packages\django\db\models\sql\compiler.py", line 1882, in execute_sql
    cursor.execute(sql, params)
    ~~~~~~~~~~~~~~^^^^^^^^^^^^^
  File "C:\Users\ASUS\AppData\Roaming\Python\Python314\site-packages\django\db\backends\utils.py", line 122, in execute
    return super().execute(sql, params)
           ~~~~~~~~~~~~~~~^^^^^^^^^^^^^
  File "C:\Users\ASUS\AppData\Roaming\Python\Python314\site-packages\django\db\backends\utils.py", line 79, in execute
    return self._execute_with_wrappers(
           ~~~~~~~~~~~~~~~~~~~~~~~~~~~^
        sql, params, many=False, executor=self._execute
        ^^^^^^^^^^^^^^^^^^^^^^^^^^^^^^^^^^^^^^^^^^^^^^^
    )
    ^
  File "C:\Users\ASUS\AppData\Roaming\Python\Python314\site-packages\django\db\backends\utils.py", line 92, in _execute_with_wrappers
    return executor(sql, params, many, context)
  File "C:\Users\ASUS\AppData\Roaming\Python\Python314\site-packages\django\db\backends\utils.py", line 100, in _execute
    with self.db.wrap_database_errors:
         ^^^^^^^^^^^^^^^^^^^^^^^^^^^^
  File "C:\Users\ASUS\AppData\Roaming\Python\Python314\site-packages\django\db\utils.py", line 91, in __exit__
    raise dj_exc_value.with_traceback(traceback) from exc_value
  File "C:\Users\ASUS\AppData\Roaming\Python\Python314\site-packages\django\db\backends\utils.py", line 105, in _execute
    return self.cursor.execute(sql, params)
           ~~~~~~~~~~~~~~~~~~~^^^^^^^^^^^^^
  File "C:\Users\ASUS\AppData\Roaming\Python\Python314\site-packages\django\db\backends\sqlite3\base.py", line 360, in execute
    return super().execute(query, params)
           ~~~~~~~~~~~~~~~^^^^^^^^^^^^^^^
django.db.utils.IntegrityError: UNIQUE constraint failed: registrations_studentapplication.application_number
Internal Server Error: /api/auto-save/
Traceback (most recent call last):
  File "C:\Users\ASUS\AppData\Roaming\Python\Python314\site-packages\django\db\backends\utils.py", line 105, in _execute
    return self.cursor.execute(sql, params)
           ~~~~~~~~~~~~~~~~~~~^^^^^^^^^^^^^
  File "C:\Users\ASUS\AppData\Roaming\Python\Python314\site-packages\django\db\backends\sqlite3\base.py", line 360, in execute
    return super().execute(query, params)
           ~~~~~~~~~~~~~~~^^^^^^^^^^^^^^^
sqlite3.IntegrityError: UNIQUE constraint failed: registrations_studentapplication.application_number

The above exception was the direct cause of the following exception:

Traceback (most recent call last):
  File "C:\Users\ASUS\AppData\Roaming\Python\Python314\site-packages\django\core\handlers\exception.py", line 55, in inner
    response = get_response(request)
  File "C:\Users\ASUS\AppData\Roaming\Python\Python314\site-packages\django\core\handlers\base.py", line 197, in _get_response
    response = wrapped_callback(request, *callback_args, **callback_kwargs)
  File "C:\Users\ASUS\Downloads\TRAINING PROJECT\TRAINING PROJECT\registrations\views.py", line 689, in auto_save_field
    app = StudentApplication.objects.create(status=status_obj)
  File "C:\Users\ASUS\AppData\Roaming\Python\Python314\site-packages\django\db\models\manager.py", line 87, in manager_method
    return getattr(self.get_queryset(), name)(*args, **kwargs)
           ~~~~~~~~~~~~~~~~~~~~~~~~~~~~~~~~~~^^^^^^^^^^^^^^^^^
  File "C:\Users\ASUS\AppData\Roaming\Python\Python314\site-packages\django\db\models\query.py", line 665, in create
    obj.save(force_insert=True, using=self.db)
    ~~~~~~~~^^^^^^^^^^^^^^^^^^^^^^^^^^^^^^^^^^
  File "C:\Users\ASUS\AppData\Roaming\Python\Python314\site-packages\django\db\models\base.py", line 902, in save
    self.save_base(
    ~~~~~~~~~~~~~~^
        using=using,
        ^^^^^^^^^^^^
    ...<2 lines>...
        update_fields=update_fields,
        ^^^^^^^^^^^^^^^^^^^^^^^^^^^^
    )
    ^
  File "C:\Users\ASUS\AppData\Roaming\Python\Python314\site-packages\django\db\models\base.py", line 1008, in save_base
    updated = self._save_table(
        raw,
    ...<4 lines>...
        update_fields,
    )
  File "C:\Users\ASUS\AppData\Roaming\Python\Python314\site-packages\django\db\models\base.py", line 1169, in _save_table
    results = self._do_insert(
        cls._base_manager, using, fields, returning_fields, raw
    )
  File "C:\Users\ASUS\AppData\Roaming\Python\Python314\site-packages\django\db\models\base.py", line 1210, in _do_insert
    return manager._insert(
           ~~~~~~~~~~~~~~~^
        [self],
        ^^^^^^^
    ...<3 lines>...
        raw=raw,
        ^^^^^^^^
    )
    ^
  File "C:\Users\ASUS\AppData\Roaming\Python\Python314\site-packages\django\db\models\manager.py", line 87, in manager_method
    return getattr(self.get_queryset(), name)(*args, **kwargs)
           ~~~~~~~~~~~~~~~~~~~~~~~~~~~~~~~~~~^^^^^^^^^^^^^^^^^
  File "C:\Users\ASUS\AppData\Roaming\Python\Python314\site-packages\django\db\models\query.py", line 1873, in _insert
    return query.get_compiler(using=using).execute_sql(returning_fields)
           ~~~~~~~~~~~~~~~~~~~~~~~~~~~~~~~~~~~~~~~~~~~^^^^^^^^^^^^^^^^^^
  File "C:\Users\ASUS\AppData\Roaming\Python\Python314\site-packages\django\db\models\sql\compiler.py", line 1882, in execute_sql
    cursor.execute(sql, params)
    ~~~~~~~~~~~~~~^^^^^^^^^^^^^
  File "C:\Users\ASUS\AppData\Roaming\Python\Python314\site-packages\django\db\backends\utils.py", line 122, in execute
    return super().execute(sql, params)
           ~~~~~~~~~~~~~~~^^^^^^^^^^^^^
  File "C:\Users\ASUS\AppData\Roaming\Python\Python314\site-packages\django\db\backends\utils.py", line 79, in execute
    return self._execute_with_wrappers(
           ~~~~~~~~~~~~~~~~~~~~~~~~~~~^
        sql, params, many=False, executor=self._execute
        ^^^^^^^^^^^^^^^^^^^^^^^^^^^^^^^^^^^^^^^^^^^^^^^
    )
    ^
  File "C:\Users\ASUS\AppData\Roaming\Python\Python314\site-packages\django\db\backends\utils.py", line 92, in _execute_with_wrappers
    return executor(sql, params, many, context)
  File "C:\Users\ASUS\AppData\Roaming\Python\Python314\site-packages\django\db\backends\utils.py", line 100, in _execute
    with self.db.wrap_database_errors:
         ^^^^^^^^^^^^^^^^^^^^^^^^^^^^
  File "C:\Users\ASUS\AppData\Roaming\Python\Python314\site-packages\django\db\utils.py", line 91, in __exit__
    raise dj_exc_value.with_traceback(traceback) from exc_value
  File "C:\Users\ASUS\AppData\Roaming\Python\Python314\site-packages\django\db\backends\utils.py", line 105, in _execute
    return self.cursor.execute(sql, params)
           ~~~~~~~~~~~~~~~~~~~^^^^^^^^^^^^^
  File "C:\Users\ASUS\AppData\Roaming\Python\Python314\site-packages\django\db\backends\sqlite3\base.py", line 360, in execute
    return super().execute(query, params)
           ~~~~~~~~~~~~~~~^^^^^^^^^^^^^^^
django.db.utils.IntegrityError: UNIQUE constraint failed: registrations_studentapplication.application_number
Internal Server Error: /api/auto-save/
Traceback (most recent call last):
  File "C:\Users\ASUS\AppData\Roaming\Python\Python314\site-packages\django\db\backends\utils.py", line 105, in _execute
    return self.cursor.execute(sql, params)
           ~~~~~~~~~~~~~~~~~~~^^^^^^^^^^^^^
  File "C:\Users\ASUS\AppData\Roaming\Python\Python314\site-packages\django\db\backends\sqlite3\base.py", line 360, in execute
    return super().execute(query, params)
           ~~~~~~~~~~~~~~~^^^^^^^^^^^^^^^
sqlite3.IntegrityError: UNIQUE constraint failed: registrations_studentapplication.application_number

The above exception was the direct cause of the following exception:

Traceback (most recent call last):
  File "C:\Users\ASUS\AppData\Roaming\Python\Python314\site-packages\django\core\handlers\exception.py", line 55, in inner
    response = get_response(request)
  File "C:\Users\ASUS\AppData\Roaming\Python\Python314\site-packages\django\core\handlers\base.py", line 197, in _get_response
    response = wrapped_callback(request, *callback_args, **callback_kwargs)
  File "C:\Users\ASUS\Downloads\TRAINING PROJECT\TRAINING PROJECT\registrations\views.py", line 689, in auto_save_field
    app = StudentApplication.objects.create(status=status_obj)
  File "C:\Users\ASUS\AppData\Roaming\Python\Python314\site-packages\django\db\models\manager.py", line 87, in manager_method
    return getattr(self.get_queryset(), name)(*args, **kwargs)
           ~~~~~~~~~~~~~~~~~~~~~~~~~~~~~~~~~~^^^^^^^^^^^^^^^^^
  File "C:\Users\ASUS\AppData\Roaming\Python\Python314\site-packages\django\db\models\query.py", line 665, in create
    obj.save(force_insert=True, using=self.db)
    ~~~~~~~~^^^^^^^^^^^^^^^^^^^^^^^^^^^^^^^^^^
  File "C:\Users\ASUS\AppData\Roaming\Python\Python314\site-packages\django\db\models\base.py", line 902, in save
    self.save_base(
    ~~~~~~~~~~~~~~^
        using=using,
        ^^^^^^^^^^^^
    ...<2 lines>...
        update_fields=update_fields,
        ^^^^^^^^^^^^^^^^^^^^^^^^^^^^
    )
    ^
  File "C:\Users\ASUS\AppData\Roaming\Python\Python314\site-packages\django\db\models\base.py", line 1008, in save_base
    updated = self._save_table(
        raw,
    ...<4 lines>...
        update_fields,
    )
  File "C:\Users\ASUS\AppData\Roaming\Python\Python314\site-packages\django\db\models\base.py", line 1169, in _save_table
    results = self._do_insert(
        cls._base_manager, using, fields, returning_fields, raw
    )
  File "C:\Users\ASUS\AppData\Roaming\Python\Python314\site-packages\django\db\models\base.py", line 1210, in _do_insert
    return manager._insert(
           ~~~~~~~~~~~~~~~^
        [self],
        ^^^^^^^
    ...<3 lines>...
        raw=raw,
        ^^^^^^^^
    )
    ^
  File "C:\Users\ASUS\AppData\Roaming\Python\Python314\site-packages\django\db\models\manager.py", line 87, in manager_method
    return getattr(self.get_queryset(), name)(*args, **kwargs)
           ~~~~~~~~~~~~~~~~~~~~~~~~~~~~~~~~~~^^^^^^^^^^^^^^^^^
  File "C:\Users\ASUS\AppData\Roaming\Python\Python314\site-packages\django\db\models\query.py", line 1873, in _insert
    return query.get_compiler(using=using).execute_sql(returning_fields)
           ~~~~~~~~~~~~~~~~~~~~~~~~~~~~~~~~~~~~~~~~~~~^^^^^^^^^^^^^^^^^^
  File "C:\Users\ASUS\AppData\Roaming\Python\Python314\site-packages\django\db\models\sql\compiler.py", line 1882, in execute_sql
    cursor.execute(sql, params)
    ~~~~~~~~~~~~~~^^^^^^^^^^^^^
  File "C:\Users\ASUS\AppData\Roaming\Python\Python314\site-packages\django\db\backends\utils.py", line 122, in execute
    return super().execute(sql, params)
           ~~~~~~~~~~~~~~~^^^^^^^^^^^^^
  File "C:\Users\ASUS\AppData\Roaming\Python\Python314\site-packages\django\db\backends\utils.py", line 79, in execute
    return self._execute_with_wrappers(
           ~~~~~~~~~~~~~~~~~~~~~~~~~~~^
        sql, params, many=False, executor=self._execute
        ^^^^^^^^^^^^^^^^^^^^^^^^^^^^^^^^^^^^^^^^^^^^^^^
    )
    ^
  File "C:\Users\ASUS\AppData\Roaming\Python\Python314\site-packages\django\db\backends\utils.py", line 92, in _execute_with_wrappers
    return executor(sql, params, many, context)
  File "C:\Users\ASUS\AppData\Roaming\Python\Python314\site-packages\django\db\backends\utils.py", line 100, in _execute
    with self.db.wrap_database_errors:
         ^^^^^^^^^^^^^^^^^^^^^^^^^^^^
  File "C:\Users\ASUS\AppData\Roaming\Python\Python314\site-packages\django\db\utils.py", line 91, in __exit__
    raise dj_exc_value.with_traceback(traceback) from exc_value
  File "C:\Users\ASUS\AppData\Roaming\Python\Python314\site-packages\django\db\backends\utils.py", line 105, in _execute
    return self.cursor.execute(sql, params)
           ~~~~~~~~~~~~~~~~~~~^^^^^^^^^^^^^
  File "C:\Users\ASUS\AppData\Roaming\Python\Python314\site-packages\django\db\backends\sqlite3\base.py", line 360, in execute
    return super().execute(query, params)
           ~~~~~~~~~~~~~~~^^^^^^^^^^^^^^^
django.db.utils.IntegrityError: UNIQUE constraint failed: registrations_studentapplication.application_number
Internal Server Error: /api/auto-save/
Traceback (most recent call last):
  File "C:\Users\ASUS\AppData\Roaming\Python\Python314\site-packages\django\db\backends\utils.py", line 105, in _execute
    return self.cursor.execute(sql, params)
           ~~~~~~~~~~~~~~~~~~~^^^^^^^^^^^^^
  File "C:\Users\ASUS\AppData\Roaming\Python\Python314\site-packages\django\db\backends\sqlite3\base.py", line 360, in execute
    return super().execute(query, params)
           ~~~~~~~~~~~~~~~^^^^^^^^^^^^^^^
sqlite3.IntegrityError: UNIQUE constraint failed: registrations_studentapplication.application_number

The above exception was the direct cause of the following exception:

Traceback (most recent call last):
  File "C:\Users\ASUS\AppData\Roaming\Python\Python314\site-packages\django\core\handlers\exception.py", line 55, in inner
    response = get_response(request)
  File "C:\Users\ASUS\AppData\Roaming\Python\Python314\site-packages\django\core\handlers\base.py", line 197, in _get_response
    response = wrapped_callback(request, *callback_args, **callback_kwargs)
  File "C:\Users\ASUS\Downloads\TRAINING PROJECT\TRAINING PROJECT\registrations\views.py", line 689, in auto_save_field
    app = StudentApplication.objects.create(status=status_obj)
  File "C:\Users\ASUS\AppData\Roaming\Python\Python314\site-packages\django\db\models\manager.py", line 87, in manager_method
    return getattr(self.get_queryset(), name)(*args, **kwargs)
           ~~~~~~~~~~~~~~~~~~~~~~~~~~~~~~~~~~^^^^^^^^^^^^^^^^^
  File "C:\Users\ASUS\AppData\Roaming\Python\Python314\site-packages\django\db\models\query.py", line 665, in create
    obj.save(force_insert=True, using=self.db)
    ~~~~~~~~^^^^^^^^^^^^^^^^^^^^^^^^^^^^^^^^^^
  File "C:\Users\ASUS\AppData\Roaming\Python\Python314\site-packages\django\db\models\base.py", line 902, in save
    self.save_base(
    ~~~~~~~~~~~~~~^
        using=using,
        ^^^^^^^^^^^^
    ...<2 lines>...
        update_fields=update_fields,
        ^^^^^^^^^^^^^^^^^^^^^^^^^^^^
    )
    ^
  File "C:\Users\ASUS\AppData\Roaming\Python\Python314\site-packages\django\db\models\base.py", line 1008, in save_base
    updated = self._save_table(
        raw,
    ...<4 lines>...
        update_fields,
    )
  File "C:\Users\ASUS\AppData\Roaming\Python\Python314\site-packages\django\db\models\base.py", line 1169, in _save_table
    results = self._do_insert(
        cls._base_manager, using, fields, returning_fields, raw
    )
  File "C:\Users\ASUS\AppData\Roaming\Python\Python314\site-packages\django\db\models\base.py", line 1210, in _do_insert
    return manager._insert(
           ~~~~~~~~~~~~~~~^
        [self],
        ^^^^^^^
    ...<3 lines>...
        raw=raw,
        ^^^^^^^^
    )
    ^
  File "C:\Users\ASUS\AppData\Roaming\Python\Python314\site-packages\django\db\models\manager.py", line 87, in manager_method
    return getattr(self.get_queryset(), name)(*args, **kwargs)
           ~~~~~~~~~~~~~~~~~~~~~~~~~~~~~~~~~~^^^^^^^^^^^^^^^^^
  File "C:\Users\ASUS\AppData\Roaming\Python\Python314\site-packages\django\db\models\query.py", line 1873, in _insert
    return query.get_compiler(using=using).execute_sql(returning_fields)
           ~~~~~~~~~~~~~~~~~~~~~~~~~~~~~~~~~~~~~~~~~~~^^^^^^^^^^^^^^^^^^
  File "C:\Users\ASUS\AppData\Roaming\Python\Python314\site-packages\django\db\models\sql\compiler.py", line 1882, in execute_sql
    cursor.execute(sql, params)
    ~~~~~~~~~~~~~~^^^^^^^^^^^^^
  File "C:\Users\ASUS\AppData\Roaming\Python\Python314\site-packages\django\db\backends\utils.py", line 122, in execute
    return super().execute(sql, params)
           ~~~~~~~~~~~~~~~^^^^^^^^^^^^^
  File "C:\Users\ASUS\AppData\Roaming\Python\Python314\site-packages\django\db\backends\utils.py", line 79, in execute
    return self._execute_with_wrappers(
           ~~~~~~~~~~~~~~~~~~~~~~~~~~~^
        sql, params, many=False, executor=self._execute
        ^^^^^^^^^^^^^^^^^^^^^^^^^^^^^^^^^^^^^^^^^^^^^^^
    )
    ^
  File "C:\Users\ASUS\AppData\Roaming\Python\Python314\site-packages\django\db\backends\utils.py", line 92, in _execute_with_wrappers
    return executor(sql, params, many, context)
  File "C:\Users\ASUS\AppData\Roaming\Python\Python314\site-packages\django\db\backends\utils.py", line 100, in _execute
    with self.db.wrap_database_errors:
         ^^^^^^^^^^^^^^^^^^^^^^^^^^^^
  File "C:\Users\ASUS\AppData\Roaming\Python\Python314\site-packages\django\db\utils.py", line 91, in __exit__
    raise dj_exc_value.with_traceback(traceback) from exc_value
  File "C:\Users\ASUS\AppData\Roaming\Python\Python314\site-packages\django\db\backends\utils.py", line 105, in _execute
    return self.cursor.execute(sql, params)
           ~~~~~~~~~~~~~~~~~~~^^^^^^^^^^^^^
  File "C:\Users\ASUS\AppData\Roaming\Python\Python314\site-packages\django\db\backends\sqlite3\base.py", line 360, in execute
    return super().execute(query, params)
           ~~~~~~~~~~~~~~~^^^^^^^^^^^^^^^
django.db.utils.IntegrityError: UNIQUE constraint failed: registrations_studentapplication.application_number
Internal Server Error: /api/auto-save/
Traceback (most recent call last):
  File "C:\Users\ASUS\AppData\Roaming\Python\Python314\site-packages\django\db\backends\utils.py", line 105, in _execute
    return self.cursor.execute(sql, params)
           ~~~~~~~~~~~~~~~~~~~^^^^^^^^^^^^^
  File "C:\Users\ASUS\AppData\Roaming\Python\Python314\site-packages\django\db\backends\sqlite3\base.py", line 360, in execute
    return super().execute(query, params)
           ~~~~~~~~~~~~~~~^^^^^^^^^^^^^^^
sqlite3.IntegrityError: UNIQUE constraint failed: registrations_studentapplication.application_number

The above exception was the direct cause of the following exception:

Traceback (most recent call last):
  File "C:\Users\ASUS\AppData\Roaming\Python\Python314\site-packages\django\core\handlers\exception.py", line 55, in inner
    response = get_response(request)
  File "C:\Users\ASUS\AppData\Roaming\Python\Python314\site-packages\django\core\handlers\base.py", line 197, in _get_response
    response = wrapped_callback(request, *callback_args, **callback_kwargs)
  File "C:\Users\ASUS\Downloads\TRAINING PROJECT\TRAINING PROJECT\registrations\views.py", line 689, in auto_save_field
    app = StudentApplication.objects.create(status=status_obj)
  File "C:\Users\ASUS\AppData\Roaming\Python\Python314\site-packages\django\db\models\manager.py", line 87, in manager_method
    return getattr(self.get_queryset(), name)(*args, **kwargs)
           ~~~~~~~~~~~~~~~~~~~~~~~~~~~~~~~~~~^^^^^^^^^^^^^^^^^
  File "C:\Users\ASUS\AppData\Roaming\Python\Python314\site-packages\django\db\models\query.py", line 665, in create
    obj.save(force_insert=True, using=self.db)
    ~~~~~~~~^^^^^^^^^^^^^^^^^^^^^^^^^^^^^^^^^^
  File "C:\Users\ASUS\AppData\Roaming\Python\Python314\site-packages\django\db\models\base.py", line 902, in save
    self.save_base(
    ~~~~~~~~~~~~~~^
        using=using,
        ^^^^^^^^^^^^
    ...<2 lines>...
        update_fields=update_fields,
        ^^^^^^^^^^^^^^^^^^^^^^^^^^^^
    )
    ^
  File "C:\Users\ASUS\AppData\Roaming\Python\Python314\site-packages\django\db\models\base.py", line 1008, in save_base
    updated = self._save_table(
        raw,
    ...<4 lines>...
        update_fields,
    )
  File "C:\Users\ASUS\AppData\Roaming\Python\Python314\site-packages\django\db\models\base.py", line 1169, in _save_table
    results = self._do_insert(
        cls._base_manager, using, fields, returning_fields, raw
    )
  File "C:\Users\ASUS\AppData\Roaming\Python\Python314\site-packages\django\db\models\base.py", line 1210, in _do_insert
    return manager._insert(
           ~~~~~~~~~~~~~~~^
        [self],
        ^^^^^^^
    ...<3 lines>...
        raw=raw,
        ^^^^^^^^
    )
    ^
  File "C:\Users\ASUS\AppData\Roaming\Python\Python314\site-packages\django\db\models\manager.py", line 87, in manager_method
    return getattr(self.get_queryset(), name)(*args, **kwargs)
           ~~~~~~~~~~~~~~~~~~~~~~~~~~~~~~~~~~^^^^^^^^^^^^^^^^^
  File "C:\Users\ASUS\AppData\Roaming\Python\Python314\site-packages\django\db\models\query.py", line 1873, in _insert
    return query.get_compiler(using=using).execute_sql(returning_fields)
           ~~~~~~~~~~~~~~~~~~~~~~~~~~~~~~~~~~~~~~~~~~~^^^^^^^^^^^^^^^^^^
  File "C:\Users\ASUS\AppData\Roaming\Python\Python314\site-packages\django\db\models\sql\compiler.py", line 1882, in execute_sql
    cursor.execute(sql, params)
    ~~~~~~~~~~~~~~^^^^^^^^^^^^^
  File "C:\Users\ASUS\AppData\Roaming\Python\Python314\site-packages\django\db\backends\utils.py", line 122, in execute
    return super().execute(sql, params)
           ~~~~~~~~~~~~~~~^^^^^^^^^^^^^
  File "C:\Users\ASUS\AppData\Roaming\Python\Python314\site-packages\django\db\backends\utils.py", line 79, in execute
    return self._execute_with_wrappers(
           ~~~~~~~~~~~~~~~~~~~~~~~~~~~^
        sql, params, many=False, executor=self._execute
        ^^^^^^^^^^^^^^^^^^^^^^^^^^^^^^^^^^^^^^^^^^^^^^^
    )
    ^
  File "C:\Users\ASUS\AppData\Roaming\Python\Python314\site-packages\django\db\backends\utils.py", line 92, in _execute_with_wrappers
    return executor(sql, params, many, context)
  File "C:\Users\ASUS\AppData\Roaming\Python\Python314\site-packages\django\db\backends\utils.py", line 100, in _execute
    with self.db.wrap_database_errors:
         ^^^^^^^^^^^^^^^^^^^^^^^^^^^^
  File "C:\Users\ASUS\AppData\Roaming\Python\Python314\site-packages\django\db\utils.py", line 91, in __exit__
    raise dj_exc_value.with_traceback(traceback) from exc_value
  File "C:\Users\ASUS\AppData\Roaming\Python\Python314\site-packages\django\db\backends\utils.py", line 105, in _execute
    return self.cursor.execute(sql, params)
           ~~~~~~~~~~~~~~~~~~~^^^^^^^^^^^^^
  File "C:\Users\ASUS\AppData\Roaming\Python\Python314\site-packages\django\db\backends\sqlite3\base.py", line 360, in execute
    return super().execute(query, params)
           ~~~~~~~~~~~~~~~^^^^^^^^^^^^^^^
django.db.utils.IntegrityError: UNIQUE constraint failed: registrations_studentapplication.application_number
Internal Server Error: /api/auto-save/
Traceback (most recent call last):
  File "C:\Users\ASUS\AppData\Roaming\Python\Python314\site-packages\django\db\backends\utils.py", line 105, in _execute
    return self.cursor.execute(sql, params)
           ~~~~~~~~~~~~~~~~~~~^^^^^^^^^^^^^
  File "C:\Users\ASUS\AppData\Roaming\Python\Python314\site-packages\django\db\backends\sqlite3\base.py", line 360, in execute
    return super().execute(query, params)
           ~~~~~~~~~~~~~~~^^^^^^^^^^^^^^^
sqlite3.IntegrityError: UNIQUE constraint failed: registrations_studentapplication.application_number

The above exception was the direct cause of the following exception:

Traceback (most recent call last):
  File "C:\Users\ASUS\AppData\Roaming\Python\Python314\site-packages\django\core\handlers\exception.py", line 55, in inner
    response = get_response(request)
  File "C:\Users\ASUS\AppData\Roaming\Python\Python314\site-packages\django\core\handlers\base.py", line 197, in _get_response
    response = wrapped_callback(request, *callback_args, **callback_kwargs)
  File "C:\Users\ASUS\Downloads\TRAINING PROJECT\TRAINING PROJECT\registrations\views.py", line 689, in auto_save_field
    app = StudentApplication.objects.create(status=status_obj)
  File "C:\Users\ASUS\AppData\Roaming\Python\Python314\site-packages\django\db\models\manager.py", line 87, in manager_method
    return getattr(self.get_queryset(), name)(*args, **kwargs)
           ~~~~~~~~~~~~~~~~~~~~~~~~~~~~~~~~~~^^^^^^^^^^^^^^^^^
  File "C:\Users\ASUS\AppData\Roaming\Python\Python314\site-packages\django\db\models\query.py", line 665, in create
    obj.save(force_insert=True, using=self.db)
    ~~~~~~~~^^^^^^^^^^^^^^^^^^^^^^^^^^^^^^^^^^
  File "C:\Users\ASUS\AppData\Roaming\Python\Python314\site-packages\django\db\models\base.py", line 902, in save
    self.save_base(
    ~~~~~~~~~~~~~~^
        using=using,
        ^^^^^^^^^^^^
    ...<2 lines>...
        update_fields=update_fields,
        ^^^^^^^^^^^^^^^^^^^^^^^^^^^^
    )
    ^
  File "C:\Users\ASUS\AppData\Roaming\Python\Python314\site-packages\django\db\models\base.py", line 1008, in save_base
    updated = self._save_table(
        raw,
    ...<4 lines>...
        update_fields,
    )
  File "C:\Users\ASUS\AppData\Roaming\Python\Python314\site-packages\django\db\models\base.py", line 1169, in _save_table
    results = self._do_insert(
        cls._base_manager, using, fields, returning_fields, raw
    )
  File "C:\Users\ASUS\AppData\Roaming\Python\Python314\site-packages\django\db\models\base.py", line 1210, in _do_insert
    return manager._insert(
           ~~~~~~~~~~~~~~~^
        [self],
        ^^^^^^^
    ...<3 lines>...
        raw=raw,
        ^^^^^^^^
    )
    ^
  File "C:\Users\ASUS\AppData\Roaming\Python\Python314\site-packages\django\db\models\manager.py", line 87, in manager_method
    return getattr(self.get_queryset(), name)(*args, **kwargs)
           ~~~~~~~~~~~~~~~~~~~~~~~~~~~~~~~~~~^^^^^^^^^^^^^^^^^
  File "C:\Users\ASUS\AppData\Roaming\Python\Python314\site-packages\django\db\models\query.py", line 1873, in _insert
    return query.get_compiler(using=using).execute_sql(returning_fields)
           ~~~~~~~~~~~~~~~~~~~~~~~~~~~~~~~~~~~~~~~~~~~^^^^^^^^^^^^^^^^^^
  File "C:\Users\ASUS\AppData\Roaming\Python\Python314\site-packages\django\db\models\sql\compiler.py", line 1882, in execute_sql
    cursor.execute(sql, params)
    ~~~~~~~~~~~~~~^^^^^^^^^^^^^
  File "C:\Users\ASUS\AppData\Roaming\Python\Python314\site-packages\django\db\backends\utils.py", line 122, in execute
    return super().execute(sql, params)
           ~~~~~~~~~~~~~~~^^^^^^^^^^^^^
  File "C:\Users\ASUS\AppData\Roaming\Python\Python314\site-packages\django\db\backends\utils.py", line 79, in execute
    return self._execute_with_wrappers(
           ~~~~~~~~~~~~~~~~~~~~~~~~~~~^
        sql, params, many=False, executor=self._execute
        ^^^^^^^^^^^^^^^^^^^^^^^^^^^^^^^^^^^^^^^^^^^^^^^
    )
    ^
  File "C:\Users\ASUS\AppData\Roaming\Python\Python314\site-packages\django\db\backends\utils.py", line 92, in _execute_with_wrappers
    return executor(sql, params, many, context)
  File "C:\Users\ASUS\AppData\Roaming\Python\Python314\site-packages\django\db\backends\utils.py", line 100, in _execute
    with self.db.wrap_database_errors:
         ^^^^^^^^^^^^^^^^^^^^^^^^^^^^
  File "C:\Users\ASUS\AppData\Roaming\Python\Python314\site-packages\django\db\utils.py", line 91, in __exit__
    raise dj_exc_value.with_traceback(traceback) from exc_value
  File "C:\Users\ASUS\AppData\Roaming\Python\Python314\site-packages\django\db\backends\utils.py", line 105, in _execute
    return self.cursor.execute(sql, params)
           ~~~~~~~~~~~~~~~~~~~^^^^^^^^^^^^^
  File "C:\Users\ASUS\AppData\Roaming\Python\Python314\site-packages\django\db\backends\sqlite3\base.py", line 360, in execute
    return super().execute(query, params)
           ~~~~~~~~~~~~~~~^^^^^^^^^^^^^^^
django.db.utils.IntegrityError: UNIQUE constraint failed: registrations_studentapplication.application_number
Internal Server Error: /api/auto-save/
Traceback (most recent call last):
  File "C:\Users\ASUS\AppData\Roaming\Python\Python314\site-packages\django\db\backends\utils.py", line 105, in _execute
    return self.cursor.execute(sql, params)
           ~~~~~~~~~~~~~~~~~~~^^^^^^^^^^^^^
  File "C:\Users\ASUS\AppData\Roaming\Python\Python314\site-packages\django\db\backends\sqlite3\base.py", line 360, in execute
    return super().execute(query, params)
           ~~~~~~~~~~~~~~~^^^^^^^^^^^^^^^
sqlite3.IntegrityError: UNIQUE constraint failed: registrations_studentapplication.application_number

The above exception was the direct cause of the following exception:

Traceback (most recent call last):
  File "C:\Users\ASUS\AppData\Roaming\Python\Python314\site-packages\django\core\handlers\exception.py", line 55, in inner
    response = get_response(request)
  File "C:\Users\ASUS\AppData\Roaming\Python\Python314\site-packages\django\core\handlers\base.py", line 197, in _get_response
    response = wrapped_callback(request, *callback_args, **callback_kwargs)
  File "C:\Users\ASUS\Downloads\TRAINING PROJECT\TRAINING PROJECT\registrations\views.py", line 689, in auto_save_field
    app = StudentApplication.objects.create(status=status_obj)
  File "C:\Users\ASUS\AppData\Roaming\Python\Python314\site-packages\django\db\models\manager.py", line 87, in manager_method
    return getattr(self.get_queryset(), name)(*args, **kwargs)
           ~~~~~~~~~~~~~~~~~~~~~~~~~~~~~~~~~~^^^^^^^^^^^^^^^^^
  File "C:\Users\ASUS\AppData\Roaming\Python\Python314\site-packages\django\db\models\query.py", line 665, in create
    obj.save(force_insert=True, using=self.db)
    ~~~~~~~~^^^^^^^^^^^^^^^^^^^^^^^^^^^^^^^^^^
  File "C:\Users\ASUS\AppData\Roaming\Python\Python314\site-packages\django\db\models\base.py", line 902, in save
    self.save_base(
    ~~~~~~~~~~~~~~^
        using=using,
        ^^^^^^^^^^^^
    ...<2 lines>...
        update_fields=update_fields,
        ^^^^^^^^^^^^^^^^^^^^^^^^^^^^
    )
    ^
  File "C:\Users\ASUS\AppData\Roaming\Python\Python314\site-packages\django\db\models\base.py", line 1008, in save_base
    updated = self._save_table(
        raw,
    ...<4 lines>...
        update_fields,
    )
  File "C:\Users\ASUS\AppData\Roaming\Python\Python314\site-packages\django\db\models\base.py", line 1169, in _save_table
    results = self._do_insert(
        cls._base_manager, using, fields, returning_fields, raw
    )
  File "C:\Users\ASUS\AppData\Roaming\Python\Python314\site-packages\django\db\models\base.py", line 1210, in _do_insert
    return manager._insert(
           ~~~~~~~~~~~~~~~^
        [self],
        ^^^^^^^
    ...<3 lines>...
        raw=raw,
        ^^^^^^^^
    )
    ^
  File "C:\Users\ASUS\AppData\Roaming\Python\Python314\site-packages\django\db\models\manager.py", line 87, in manager_method
    return getattr(self.get_queryset(), name)(*args, **kwargs)
           ~~~~~~~~~~~~~~~~~~~~~~~~~~~~~~~~~~^^^^^^^^^^^^^^^^^
  File "C:\Users\ASUS\AppData\Roaming\Python\Python314\site-packages\django\db\models\query.py", line 1873, in _insert
    return query.get_compiler(using=using).execute_sql(returning_fields)
           ~~~~~~~~~~~~~~~~~~~~~~~~~~~~~~~~~~~~~~~~~~~^^^^^^^^^^^^^^^^^^
  File "C:\Users\ASUS\AppData\Roaming\Python\Python314\site-packages\django\db\models\sql\compiler.py", line 1882, in execute_sql
    cursor.execute(sql, params)
    ~~~~~~~~~~~~~~^^^^^^^^^^^^^
  File "C:\Users\ASUS\AppData\Roaming\Python\Python314\site-packages\django\db\backends\utils.py", line 122, in execute
    return super().execute(sql, params)
           ~~~~~~~~~~~~~~~^^^^^^^^^^^^^
  File "C:\Users\ASUS\AppData\Roaming\Python\Python314\site-packages\django\db\backends\utils.py", line 79, in execute
    return self._execute_with_wrappers(
           ~~~~~~~~~~~~~~~~~~~~~~~~~~~^
        sql, params, many=False, executor=self._execute
        ^^^^^^^^^^^^^^^^^^^^^^^^^^^^^^^^^^^^^^^^^^^^^^^
    )
    ^
  File "C:\Users\ASUS\AppData\Roaming\Python\Python314\site-packages\django\db\backends\utils.py", line 92, in _execute_with_wrappers
    return executor(sql, params, many, context)
  File "C:\Users\ASUS\AppData\Roaming\Python\Python314\site-packages\django\db\backends\utils.py", line 100, in _execute
    with self.db.wrap_database_errors:
         ^^^^^^^^^^^^^^^^^^^^^^^^^^^^
  File "C:\Users\ASUS\AppData\Roaming\Python\Python314\site-packages\django\db\utils.py", line 91, in __exit__
    raise dj_exc_value.with_traceback(traceback) from exc_value
  File "C:\Users\ASUS\AppData\Roaming\Python\Python314\site-packages\django\db\backends\utils.py", line 105, in _execute
    return self.cursor.execute(sql, params)
           ~~~~~~~~~~~~~~~~~~~^^^^^^^^^^^^^
  File "C:\Users\ASUS\AppData\Roaming\Python\Python314\site-packages\django\db\backends\sqlite3\base.py", line 360, in execute
    return super().execute(query, params)
           ~~~~~~~~~~~~~~~^^^^^^^^^^^^^^^
django.db.utils.IntegrityError: UNIQUE constraint failed: registrations_studentapplication.application_number
Internal Server Error: /api/auto-save/
Traceback (most recent call last):
  File "C:\Users\ASUS\AppData\Roaming\Python\Python314\site-packages\django\db\backends\utils.py", line 105, in _execute
    return self.cursor.execute(sql, params)
           ~~~~~~~~~~~~~~~~~~~^^^^^^^^^^^^^
  File "C:\Users\ASUS\AppData\Roaming\Python\Python314\site-packages\django\db\backends\sqlite3\base.py", line 360, in execute
    return super().execute(query, params)
           ~~~~~~~~~~~~~~~^^^^^^^^^^^^^^^
sqlite3.IntegrityError: UNIQUE constraint failed: registrations_studentapplication.application_number

The above exception was the direct cause of the following exception:

Traceback (most recent call last):
  File "C:\Users\ASUS\AppData\Roaming\Python\Python314\site-packages\django\core\handlers\exception.py", line 55, in inner
    response = get_response(request)
  File "C:\Users\ASUS\AppData\Roaming\Python\Python314\site-packages\django\core\handlers\base.py", line 197, in _get_response
    response = wrapped_callback(request, *callback_args, **callback_kwargs)
  File "C:\Users\ASUS\Downloads\TRAINING PROJECT\TRAINING PROJECT\registrations\views.py", line 689, in auto_save_field
    app = StudentApplication.objects.create(status=status_obj)
  File "C:\Users\ASUS\AppData\Roaming\Python\Python314\site-packages\django\db\models\manager.py", line 87, in manager_method
    return getattr(self.get_queryset(), name)(*args, **kwargs)
           ~~~~~~~~~~~~~~~~~~~~~~~~~~~~~~~~~~^^^^^^^^^^^^^^^^^
  File "C:\Users\ASUS\AppData\Roaming\Python\Python314\site-packages\django\db\models\query.py", line 665, in create
    obj.save(force_insert=True, using=self.db)
    ~~~~~~~~^^^^^^^^^^^^^^^^^^^^^^^^^^^^^^^^^^
  File "C:\Users\ASUS\AppData\Roaming\Python\Python314\site-packages\django\db\models\base.py", line 902, in save
    self.save_base(
    ~~~~~~~~~~~~~~^
        using=using,
        ^^^^^^^^^^^^
    ...<2 lines>...
        update_fields=update_fields,
        ^^^^^^^^^^^^^^^^^^^^^^^^^^^^
    )
    ^
  File "C:\Users\ASUS\AppData\Roaming\Python\Python314\site-packages\django\db\models\base.py", line 1008, in save_base
    updated = self._save_table(
        raw,
    ...<4 lines>...
        update_fields,
    )
  File "C:\Users\ASUS\AppData\Roaming\Python\Python314\site-packages\django\db\models\base.py", line 1169, in _save_table
    results = self._do_insert(
        cls._base_manager, using, fields, returning_fields, raw
    )
  File "C:\Users\ASUS\AppData\Roaming\Python\Python314\site-packages\django\db\models\base.py", line 1210, in _do_insert
    return manager._insert(
           ~~~~~~~~~~~~~~~^
        [self],
        ^^^^^^^
    ...<3 lines>...
        raw=raw,
        ^^^^^^^^
    )
    ^
  File "C:\Users\ASUS\AppData\Roaming\Python\Python314\site-packages\django\db\models\manager.py", line 87, in manager_method
    return getattr(self.get_queryset(), name)(*args, **kwargs)
           ~~~~~~~~~~~~~~~~~~~~~~~~~~~~~~~~~~^^^^^^^^^^^^^^^^^
  File "C:\Users\ASUS\AppData\Roaming\Python\Python314\site-packages\django\db\models\query.py", line 1873, in _insert
    return query.get_compiler(using=using).execute_sql(returning_fields)
           ~~~~~~~~~~~~~~~~~~~~~~~~~~~~~~~~~~~~~~~~~~~^^^^^^^^^^^^^^^^^^
  File "C:\Users\ASUS\AppData\Roaming\Python\Python314\site-packages\django\db\models\sql\compiler.py", line 1882, in execute_sql
    cursor.execute(sql, params)
    ~~~~~~~~~~~~~~^^^^^^^^^^^^^
  File "C:\Users\ASUS\AppData\Roaming\Python\Python314\site-packages\django\db\backends\utils.py", line 122, in execute
    return super().execute(sql, params)
           ~~~~~~~~~~~~~~~^^^^^^^^^^^^^
  File "C:\Users\ASUS\AppData\Roaming\Python\Python314\site-packages\django\db\backends\utils.py", line 79, in execute
    return self._execute_with_wrappers(
           ~~~~~~~~~~~~~~~~~~~~~~~~~~~^
        sql, params, many=False, executor=self._execute
        ^^^^^^^^^^^^^^^^^^^^^^^^^^^^^^^^^^^^^^^^^^^^^^^
    )
    ^
  File "C:\Users\ASUS\AppData\Roaming\Python\Python314\site-packages\django\db\backends\utils.py", line 92, in _execute_with_wrappers
    return executor(sql, params, many, context)
  File "C:\Users\ASUS\AppData\Roaming\Python\Python314\site-packages\django\db\backends\utils.py", line 100, in _execute
    with self.db.wrap_database_errors:
         ^^^^^^^^^^^^^^^^^^^^^^^^^^^^
  File "C:\Users\ASUS\AppData\Roaming\Python\Python314\site-packages\django\db\utils.py", line 91, in __exit__
    raise dj_exc_value.with_traceback(traceback) from exc_value
  File "C:\Users\ASUS\AppData\Roaming\Python\Python314\site-packages\django\db\backends\utils.py", line 105, in _execute
    return self.cursor.execute(sql, params)
           ~~~~~~~~~~~~~~~~~~~^^^^^^^^^^^^^
  File "C:\Users\ASUS\AppData\Roaming\Python\Python314\site-packages\django\db\backends\sqlite3\base.py", line 360, in execute
    return super().execute(query, params)
           ~~~~~~~~~~~~~~~^^^^^^^^^^^^^^^
django.db.utils.IntegrityError: UNIQUE constraint failed: registrations_studentapplication.application_number
Internal Server Error: /api/auto-save/
Traceback (most recent call last):
  File "C:\Users\ASUS\AppData\Roaming\Python\Python314\site-packages\django\db\backends\utils.py", line 105, in _execute
    return self.cursor.execute(sql, params)
           ~~~~~~~~~~~~~~~~~~~^^^^^^^^^^^^^
  File "C:\Users\ASUS\AppData\Roaming\Python\Python314\site-packages\django\db\backends\sqlite3\base.py", line 360, in execute
    return super().execute(query, params)
           ~~~~~~~~~~~~~~~^^^^^^^^^^^^^^^
sqlite3.IntegrityError: UNIQUE constraint failed: registrations_studentapplication.application_number

The above exception was the direct cause of the following exception:

Traceback (most recent call last):
  File "C:\Users\ASUS\AppData\Roaming\Python\Python314\site-packages\django\core\handlers\exception.py", line 55, in inner
    response = get_response(request)
  File "C:\Users\ASUS\AppData\Roaming\Python\Python314\site-packages\django\core\handlers\base.py", line 197, in _get_response
    response = wrapped_callback(request, *callback_args, **callback_kwargs)
  File "C:\Users\ASUS\Downloads\TRAINING PROJECT\TRAINING PROJECT\registrations\views.py", line 689, in auto_save_field
    app = StudentApplication.objects.create(status=status_obj)
  File "C:\Users\ASUS\AppData\Roaming\Python\Python314\site-packages\django\db\models\manager.py", line 87, in manager_method
    return getattr(self.get_queryset(), name)(*args, **kwargs)
           ~~~~~~~~~~~~~~~~~~~~~~~~~~~~~~~~~~^^^^^^^^^^^^^^^^^
  File "C:\Users\ASUS\AppData\Roaming\Python\Python314\site-packages\django\db\models\query.py", line 665, in create
    obj.save(force_insert=True, using=self.db)
    ~~~~~~~~^^^^^^^^^^^^^^^^^^^^^^^^^^^^^^^^^^
  File "C:\Users\ASUS\AppData\Roaming\Python\Python314\site-packages\django\db\models\base.py", line 902, in save
    self.save_base(
    ~~~~~~~~~~~~~~^
        using=using,
        ^^^^^^^^^^^^
    ...<2 lines>...
        update_fields=update_fields,
        ^^^^^^^^^^^^^^^^^^^^^^^^^^^^
    )
    ^
  File "C:\Users\ASUS\AppData\Roaming\Python\Python314\site-packages\django\db\models\base.py", line 1008, in save_base
    updated = self._save_table(
        raw,
    ...<4 lines>...
        update_fields,
    )
  File "C:\Users\ASUS\AppData\Roaming\Python\Python314\site-packages\django\db\models\base.py", line 1169, in _save_table
    results = self._do_insert(
        cls._base_manager, using, fields, returning_fields, raw
    )
  File "C:\Users\ASUS\AppData\Roaming\Python\Python314\site-packages\django\db\models\base.py", line 1210, in _do_insert
    return manager._insert(
           ~~~~~~~~~~~~~~~^
        [self],
        ^^^^^^^
    ...<3 lines>...
        raw=raw,
        ^^^^^^^^
    )
    ^
  File "C:\Users\ASUS\AppData\Roaming\Python\Python314\site-packages\django\db\models\manager.py", line 87, in manager_method
    return getattr(self.get_queryset(), name)(*args, **kwargs)
           ~~~~~~~~~~~~~~~~~~~~~~~~~~~~~~~~~~^^^^^^^^^^^^^^^^^
  File "C:\Users\ASUS\AppData\Roaming\Python\Python314\site-packages\django\db\models\query.py", line 1873, in _insert
    return query.get_compiler(using=using).execute_sql(returning_fields)
           ~~~~~~~~~~~~~~~~~~~~~~~~~~~~~~~~~~~~~~~~~~~^^^^^^^^^^^^^^^^^^
  File "C:\Users\ASUS\AppData\Roaming\Python\Python314\site-packages\django\db\models\sql\compiler.py", line 1882, in execute_sql
    cursor.execute(sql, params)
    ~~~~~~~~~~~~~~^^^^^^^^^^^^^
  File "C:\Users\ASUS\AppData\Roaming\Python\Python314\site-packages\django\db\backends\utils.py", line 122, in execute
    return super().execute(sql, params)
           ~~~~~~~~~~~~~~~^^^^^^^^^^^^^
  File "C:\Users\ASUS\AppData\Roaming\Python\Python314\site-packages\django\db\backends\utils.py", line 79, in execute
    return self._execute_with_wrappers(
           ~~~~~~~~~~~~~~~~~~~~~~~~~~~^
        sql, params, many=False, executor=self._execute
        ^^^^^^^^^^^^^^^^^^^^^^^^^^^^^^^^^^^^^^^^^^^^^^^
    )
    ^
  File "C:\Users\ASUS\AppData\Roaming\Python\Python314\site-packages\django\db\backends\utils.py", line 92, in _execute_with_wrappers
    return executor(sql, params, many, context)
  File "C:\Users\ASUS\AppData\Roaming\Python\Python314\site-packages\django\db\backends\utils.py", line 100, in _execute
    with self.db.wrap_database_errors:
         ^^^^^^^^^^^^^^^^^^^^^^^^^^^^
  File "C:\Users\ASUS\AppData\Roaming\Python\Python314\site-packages\django\db\utils.py", line 91, in __exit__
    raise dj_exc_value.with_traceback(traceback) from exc_value
  File "C:\Users\ASUS\AppData\Roaming\Python\Python314\site-packages\django\db\backends\utils.py", line 105, in _execute
    return self.cursor.execute(sql, params)
           ~~~~~~~~~~~~~~~~~~~^^^^^^^^^^^^^
  File "C:\Users\ASUS\AppData\Roaming\Python\Python314\site-packages\django\db\backends\sqlite3\base.py", line 360, in execute
    return super().execute(query, params)
           ~~~~~~~~~~~~~~~^^^^^^^^^^^^^^^
django.db.utils.IntegrityError: UNIQUE constraint failed: registrations_studentapplication.application_number
Internal Server Error: /api/auto-save/
Traceback (most recent call last):
  File "C:\Users\ASUS\AppData\Roaming\Python\Python314\site-packages\django\db\backends\utils.py", line 105, in _execute
    return self.cursor.execute(sql, params)
           ~~~~~~~~~~~~~~~~~~~^^^^^^^^^^^^^
  File "C:\Users\ASUS\AppData\Roaming\Python\Python314\site-packages\django\db\backends\sqlite3\base.py", line 360, in execute
    return super().execute(query, params)
           ~~~~~~~~~~~~~~~^^^^^^^^^^^^^^^
sqlite3.IntegrityError: UNIQUE constraint failed: registrations_studentapplication.application_number

The above exception was the direct cause of the following exception:

Traceback (most recent call last):
  File "C:\Users\ASUS\AppData\Roaming\Python\Python314\site-packages\django\core\handlers\exception.py", line 55, in inner
    response = get_response(request)
  File "C:\Users\ASUS\AppData\Roaming\Python\Python314\site-packages\django\core\handlers\base.py", line 197, in _get_response
    response = wrapped_callback(request, *callback_args, **callback_kwargs)
  File "C:\Users\ASUS\Downloads\TRAINING PROJECT\TRAINING PROJECT\registrations\views.py", line 689, in auto_save_field
    app = StudentApplication.objects.create(status=status_obj)
  File "C:\Users\ASUS\AppData\Roaming\Python\Python314\site-packages\django\db\models\manager.py", line 87, in manager_method
    return getattr(self.get_queryset(), name)(*args, **kwargs)
           ~~~~~~~~~~~~~~~~~~~~~~~~~~~~~~~~~~^^^^^^^^^^^^^^^^^
  File "C:\Users\ASUS\AppData\Roaming\Python\Python314\site-packages\django\db\models\query.py", line 665, in create
    obj.save(force_insert=True, using=self.db)
    ~~~~~~~~^^^^^^^^^^^^^^^^^^^^^^^^^^^^^^^^^^
  File "C:\Users\ASUS\AppData\Roaming\Python\Python314\site-packages\django\db\models\base.py", line 902, in save
    self.save_base(
    ~~~~~~~~~~~~~~^
        using=using,
        ^^^^^^^^^^^^
    ...<2 lines>...
        update_fields=update_fields,
        ^^^^^^^^^^^^^^^^^^^^^^^^^^^^
    )
    ^
  File "C:\Users\ASUS\AppData\Roaming\Python\Python314\site-packages\django\db\models\base.py", line 1008, in save_base
    updated = self._save_table(
        raw,
    ...<4 lines>...
        update_fields,
    )
  File "C:\Users\ASUS\AppData\Roaming\Python\Python314\site-packages\django\db\models\base.py", line 1169, in _save_table
    results = self._do_insert(
        cls._base_manager, using, fields, returning_fields, raw
    )
  File "C:\Users\ASUS\AppData\Roaming\Python\Python314\site-packages\django\db\models\base.py", line 1210, in _do_insert
    return manager._insert(
           ~~~~~~~~~~~~~~~^
        [self],
        ^^^^^^^
    ...<3 lines>...
        raw=raw,
        ^^^^^^^^
    )
    ^
  File "C:\Users\ASUS\AppData\Roaming\Python\Python314\site-packages\django\db\models\manager.py", line 87, in manager_method
    return getattr(self.get_queryset(), name)(*args, **kwargs)
           ~~~~~~~~~~~~~~~~~~~~~~~~~~~~~~~~~~^^^^^^^^^^^^^^^^^
  File "C:\Users\ASUS\AppData\Roaming\Python\Python314\site-packages\django\db\models\query.py", line 1873, in _insert
    return query.get_compiler(using=using).execute_sql(returning_fields)
           ~~~~~~~~~~~~~~~~~~~~~~~~~~~~~~~~~~~~~~~~~~~^^^^^^^^^^^^^^^^^^
  File "C:\Users\ASUS\AppData\Roaming\Python\Python314\site-packages\django\db\models\sql\compiler.py", line 1882, in execute_sql
    cursor.execute(sql, params)
    ~~~~~~~~~~~~~~^^^^^^^^^^^^^
  File "C:\Users\ASUS\AppData\Roaming\Python\Python314\site-packages\django\db\backends\utils.py", line 122, in execute
    return super().execute(sql, params)
           ~~~~~~~~~~~~~~~^^^^^^^^^^^^^
  File "C:\Users\ASUS\AppData\Roaming\Python\Python314\site-packages\django\db\backends\utils.py", line 79, in execute
    return self._execute_with_wrappers(
           ~~~~~~~~~~~~~~~~~~~~~~~~~~~^
        sql, params, many=False, executor=self._execute
        ^^^^^^^^^^^^^^^^^^^^^^^^^^^^^^^^^^^^^^^^^^^^^^^
    )
    ^
  File "C:\Users\ASUS\AppData\Roaming\Python\Python314\site-packages\django\db\backends\utils.py", line 92, in _execute_with_wrappers
    return executor(sql, params, many, context)
  File "C:\Users\ASUS\AppData\Roaming\Python\Python314\site-packages\django\db\backends\utils.py", line 100, in _execute
    with self.db.wrap_database_errors:
         ^^^^^^^^^^^^^^^^^^^^^^^^^^^^
  File "C:\Users\ASUS\AppData\Roaming\Python\Python314\site-packages\django\db\utils.py", line 91, in __exit__
    raise dj_exc_value.with_traceback(traceback) from exc_value
  File "C:\Users\ASUS\AppData\Roaming\Python\Python314\site-packages\django\db\backends\utils.py", line 105, in _execute
    return self.cursor.execute(sql, params)
           ~~~~~~~~~~~~~~~~~~~^^^^^^^^^^^^^
  File "C:\Users\ASUS\AppData\Roaming\Python\Python314\site-packages\django\db\backends\sqlite3\base.py", line 360, in execute
    return super().execute(query, params)
           ~~~~~~~~~~~~~~~^^^^^^^^^^^^^^^
django.db.utils.IntegrityError: UNIQUE constraint failed: registrations_studentapplication.application_number
Internal Server Error: /api/auto-save/
Traceback (most recent call last):
  File "C:\Users\ASUS\AppData\Roaming\Python\Python314\site-packages\django\db\backends\utils.py", line 105, in _execute
    return self.cursor.execute(sql, params)
           ~~~~~~~~~~~~~~~~~~~^^^^^^^^^^^^^
  File "C:\Users\ASUS\AppData\Roaming\Python\Python314\site-packages\django\db\backends\sqlite3\base.py", line 360, in execute
    return super().execute(query, params)
           ~~~~~~~~~~~~~~~^^^^^^^^^^^^^^^
sqlite3.IntegrityError: UNIQUE constraint failed: registrations_studentapplication.application_number

The above exception was the direct cause of the following exception:

Traceback (most recent call last):
  File "C:\Users\ASUS\AppData\Roaming\Python\Python314\site-packages\django\core\handlers\exception.py", line 55, in inner
    response = get_response(request)
  File "C:\Users\ASUS\AppData\Roaming\Python\Python314\site-packages\django\core\handlers\base.py", line 197, in _get_response
    response = wrapped_callback(request, *callback_args, **callback_kwargs)
  File "C:\Users\ASUS\Downloads\TRAINING PROJECT\TRAINING PROJECT\registrations\views.py", line 689, in auto_save_field
    app = StudentApplication.objects.create(status=status_obj)
  File "C:\Users\ASUS\AppData\Roaming\Python\Python314\site-packages\django\db\models\manager.py", line 87, in manager_method
    return getattr(self.get_queryset(), name)(*args, **kwargs)
           ~~~~~~~~~~~~~~~~~~~~~~~~~~~~~~~~~~^^^^^^^^^^^^^^^^^
  File "C:\Users\ASUS\AppData\Roaming\Python\Python314\site-packages\django\db\models\query.py", line 665, in create
    obj.save(force_insert=True, using=self.db)
    ~~~~~~~~^^^^^^^^^^^^^^^^^^^^^^^^^^^^^^^^^^
  File "C:\Users\ASUS\AppData\Roaming\Python\Python314\site-packages\django\db\models\base.py", line 902, in save
    self.save_base(
    ~~~~~~~~~~~~~~^
        using=using,
        ^^^^^^^^^^^^
    ...<2 lines>...
        update_fields=update_fields,
        ^^^^^^^^^^^^^^^^^^^^^^^^^^^^
    )
    ^
  File "C:\Users\ASUS\AppData\Roaming\Python\Python314\site-packages\django\db\models\base.py", line 1008, in save_base
    updated = self._save_table(
        raw,
    ...<4 lines>...
        update_fields,
    )
  File "C:\Users\ASUS\AppData\Roaming\Python\Python314\site-packages\django\db\models\base.py", line 1169, in _save_table
    results = self._do_insert(
        cls._base_manager, using, fields, returning_fields, raw
    )
  File "C:\Users\ASUS\AppData\Roaming\Python\Python314\site-packages\django\db\models\base.py", line 1210, in _do_insert
    return manager._insert(
           ~~~~~~~~~~~~~~~^
        [self],
        ^^^^^^^
    ...<3 lines>...
        raw=raw,
        ^^^^^^^^
    )
    ^
  File "C:\Users\ASUS\AppData\Roaming\Python\Python314\site-packages\django\db\models\manager.py", line 87, in manager_method
    return getattr(self.get_queryset(), name)(*args, **kwargs)
           ~~~~~~~~~~~~~~~~~~~~~~~~~~~~~~~~~~^^^^^^^^^^^^^^^^^
  File "C:\Users\ASUS\AppData\Roaming\Python\Python314\site-packages\django\db\models\query.py", line 1873, in _insert
    return query.get_compiler(using=using).execute_sql(returning_fields)
           ~~~~~~~~~~~~~~~~~~~~~~~~~~~~~~~~~~~~~~~~~~~^^^^^^^^^^^^^^^^^^
  File "C:\Users\ASUS\AppData\Roaming\Python\Python314\site-packages\django\db\models\sql\compiler.py", line 1882, in execute_sql
    cursor.execute(sql, params)
    ~~~~~~~~~~~~~~^^^^^^^^^^^^^
  File "C:\Users\ASUS\AppData\Roaming\Python\Python314\site-packages\django\db\backends\utils.py", line 122, in execute
    return super().execute(sql, params)
           ~~~~~~~~~~~~~~~^^^^^^^^^^^^^
  File "C:\Users\ASUS\AppData\Roaming\Python\Python314\site-packages\django\db\backends\utils.py", line 79, in execute
    return self._execute_with_wrappers(
           ~~~~~~~~~~~~~~~~~~~~~~~~~~~^
        sql, params, many=False, executor=self._execute
        ^^^^^^^^^^^^^^^^^^^^^^^^^^^^^^^^^^^^^^^^^^^^^^^
    )
    ^
  File "C:\Users\ASUS\AppData\Roaming\Python\Python314\site-packages\django\db\backends\utils.py", line 92, in _execute_with_wrappers
    return executor(sql, params, many, context)
  File "C:\Users\ASUS\AppData\Roaming\Python\Python314\site-packages\django\db\backends\utils.py", line 100, in _execute
    with self.db.wrap_database_errors:
         ^^^^^^^^^^^^^^^^^^^^^^^^^^^^
  File "C:\Users\ASUS\AppData\Roaming\Python\Python314\site-packages\django\db\utils.py", line 91, in __exit__
    raise dj_exc_value.with_traceback(traceback) from exc_value
  File "C:\Users\ASUS\AppData\Roaming\Python\Python314\site-packages\django\db\backends\utils.py", line 105, in _execute
    return self.cursor.execute(sql, params)
           ~~~~~~~~~~~~~~~~~~~^^^^^^^^^^^^^
  File "C:\Users\ASUS\AppData\Roaming\Python\Python314\site-packages\django\db\backends\sqlite3\base.py", line 360, in execute
    return super().execute(query, params)
           ~~~~~~~~~~~~~~~^^^^^^^^^^^^^^^
django.db.utils.IntegrityError: UNIQUE constraint failed: registrations_studentapplication.application_number
Internal Server Error: /api/auto-save/
Traceback (most recent call last):
  File "C:\Users\ASUS\AppData\Roaming\Python\Python314\site-packages\django\db\backends\utils.py", line 105, in _execute
    return self.cursor.execute(sql, params)
           ~~~~~~~~~~~~~~~~~~~^^^^^^^^^^^^^
  File "C:\Users\ASUS\AppData\Roaming\Python\Python314\site-packages\django\db\backends\sqlite3\base.py", line 360, in execute
    return super().execute(query, params)
           ~~~~~~~~~~~~~~~^^^^^^^^^^^^^^^
sqlite3.IntegrityError: UNIQUE constraint failed: registrations_studentapplication.application_number

The above exception was the direct cause of the following exception:

Traceback (most recent call last):
  File "C:\Users\ASUS\AppData\Roaming\Python\Python314\site-packages\django\core\handlers\exception.py", line 55, in inner
    response = get_response(request)
  File "C:\Users\ASUS\AppData\Roaming\Python\Python314\site-packages\django\core\handlers\base.py", line 197, in _get_response
    response = wrapped_callback(request, *callback_args, **callback_kwargs)
  File "C:\Users\ASUS\Downloads\TRAINING PROJECT\TRAINING PROJECT\registrations\views.py", line 689, in auto_save_field
    app = StudentApplication.objects.create(status=status_obj)
  File "C:\Users\ASUS\AppData\Roaming\Python\Python314\site-packages\django\db\models\manager.py", line 87, in manager_method
    return getattr(self.get_queryset(), name)(*args, **kwargs)
           ~~~~~~~~~~~~~~~~~~~~~~~~~~~~~~~~~~^^^^^^^^^^^^^^^^^
  File "C:\Users\ASUS\AppData\Roaming\Python\Python314\site-packages\django\db\models\query.py", line 665, in create
    obj.save(force_insert=True, using=self.db)
    ~~~~~~~~^^^^^^^^^^^^^^^^^^^^^^^^^^^^^^^^^^
  File "C:\Users\ASUS\AppData\Roaming\Python\Python314\site-packages\django\db\models\base.py", line 902, in save
    self.save_base(
    ~~~~~~~~~~~~~~^
        using=using,
        ^^^^^^^^^^^^
    ...<2 lines>...
        update_fields=update_fields,
        ^^^^^^^^^^^^^^^^^^^^^^^^^^^^
    )
    ^
  File "C:\Users\ASUS\AppData\Roaming\Python\Python314\site-packages\django\db\models\base.py", line 1008, in save_base
    updated = self._save_table(
        raw,
    ...<4 lines>...
        update_fields,
    )
  File "C:\Users\ASUS\AppData\Roaming\Python\Python314\site-packages\django\db\models\base.py", line 1169, in _save_table
    results = self._do_insert(
        cls._base_manager, using, fields, returning_fields, raw
    )
  File "C:\Users\ASUS\AppData\Roaming\Python\Python314\site-packages\django\db\models\base.py", line 1210, in _do_insert
    return manager._insert(
           ~~~~~~~~~~~~~~~^
        [self],
        ^^^^^^^
    ...<3 lines>...
        raw=raw,
        ^^^^^^^^
    )
    ^
  File "C:\Users\ASUS\AppData\Roaming\Python\Python314\site-packages\django\db\models\manager.py", line 87, in manager_method
    return getattr(self.get_queryset(), name)(*args, **kwargs)
           ~~~~~~~~~~~~~~~~~~~~~~~~~~~~~~~~~~^^^^^^^^^^^^^^^^^
  File "C:\Users\ASUS\AppData\Roaming\Python\Python314\site-packages\django\db\models\query.py", line 1873, in _insert
    return query.get_compiler(using=using).execute_sql(returning_fields)
           ~~~~~~~~~~~~~~~~~~~~~~~~~~~~~~~~~~~~~~~~~~~^^^^^^^^^^^^^^^^^^
  File "C:\Users\ASUS\AppData\Roaming\Python\Python314\site-packages\django\db\models\sql\compiler.py", line 1882, in execute_sql
    cursor.execute(sql, params)
    ~~~~~~~~~~~~~~^^^^^^^^^^^^^
  File "C:\Users\ASUS\AppData\Roaming\Python\Python314\site-packages\django\db\backends\utils.py", line 122, in execute
    return super().execute(sql, params)
           ~~~~~~~~~~~~~~~^^^^^^^^^^^^^
  File "C:\Users\ASUS\AppData\Roaming\Python\Python314\site-packages\django\db\backends\utils.py", line 79, in execute
    return self._execute_with_wrappers(
           ~~~~~~~~~~~~~~~~~~~~~~~~~~~^
        sql, params, many=False, executor=self._execute
        ^^^^^^^^^^^^^^^^^^^^^^^^^^^^^^^^^^^^^^^^^^^^^^^
    )
    ^
  File "C:\Users\ASUS\AppData\Roaming\Python\Python314\site-packages\django\db\backends\utils.py", line 92, in _execute_with_wrappers
    return executor(sql, params, many, context)
  File "C:\Users\ASUS\AppData\Roaming\Python\Python314\site-packages\django\db\backends\utils.py", line 100, in _execute
    with self.db.wrap_database_errors:
         ^^^^^^^^^^^^^^^^^^^^^^^^^^^^
  File "C:\Users\ASUS\AppData\Roaming\Python\Python314\site-packages\django\db\utils.py", line 91, in __exit__
    raise dj_exc_value.with_traceback(traceback) from exc_value
  File "C:\Users\ASUS\AppData\Roaming\Python\Python314\site-packages\django\db\backends\utils.py", line 105, in _execute
    return self.cursor.execute(sql, params)
           ~~~~~~~~~~~~~~~~~~~^^^^^^^^^^^^^
  File "C:\Users\ASUS\AppData\Roaming\Python\Python314\site-packages\django\db\backends\sqlite3\base.py", line 360, in execute
    return super().execute(query, params)
           ~~~~~~~~~~~~~~~^^^^^^^^^^^^^^^
django.db.utils.IntegrityError: UNIQUE constraint failed: registrations_studentapplication.application_number
Internal Server Error: /api/auto-save/
Traceback (most recent call last):
  File "C:\Users\ASUS\AppData\Roaming\Python\Python314\site-packages\django\db\backends\utils.py", line 105, in _execute
    return self.cursor.execute(sql, params)
           ~~~~~~~~~~~~~~~~~~~^^^^^^^^^^^^^
  File "C:\Users\ASUS\AppData\Roaming\Python\Python314\site-packages\django\db\backends\sqlite3\base.py", line 360, in execute
    return super().execute(query, params)
           ~~~~~~~~~~~~~~~^^^^^^^^^^^^^^^
sqlite3.IntegrityError: UNIQUE constraint failed: registrations_studentapplication.application_number

The above exception was the direct cause of the following exception:

Traceback (most recent call last):
  File "C:\Users\ASUS\AppData\Roaming\Python\Python314\site-packages\django\core\handlers\exception.py", line 55, in inner
    response = get_response(request)
  File "C:\Users\ASUS\AppData\Roaming\Python\Python314\site-packages\django\core\handlers\base.py", line 197, in _get_response
    response = wrapped_callback(request, *callback_args, **callback_kwargs)
  File "C:\Users\ASUS\Downloads\TRAINING PROJECT\TRAINING PROJECT\registrations\views.py", line 689, in auto_save_field
    app = StudentApplication.objects.create(status=status_obj)
  File "C:\Users\ASUS\AppData\Roaming\Python\Python314\site-packages\django\db\models\manager.py", line 87, in manager_method
    return getattr(self.get_queryset(), name)(*args, **kwargs)
           ~~~~~~~~~~~~~~~~~~~~~~~~~~~~~~~~~~^^^^^^^^^^^^^^^^^
  File "C:\Users\ASUS\AppData\Roaming\Python\Python314\site-packages\django\db\models\query.py", line 665, in create
    obj.save(force_insert=True, using=self.db)
    ~~~~~~~~^^^^^^^^^^^^^^^^^^^^^^^^^^^^^^^^^^
  File "C:\Users\ASUS\AppData\Roaming\Python\Python314\site-packages\django\db\models\base.py", line 902, in save
    self.save_base(
    ~~~~~~~~~~~~~~^
        using=using,
        ^^^^^^^^^^^^
    ...<2 lines>...
        update_fields=update_fields,
        ^^^^^^^^^^^^^^^^^^^^^^^^^^^^
    )
    ^
  File "C:\Users\ASUS\AppData\Roaming\Python\Python314\site-packages\django\db\models\base.py", line 1008, in save_base
    updated = self._save_table(
        raw,
    ...<4 lines>...
        update_fields,
    )
  File "C:\Users\ASUS\AppData\Roaming\Python\Python314\site-packages\django\db\models\base.py", line 1169, in _save_table
    results = self._do_insert(
        cls._base_manager, using, fields, returning_fields, raw
    )
  File "C:\Users\ASUS\AppData\Roaming\Python\Python314\site-packages\django\db\models\base.py", line 1210, in _do_insert
    return manager._insert(
           ~~~~~~~~~~~~~~~^
        [self],
        ^^^^^^^
    ...<3 lines>...
        raw=raw,
        ^^^^^^^^
    )
    ^
  File "C:\Users\ASUS\AppData\Roaming\Python\Python314\site-packages\django\db\models\manager.py", line 87, in manager_method
    return getattr(self.get_queryset(), name)(*args, **kwargs)
           ~~~~~~~~~~~~~~~~~~~~~~~~~~~~~~~~~~^^^^^^^^^^^^^^^^^
  File "C:\Users\ASUS\AppData\Roaming\Python\Python314\site-packages\django\db\models\query.py", line 1873, in _insert
    return query.get_compiler(using=using).execute_sql(returning_fields)
           ~~~~~~~~~~~~~~~~~~~~~~~~~~~~~~~~~~~~~~~~~~~^^^^^^^^^^^^^^^^^^
  File "C:\Users\ASUS\AppData\Roaming\Python\Python314\site-packages\django\db\models\sql\compiler.py", line 1882, in execute_sql
    cursor.execute(sql, params)
    ~~~~~~~~~~~~~~^^^^^^^^^^^^^
  File "C:\Users\ASUS\AppData\Roaming\Python\Python314\site-packages\django\db\backends\utils.py", line 122, in execute
    return super().execute(sql, params)
           ~~~~~~~~~~~~~~~^^^^^^^^^^^^^
  File "C:\Users\ASUS\AppData\Roaming\Python\Python314\site-packages\django\db\backends\utils.py", line 79, in execute
    return self._execute_with_wrappers(
           ~~~~~~~~~~~~~~~~~~~~~~~~~~~^
        sql, params, many=False, executor=self._execute
        ^^^^^^^^^^^^^^^^^^^^^^^^^^^^^^^^^^^^^^^^^^^^^^^
    )
    ^
  File "C:\Users\ASUS\AppData\Roaming\Python\Python314\site-packages\django\db\backends\utils.py", line 92, in _execute_with_wrappers
    return executor(sql, params, many, context)
  File "C:\Users\ASUS\AppData\Roaming\Python\Python314\site-packages\django\db\backends\utils.py", line 100, in _execute
    with self.db.wrap_database_errors:
         ^^^^^^^^^^^^^^^^^^^^^^^^^^^^
  File "C:\Users\ASUS\AppData\Roaming\Python\Python314\site-packages\django\db\utils.py", line 91, in __exit__
    raise dj_exc_value.with_traceback(traceback) from exc_value
  File "C:\Users\ASUS\AppData\Roaming\Python\Python314\site-packages\django\db\backends\utils.py", line 105, in _execute
    return self.cursor.execute(sql, params)
           ~~~~~~~~~~~~~~~~~~~^^^^^^^^^^^^^
  File "C:\Users\ASUS\AppData\Roaming\Python\Python314\site-packages\django\db\backends\sqlite3\base.py", line 360, in execute
    return super().execute(query, params)
           ~~~~~~~~~~~~~~~^^^^^^^^^^^^^^^
django.db.utils.IntegrityError: UNIQUE constraint failed: registrations_studentapplication.application_number
Internal Server Error: /api/auto-save/
Traceback (most recent call last):
  File "C:\Users\ASUS\AppData\Roaming\Python\Python314\site-packages\django\db\backends\utils.py", line 105, in _execute
    return self.cursor.execute(sql, params)
           ~~~~~~~~~~~~~~~~~~~^^^^^^^^^^^^^
  File "C:\Users\ASUS\AppData\Roaming\Python\Python314\site-packages\django\db\backends\sqlite3\base.py", line 360, in execute
    return super().execute(query, params)
           ~~~~~~~~~~~~~~~^^^^^^^^^^^^^^^
sqlite3.IntegrityError: UNIQUE constraint failed: registrations_studentapplication.application_number

The above exception was the direct cause of the following exception:

Traceback (most recent call last):
  File "C:\Users\ASUS\AppData\Roaming\Python\Python314\site-packages\django\core\handlers\exception.py", line 55, in inner
    response = get_response(request)
  File "C:\Users\ASUS\AppData\Roaming\Python\Python314\site-packages\django\core\handlers\base.py", line 197, in _get_response
    response = wrapped_callback(request, *callback_args, **callback_kwargs)
  File "C:\Users\ASUS\Downloads\TRAINING PROJECT\TRAINING PROJECT\registrations\views.py", line 689, in auto_save_field
    app = StudentApplication.objects.create(status=status_obj)
  File "C:\Users\ASUS\AppData\Roaming\Python\Python314\site-packages\django\db\models\manager.py", line 87, in manager_method
    return getattr(self.get_queryset(), name)(*args, **kwargs)
           ~~~~~~~~~~~~~~~~~~~~~~~~~~~~~~~~~~^^^^^^^^^^^^^^^^^
  File "C:\Users\ASUS\AppData\Roaming\Python\Python314\site-packages\django\db\models\query.py", line 665, in create
    obj.save(force_insert=True, using=self.db)
    ~~~~~~~~^^^^^^^^^^^^^^^^^^^^^^^^^^^^^^^^^^
  File "C:\Users\ASUS\AppData\Roaming\Python\Python314\site-packages\django\db\models\base.py", line 902, in save
    self.save_base(
    ~~~~~~~~~~~~~~^
        using=using,
        ^^^^^^^^^^^^
    ...<2 lines>...
        update_fields=update_fields,
        ^^^^^^^^^^^^^^^^^^^^^^^^^^^^
    )
    ^
  File "C:\Users\ASUS\AppData\Roaming\Python\Python314\site-packages\django\db\models\base.py", line 1008, in save_base
    updated = self._save_table(
        raw,
    ...<4 lines>...
        update_fields,
    )
  File "C:\Users\ASUS\AppData\Roaming\Python\Python314\site-packages\django\db\models\base.py", line 1169, in _save_table
    results = self._do_insert(
        cls._base_manager, using, fields, returning_fields, raw
    )
  File "C:\Users\ASUS\AppData\Roaming\Python\Python314\site-packages\django\db\models\base.py", line 1210, in _do_insert
    return manager._insert(
           ~~~~~~~~~~~~~~~^
        [self],
        ^^^^^^^
    ...<3 lines>...
        raw=raw,
        ^^^^^^^^
    )
    ^
  File "C:\Users\ASUS\AppData\Roaming\Python\Python314\site-packages\django\db\models\manager.py", line 87, in manager_method
    return getattr(self.get_queryset(), name)(*args, **kwargs)
           ~~~~~~~~~~~~~~~~~~~~~~~~~~~~~~~~~~^^^^^^^^^^^^^^^^^
  File "C:\Users\ASUS\AppData\Roaming\Python\Python314\site-packages\django\db\models\query.py", line 1873, in _insert
    return query.get_compiler(using=using).execute_sql(returning_fields)
           ~~~~~~~~~~~~~~~~~~~~~~~~~~~~~~~~~~~~~~~~~~~^^^^^^^^^^^^^^^^^^
  File "C:\Users\ASUS\AppData\Roaming\Python\Python314\site-packages\django\db\models\sql\compiler.py", line 1882, in execute_sql
    cursor.execute(sql, params)
    ~~~~~~~~~~~~~~^^^^^^^^^^^^^
  File "C:\Users\ASUS\AppData\Roaming\Python\Python314\site-packages\django\db\backends\utils.py", line 122, in execute
    return super().execute(sql, params)
           ~~~~~~~~~~~~~~~^^^^^^^^^^^^^
  File "C:\Users\ASUS\AppData\Roaming\Python\Python314\site-packages\django\db\backends\utils.py", line 79, in execute
    return self._execute_with_wrappers(
           ~~~~~~~~~~~~~~~~~~~~~~~~~~~^
        sql, params, many=False, executor=self._execute
        ^^^^^^^^^^^^^^^^^^^^^^^^^^^^^^^^^^^^^^^^^^^^^^^
    )
    ^
  File "C:\Users\ASUS\AppData\Roaming\Python\Python314\site-packages\django\db\backends\utils.py", line 92, in _execute_with_wrappers
    return executor(sql, params, many, context)
  File "C:\Users\ASUS\AppData\Roaming\Python\Python314\site-packages\django\db\backends\utils.py", line 100, in _execute
    with self.db.wrap_database_errors:
         ^^^^^^^^^^^^^^^^^^^^^^^^^^^^
  File "C:\Users\ASUS\AppData\Roaming\Python\Python314\site-packages\django\db\utils.py", line 91, in __exit__
    raise dj_exc_value.with_traceback(traceback) from exc_value
  File "C:\Users\ASUS\AppData\Roaming\Python\Python314\site-packages\django\db\backends\utils.py", line 105, in _execute
    return self.cursor.execute(sql, params)
           ~~~~~~~~~~~~~~~~~~~^^^^^^^^^^^^^
  File "C:\Users\ASUS\AppData\Roaming\Python\Python314\site-packages\django\db\backends\sqlite3\base.py", line 360, in execute
    return super().execute(query, params)
           ~~~~~~~~~~~~~~~^^^^^^^^^^^^^^^
django.db.utils.IntegrityError: UNIQUE constraint failed: registrations_studentapplication.application_number
Internal Server Error: /api/auto-save/
Traceback (most recent call last):
  File "C:\Users\ASUS\AppData\Roaming\Python\Python314\site-packages\django\db\backends\utils.py", line 105, in _execute
    return self.cursor.execute(sql, params)
           ~~~~~~~~~~~~~~~~~~~^^^^^^^^^^^^^
  File "C:\Users\ASUS\AppData\Roaming\Python\Python314\site-packages\django\db\backends\sqlite3\base.py", line 360, in execute
    return super().execute(query, params)
           ~~~~~~~~~~~~~~~^^^^^^^^^^^^^^^
sqlite3.IntegrityError: UNIQUE constraint failed: registrations_studentapplication.application_number

The above exception was the direct cause of the following exception:

Traceback (most recent call last):
  File "C:\Users\ASUS\AppData\Roaming\Python\Python314\site-packages\django\core\handlers\exception.py", line 55, in inner
    response = get_response(request)
  File "C:\Users\ASUS\AppData\Roaming\Python\Python314\site-packages\django\core\handlers\base.py", line 197, in _get_response
    response = wrapped_callback(request, *callback_args, **callback_kwargs)
  File "C:\Users\ASUS\Downloads\TRAINING PROJECT\TRAINING PROJECT\registrations\views.py", line 689, in auto_save_field
    app = StudentApplication.objects.create(status=status_obj)
  File "C:\Users\ASUS\AppData\Roaming\Python\Python314\site-packages\django\db\models\manager.py", line 87, in manager_method
    return getattr(self.get_queryset(), name)(*args, **kwargs)
           ~~~~~~~~~~~~~~~~~~~~~~~~~~~~~~~~~~^^^^^^^^^^^^^^^^^
  File "C:\Users\ASUS\AppData\Roaming\Python\Python314\site-packages\django\db\models\query.py", line 665, in create
    obj.save(force_insert=True, using=self.db)
    ~~~~~~~~^^^^^^^^^^^^^^^^^^^^^^^^^^^^^^^^^^
  File "C:\Users\ASUS\AppData\Roaming\Python\Python314\site-packages\django\db\models\base.py", line 902, in save
    self.save_base(
    ~~~~~~~~~~~~~~^
        using=using,
        ^^^^^^^^^^^^
    ...<2 lines>...
        update_fields=update_fields,
        ^^^^^^^^^^^^^^^^^^^^^^^^^^^^
    )
    ^
  File "C:\Users\ASUS\AppData\Roaming\Python\Python314\site-packages\django\db\models\base.py", line 1008, in save_base
    updated = self._save_table(
        raw,
    ...<4 lines>...
        update_fields,
    )
  File "C:\Users\ASUS\AppData\Roaming\Python\Python314\site-packages\django\db\models\base.py", line 1169, in _save_table
    results = self._do_insert(
        cls._base_manager, using, fields, returning_fields, raw
    )
  File "C:\Users\ASUS\AppData\Roaming\Python\Python314\site-packages\django\db\models\base.py", line 1210, in _do_insert
    return manager._insert(
           ~~~~~~~~~~~~~~~^
        [self],
        ^^^^^^^
    ...<3 lines>...
        raw=raw,
        ^^^^^^^^
    )
    ^
  File "C:\Users\ASUS\AppData\Roaming\Python\Python314\site-packages\django\db\models\manager.py", line 87, in manager_method
    return getattr(self.get_queryset(), name)(*args, **kwargs)
           ~~~~~~~~~~~~~~~~~~~~~~~~~~~~~~~~~~^^^^^^^^^^^^^^^^^
  File "C:\Users\ASUS\AppData\Roaming\Python\Python314\site-packages\django\db\models\query.py", line 1873, in _insert
    return query.get_compiler(using=using).execute_sql(returning_fields)
           ~~~~~~~~~~~~~~~~~~~~~~~~~~~~~~~~~~~~~~~~~~~^^^^^^^^^^^^^^^^^^
  File "C:\Users\ASUS\AppData\Roaming\Python\Python314\site-packages\django\db\models\sql\compiler.py", line 1882, in execute_sql
    cursor.execute(sql, params)
    ~~~~~~~~~~~~~~^^^^^^^^^^^^^
  File "C:\Users\ASUS\AppData\Roaming\Python\Python314\site-packages\django\db\backends\utils.py", line 122, in execute
    return super().execute(sql, params)
           ~~~~~~~~~~~~~~~^^^^^^^^^^^^^
  File "C:\Users\ASUS\AppData\Roaming\Python\Python314\site-packages\django\db\backends\utils.py", line 79, in execute
    return self._execute_with_wrappers(
           ~~~~~~~~~~~~~~~~~~~~~~~~~~~^
        sql, params, many=False, executor=self._execute
        ^^^^^^^^^^^^^^^^^^^^^^^^^^^^^^^^^^^^^^^^^^^^^^^
    )
    ^
  File "C:\Users\ASUS\AppData\Roaming\Python\Python314\site-packages\django\db\backends\utils.py", line 92, in _execute_with_wrappers
    return executor(sql, params, many, context)
  File "C:\Users\ASUS\AppData\Roaming\Python\Python314\site-packages\django\db\backends\utils.py", line 100, in _execute
    with self.db.wrap_database_errors:
         ^^^^^^^^^^^^^^^^^^^^^^^^^^^^
  File "C:\Users\ASUS\AppData\Roaming\Python\Python314\site-packages\django\db\utils.py", line 91, in __exit__
    raise dj_exc_value.with_traceback(traceback) from exc_value
  File "C:\Users\ASUS\AppData\Roaming\Python\Python314\site-packages\django\db\backends\utils.py", line 105, in _execute
    return self.cursor.execute(sql, params)
           ~~~~~~~~~~~~~~~~~~~^^^^^^^^^^^^^
  File "C:\Users\ASUS\AppData\Roaming\Python\Python314\site-packages\django\db\backends\sqlite3\base.py", line 360, in execute
    return super().execute(query, params)
           ~~~~~~~~~~~~~~~^^^^^^^^^^^^^^^
django.db.utils.IntegrityError: UNIQUE constraint failed: registrations_studentapplication.application_number
Internal Server Error: /api/auto-save/
Traceback (most recent call last):
  File "C:\Users\ASUS\AppData\Roaming\Python\Python314\site-packages\django\db\backends\utils.py", line 105, in _execute
    return self.cursor.execute(sql, params)
           ~~~~~~~~~~~~~~~~~~~^^^^^^^^^^^^^
  File "C:\Users\ASUS\AppData\Roaming\Python\Python314\site-packages\django\db\backends\sqlite3\base.py", line 360, in execute
    return super().execute(query, params)
           ~~~~~~~~~~~~~~~^^^^^^^^^^^^^^^
sqlite3.IntegrityError: UNIQUE constraint failed: registrations_studentapplication.application_number

The above exception was the direct cause of the following exception:

Traceback (most recent call last):
  File "C:\Users\ASUS\AppData\Roaming\Python\Python314\site-packages\django\core\handlers\exception.py", line 55, in inner
    response = get_response(request)
  File "C:\Users\ASUS\AppData\Roaming\Python\Python314\site-packages\django\core\handlers\base.py", line 197, in _get_response
    response = wrapped_callback(request, *callback_args, **callback_kwargs)
  File "C:\Users\ASUS\Downloads\TRAINING PROJECT\TRAINING PROJECT\registrations\views.py", line 689, in auto_save_field
    app = StudentApplication.objects.create(status=status_obj)
  File "C:\Users\ASUS\AppData\Roaming\Python\Python314\site-packages\django\db\models\manager.py", line 87, in manager_method
    return getattr(self.get_queryset(), name)(*args, **kwargs)
           ~~~~~~~~~~~~~~~~~~~~~~~~~~~~~~~~~~^^^^^^^^^^^^^^^^^
  File "C:\Users\ASUS\AppData\Roaming\Python\Python314\site-packages\django\db\models\query.py", line 665, in create
    obj.save(force_insert=True, using=self.db)
    ~~~~~~~~^^^^^^^^^^^^^^^^^^^^^^^^^^^^^^^^^^
  File "C:\Users\ASUS\AppData\Roaming\Python\Python314\site-packages\django\db\models\base.py", line 902, in save
    self.save_base(
    ~~~~~~~~~~~~~~^
        using=using,
        ^^^^^^^^^^^^
    ...<2 lines>...
        update_fields=update_fields,
        ^^^^^^^^^^^^^^^^^^^^^^^^^^^^
    )
    ^
  File "C:\Users\ASUS\AppData\Roaming\Python\Python314\site-packages\django\db\models\base.py", line 1008, in save_base
    updated = self._save_table(
        raw,
    ...<4 lines>...
        update_fields,
    )
  File "C:\Users\ASUS\AppData\Roaming\Python\Python314\site-packages\django\db\models\base.py", line 1169, in _save_table
    results = self._do_insert(
        cls._base_manager, using, fields, returning_fields, raw
    )
  File "C:\Users\ASUS\AppData\Roaming\Python\Python314\site-packages\django\db\models\base.py", line 1210, in _do_insert
    return manager._insert(
           ~~~~~~~~~~~~~~~^
        [self],
        ^^^^^^^
    ...<3 lines>...
        raw=raw,
        ^^^^^^^^
    )
    ^
  File "C:\Users\ASUS\AppData\Roaming\Python\Python314\site-packages\django\db\models\manager.py", line 87, in manager_method
    return getattr(self.get_queryset(), name)(*args, **kwargs)
           ~~~~~~~~~~~~~~~~~~~~~~~~~~~~~~~~~~^^^^^^^^^^^^^^^^^
  File "C:\Users\ASUS\AppData\Roaming\Python\Python314\site-packages\django\db\models\query.py", line 1873, in _insert
    return query.get_compiler(using=using).execute_sql(returning_fields)
           ~~~~~~~~~~~~~~~~~~~~~~~~~~~~~~~~~~~~~~~~~~~^^^^^^^^^^^^^^^^^^
  File "C:\Users\ASUS\AppData\Roaming\Python\Python314\site-packages\django\db\models\sql\compiler.py", line 1882, in execute_sql
    cursor.execute(sql, params)
    ~~~~~~~~~~~~~~^^^^^^^^^^^^^
  File "C:\Users\ASUS\AppData\Roaming\Python\Python314\site-packages\django\db\backends\utils.py", line 122, in execute
    return super().execute(sql, params)
           ~~~~~~~~~~~~~~~^^^^^^^^^^^^^
  File "C:\Users\ASUS\AppData\Roaming\Python\Python314\site-packages\django\db\backends\utils.py", line 79, in execute
    return self._execute_with_wrappers(
           ~~~~~~~~~~~~~~~~~~~~~~~~~~~^
        sql, params, many=False, executor=self._execute
        ^^^^^^^^^^^^^^^^^^^^^^^^^^^^^^^^^^^^^^^^^^^^^^^
    )
    ^
  File "C:\Users\ASUS\AppData\Roaming\Python\Python314\site-packages\django\db\backends\utils.py", line 92, in _execute_with_wrappers
    return executor(sql, params, many, context)
  File "C:\Users\ASUS\AppData\Roaming\Python\Python314\site-packages\django\db\backends\utils.py", line 100, in _execute
    with self.db.wrap_database_errors:
         ^^^^^^^^^^^^^^^^^^^^^^^^^^^^
  File "C:\Users\ASUS\AppData\Roaming\Python\Python314\site-packages\django\db\utils.py", line 91, in __exit__
    raise dj_exc_value.with_traceback(traceback) from exc_value
  File "C:\Users\ASUS\AppData\Roaming\Python\Python314\site-packages\django\db\backends\utils.py", line 105, in _execute
    return self.cursor.execute(sql, params)
           ~~~~~~~~~~~~~~~~~~~^^^^^^^^^^^^^
  File "C:\Users\ASUS\AppData\Roaming\Python\Python314\site-packages\django\db\backends\sqlite3\base.py", line 360, in execute
    return super().execute(query, params)
           ~~~~~~~~~~~~~~~^^^^^^^^^^^^^^^
django.db.utils.IntegrityError: UNIQUE constraint failed: registrations_studentapplication.application_number
Internal Server Error: /api/auto-save/
Traceback (most recent call last):
  File "C:\Users\ASUS\AppData\Roaming\Python\Python314\site-packages\django\db\backends\utils.py", line 105, in _execute
    return self.cursor.execute(sql, params)
           ~~~~~~~~~~~~~~~~~~~^^^^^^^^^^^^^
  File "C:\Users\ASUS\AppData\Roaming\Python\Python314\site-packages\django\db\backends\sqlite3\base.py", line 360, in execute
    return super().execute(query, params)
           ~~~~~~~~~~~~~~~^^^^^^^^^^^^^^^
sqlite3.IntegrityError: UNIQUE constraint failed: registrations_studentapplication.application_number

The above exception was the direct cause of the following exception:

Traceback (most recent call last):
  File "C:\Users\ASUS\AppData\Roaming\Python\Python314\site-packages\django\core\handlers\exception.py", line 55, in inner
    response = get_response(request)
  File "C:\Users\ASUS\AppData\Roaming\Python\Python314\site-packages\django\core\handlers\base.py", line 197, in _get_response
    response = wrapped_callback(request, *callback_args, **callback_kwargs)
  File "C:\Users\ASUS\Downloads\TRAINING PROJECT\TRAINING PROJECT\registrations\views.py", line 689, in auto_save_field
    app = StudentApplication.objects.create(status=status_obj)
  File "C:\Users\ASUS\AppData\Roaming\Python\Python314\site-packages\django\db\models\manager.py", line 87, in manager_method
    return getattr(self.get_queryset(), name)(*args, **kwargs)
           ~~~~~~~~~~~~~~~~~~~~~~~~~~~~~~~~~~^^^^^^^^^^^^^^^^^
  File "C:\Users\ASUS\AppData\Roaming\Python\Python314\site-packages\django\db\models\query.py", line 665, in create
    obj.save(force_insert=True, using=self.db)
    ~~~~~~~~^^^^^^^^^^^^^^^^^^^^^^^^^^^^^^^^^^
  File "C:\Users\ASUS\AppData\Roaming\Python\Python314\site-packages\django\db\models\base.py", line 902, in save
    self.save_base(
    ~~~~~~~~~~~~~~^
        using=using,
        ^^^^^^^^^^^^
    ...<2 lines>...
        update_fields=update_fields,
        ^^^^^^^^^^^^^^^^^^^^^^^^^^^^
    )
    ^
  File "C:\Users\ASUS\AppData\Roaming\Python\Python314\site-packages\django\db\models\base.py", line 1008, in save_base
    updated = self._save_table(
        raw,
    ...<4 lines>...
        update_fields,
    )
  File "C:\Users\ASUS\AppData\Roaming\Python\Python314\site-packages\django\db\models\base.py", line 1169, in _save_table
    results = self._do_insert(
        cls._base_manager, using, fields, returning_fields, raw
    )
  File "C:\Users\ASUS\AppData\Roaming\Python\Python314\site-packages\django\db\models\base.py", line 1210, in _do_insert
    return manager._insert(
           ~~~~~~~~~~~~~~~^
        [self],
        ^^^^^^^
    ...<3 lines>...
        raw=raw,
        ^^^^^^^^
    )
    ^
  File "C:\Users\ASUS\AppData\Roaming\Python\Python314\site-packages\django\db\models\manager.py", line 87, in manager_method
    return getattr(self.get_queryset(), name)(*args, **kwargs)
           ~~~~~~~~~~~~~~~~~~~~~~~~~~~~~~~~~~^^^^^^^^^^^^^^^^^
  File "C:\Users\ASUS\AppData\Roaming\Python\Python314\site-packages\django\db\models\query.py", line 1873, in _insert
    return query.get_compiler(using=using).execute_sql(returning_fields)
           ~~~~~~~~~~~~~~~~~~~~~~~~~~~~~~~~~~~~~~~~~~~^^^^^^^^^^^^^^^^^^
  File "C:\Users\ASUS\AppData\Roaming\Python\Python314\site-packages\django\db\models\sql\compiler.py", line 1882, in execute_sql
    cursor.execute(sql, params)
    ~~~~~~~~~~~~~~^^^^^^^^^^^^^
  File "C:\Users\ASUS\AppData\Roaming\Python\Python314\site-packages\django\db\backends\utils.py", line 122, in execute
    return super().execute(sql, params)
           ~~~~~~~~~~~~~~~^^^^^^^^^^^^^
  File "C:\Users\ASUS\AppData\Roaming\Python\Python314\site-packages\django\db\backends\utils.py", line 79, in execute
    return self._execute_with_wrappers(
           ~~~~~~~~~~~~~~~~~~~~~~~~~~~^
        sql, params, many=False, executor=self._execute
        ^^^^^^^^^^^^^^^^^^^^^^^^^^^^^^^^^^^^^^^^^^^^^^^
    )
    ^
  File "C:\Users\ASUS\AppData\Roaming\Python\Python314\site-packages\django\db\backends\utils.py", line 92, in _execute_with_wrappers
    return executor(sql, params, many, context)
  File "C:\Users\ASUS\AppData\Roaming\Python\Python314\site-packages\django\db\backends\utils.py", line 100, in _execute
    with self.db.wrap_database_errors:
         ^^^^^^^^^^^^^^^^^^^^^^^^^^^^
  File "C:\Users\ASUS\AppData\Roaming\Python\Python314\site-packages\django\db\utils.py", line 91, in __exit__
    raise dj_exc_value.with_traceback(traceback) from exc_value
  File "C:\Users\ASUS\AppData\Roaming\Python\Python314\site-packages\django\db\backends\utils.py", line 105, in _execute
    return self.cursor.execute(sql, params)
           ~~~~~~~~~~~~~~~~~~~^^^^^^^^^^^^^
  File "C:\Users\ASUS\AppData\Roaming\Python\Python314\site-packages\django\db\backends\sqlite3\base.py", line 360, in execute
    return super().execute(query, params)
           ~~~~~~~~~~~~~~~^^^^^^^^^^^^^^^
django.db.utils.IntegrityError: UNIQUE constraint failed: registrations_studentapplication.application_number
Internal Server Error: /api/auto-save/
Traceback (most recent call last):
  File "C:\Users\ASUS\AppData\Roaming\Python\Python314\site-packages\django\db\backends\utils.py", line 105, in _execute
    return self.cursor.execute(sql, params)
           ~~~~~~~~~~~~~~~~~~~^^^^^^^^^^^^^
  File "C:\Users\ASUS\AppData\Roaming\Python\Python314\site-packages\django\db\backends\sqlite3\base.py", line 360, in execute
    return super().execute(query, params)
           ~~~~~~~~~~~~~~~^^^^^^^^^^^^^^^
sqlite3.IntegrityError: UNIQUE constraint failed: registrations_studentapplication.application_number

The above exception was the direct cause of the following exception:

Traceback (most recent call last):
  File "C:\Users\ASUS\AppData\Roaming\Python\Python314\site-packages\django\core\handlers\exception.py", line 55, in inner
    response = get_response(request)
  File "C:\Users\ASUS\AppData\Roaming\Python\Python314\site-packages\django\core\handlers\base.py", line 197, in _get_response
    response = wrapped_callback(request, *callback_args, **callback_kwargs)
  File "C:\Users\ASUS\Downloads\TRAINING PROJECT\TRAINING PROJECT\registrations\views.py", line 689, in auto_save_field
    app = StudentApplication.objects.create(status=status_obj)
  File "C:\Users\ASUS\AppData\Roaming\Python\Python314\site-packages\django\db\models\manager.py", line 87, in manager_method
    return getattr(self.get_queryset(), name)(*args, **kwargs)
           ~~~~~~~~~~~~~~~~~~~~~~~~~~~~~~~~~~^^^^^^^^^^^^^^^^^
  File "C:\Users\ASUS\AppData\Roaming\Python\Python314\site-packages\django\db\models\query.py", line 665, in create
    obj.save(force_insert=True, using=self.db)
    ~~~~~~~~^^^^^^^^^^^^^^^^^^^^^^^^^^^^^^^^^^
  File "C:\Users\ASUS\AppData\Roaming\Python\Python314\site-packages\django\db\models\base.py", line 902, in save
    self.save_base(
    ~~~~~~~~~~~~~~^
        using=using,
        ^^^^^^^^^^^^
    ...<2 lines>...
        update_fields=update_fields,
        ^^^^^^^^^^^^^^^^^^^^^^^^^^^^
    )
    ^
  File "C:\Users\ASUS\AppData\Roaming\Python\Python314\site-packages\django\db\models\base.py", line 1008, in save_base
    updated = self._save_table(
        raw,
    ...<4 lines>...
        update_fields,
    )
  File "C:\Users\ASUS\AppData\Roaming\Python\Python314\site-packages\django\db\models\base.py", line 1169, in _save_table
    results = self._do_insert(
        cls._base_manager, using, fields, returning_fields, raw
    )
  File "C:\Users\ASUS\AppData\Roaming\Python\Python314\site-packages\django\db\models\base.py", line 1210, in _do_insert
    return manager._insert(
           ~~~~~~~~~~~~~~~^
        [self],
        ^^^^^^^
    ...<3 lines>...
        raw=raw,
        ^^^^^^^^
    )
    ^
  File "C:\Users\ASUS\AppData\Roaming\Python\Python314\site-packages\django\db\models\manager.py", line 87, in manager_method
    return getattr(self.get_queryset(), name)(*args, **kwargs)
           ~~~~~~~~~~~~~~~~~~~~~~~~~~~~~~~~~~^^^^^^^^^^^^^^^^^
  File "C:\Users\ASUS\AppData\Roaming\Python\Python314\site-packages\django\db\models\query.py", line 1873, in _insert
    return query.get_compiler(using=using).execute_sql(returning_fields)
           ~~~~~~~~~~~~~~~~~~~~~~~~~~~~~~~~~~~~~~~~~~~^^^^^^^^^^^^^^^^^^
  File "C:\Users\ASUS\AppData\Roaming\Python\Python314\site-packages\django\db\models\sql\compiler.py", line 1882, in execute_sql
    cursor.execute(sql, params)
    ~~~~~~~~~~~~~~^^^^^^^^^^^^^
  File "C:\Users\ASUS\AppData\Roaming\Python\Python314\site-packages\django\db\backends\utils.py", line 122, in execute
    return super().execute(sql, params)
           ~~~~~~~~~~~~~~~^^^^^^^^^^^^^
  File "C:\Users\ASUS\AppData\Roaming\Python\Python314\site-packages\django\db\backends\utils.py", line 79, in execute
    return self._execute_with_wrappers(
           ~~~~~~~~~~~~~~~~~~~~~~~~~~~^
        sql, params, many=False, executor=self._execute
        ^^^^^^^^^^^^^^^^^^^^^^^^^^^^^^^^^^^^^^^^^^^^^^^
    )
    ^
  File "C:\Users\ASUS\AppData\Roaming\Python\Python314\site-packages\django\db\backends\utils.py", line 92, in _execute_with_wrappers
    return executor(sql, params, many, context)
  File "C:\Users\ASUS\AppData\Roaming\Python\Python314\site-packages\django\db\backends\utils.py", line 100, in _execute
    with self.db.wrap_database_errors:
         ^^^^^^^^^^^^^^^^^^^^^^^^^^^^
  File "C:\Users\ASUS\AppData\Roaming\Python\Python314\site-packages\django\db\utils.py", line 91, in __exit__
    raise dj_exc_value.with_traceback(traceback) from exc_value
  File "C:\Users\ASUS\AppData\Roaming\Python\Python314\site-packages\django\db\backends\utils.py", line 105, in _execute
    return self.cursor.execute(sql, params)
           ~~~~~~~~~~~~~~~~~~~^^^^^^^^^^^^^
  File "C:\Users\ASUS\AppData\Roaming\Python\Python314\site-packages\django\db\backends\sqlite3\base.py", line 360, in execute
    return super().execute(query, params)
           ~~~~~~~~~~~~~~~^^^^^^^^^^^^^^^
django.db.utils.IntegrityError: UNIQUE constraint failed: registrations_studentapplication.application_number
Internal Server Error: /api/auto-save/
Traceback (most recent call last):
  File "C:\Users\ASUS\AppData\Roaming\Python\Python314\site-packages\django\db\backends\utils.py", line 105, in _execute
    return self.cursor.execute(sql, params)
           ~~~~~~~~~~~~~~~~~~~^^^^^^^^^^^^^
  File "C:\Users\ASUS\AppData\Roaming\Python\Python314\site-packages\django\db\backends\sqlite3\base.py", line 360, in execute
    return super().execute(query, params)
           ~~~~~~~~~~~~~~~^^^^^^^^^^^^^^^
sqlite3.IntegrityError: UNIQUE constraint failed: registrations_studentapplication.application_number

The above exception was the direct cause of the following exception:

Traceback (most recent call last):
  File "C:\Users\ASUS\AppData\Roaming\Python\Python314\site-packages\django\core\handlers\exception.py", line 55, in inner
    response = get_response(request)
  File "C:\Users\ASUS\AppData\Roaming\Python\Python314\site-packages\django\core\handlers\base.py", line 197, in _get_response
    response = wrapped_callback(request, *callback_args, **callback_kwargs)
  File "C:\Users\ASUS\Downloads\TRAINING PROJECT\TRAINING PROJECT\registrations\views.py", line 689, in auto_save_field
    app = StudentApplication.objects.create(status=status_obj)
  File "C:\Users\ASUS\AppData\Roaming\Python\Python314\site-packages\django\db\models\manager.py", line 87, in manager_method
    return getattr(self.get_queryset(), name)(*args, **kwargs)
           ~~~~~~~~~~~~~~~~~~~~~~~~~~~~~~~~~~^^^^^^^^^^^^^^^^^
  File "C:\Users\ASUS\AppData\Roaming\Python\Python314\site-packages\django\db\models\query.py", line 665, in create
    obj.save(force_insert=True, using=self.db)
    ~~~~~~~~^^^^^^^^^^^^^^^^^^^^^^^^^^^^^^^^^^
  File "C:\Users\ASUS\AppData\Roaming\Python\Python314\site-packages\django\db\models\base.py", line 902, in save
    self.save_base(
    ~~~~~~~~~~~~~~^
        using=using,
        ^^^^^^^^^^^^
    ...<2 lines>...
        update_fields=update_fields,
        ^^^^^^^^^^^^^^^^^^^^^^^^^^^^
    )
    ^
  File "C:\Users\ASUS\AppData\Roaming\Python\Python314\site-packages\django\db\models\base.py", line 1008, in save_base
    updated = self._save_table(
        raw,
    ...<4 lines>...
        update_fields,
    )
  File "C:\Users\ASUS\AppData\Roaming\Python\Python314\site-packages\django\db\models\base.py", line 1169, in _save_table
    results = self._do_insert(
        cls._base_manager, using, fields, returning_fields, raw
    )
  File "C:\Users\ASUS\AppData\Roaming\Python\Python314\site-packages\django\db\models\base.py", line 1210, in _do_insert
    return manager._insert(
           ~~~~~~~~~~~~~~~^
        [self],
        ^^^^^^^
    ...<3 lines>...
        raw=raw,
        ^^^^^^^^
    )
    ^
  File "C:\Users\ASUS\AppData\Roaming\Python\Python314\site-packages\django\db\models\manager.py", line 87, in manager_method
    return getattr(self.get_queryset(), name)(*args, **kwargs)
           ~~~~~~~~~~~~~~~~~~~~~~~~~~~~~~~~~~^^^^^^^^^^^^^^^^^
  File "C:\Users\ASUS\AppData\Roaming\Python\Python314\site-packages\django\db\models\query.py", line 1873, in _insert
    return query.get_compiler(using=using).execute_sql(returning_fields)
           ~~~~~~~~~~~~~~~~~~~~~~~~~~~~~~~~~~~~~~~~~~~^^^^^^^^^^^^^^^^^^
  File "C:\Users\ASUS\AppData\Roaming\Python\Python314\site-packages\django\db\models\sql\compiler.py", line 1882, in execute_sql
    cursor.execute(sql, params)
    ~~~~~~~~~~~~~~^^^^^^^^^^^^^
  File "C:\Users\ASUS\AppData\Roaming\Python\Python314\site-packages\django\db\backends\utils.py", line 122, in execute
    return super().execute(sql, params)
           ~~~~~~~~~~~~~~~^^^^^^^^^^^^^
  File "C:\Users\ASUS\AppData\Roaming\Python\Python314\site-packages\django\db\backends\utils.py", line 79, in execute
    return self._execute_with_wrappers(
           ~~~~~~~~~~~~~~~~~~~~~~~~~~~^
        sql, params, many=False, executor=self._execute
        ^^^^^^^^^^^^^^^^^^^^^^^^^^^^^^^^^^^^^^^^^^^^^^^
    )
    ^
  File "C:\Users\ASUS\AppData\Roaming\Python\Python314\site-packages\django\db\backends\utils.py", line 92, in _execute_with_wrappers
    return executor(sql, params, many, context)
  File "C:\Users\ASUS\AppData\Roaming\Python\Python314\site-packages\django\db\backends\utils.py", line 100, in _execute
    with self.db.wrap_database_errors:
         ^^^^^^^^^^^^^^^^^^^^^^^^^^^^
  File "C:\Users\ASUS\AppData\Roaming\Python\Python314\site-packages\django\db\utils.py", line 91, in __exit__
    raise dj_exc_value.with_traceback(traceback) from exc_value
  File "C:\Users\ASUS\AppData\Roaming\Python\Python314\site-packages\django\db\backends\utils.py", line 105, in _execute
    return self.cursor.execute(sql, params)
           ~~~~~~~~~~~~~~~~~~~^^^^^^^^^^^^^
  File "C:\Users\ASUS\AppData\Roaming\Python\Python314\site-packages\django\db\backends\sqlite3\base.py", line 360, in execute
    return super().execute(query, params)
           ~~~~~~~~~~~~~~~^^^^^^^^^^^^^^^
django.db.utils.IntegrityError: UNIQUE constraint failed: registrations_studentapplication.application_number
Internal Server Error: /api/auto-save/
Traceback (most recent call last):
  File "C:\Users\ASUS\AppData\Roaming\Python\Python314\site-packages\django\db\backends\utils.py", line 105, in _execute
    return self.cursor.execute(sql, params)
           ~~~~~~~~~~~~~~~~~~~^^^^^^^^^^^^^
  File "C:\Users\ASUS\AppData\Roaming\Python\Python314\site-packages\django\db\backends\sqlite3\base.py", line 360, in execute
    return super().execute(query, params)
           ~~~~~~~~~~~~~~~^^^^^^^^^^^^^^^
sqlite3.IntegrityError: UNIQUE constraint failed: registrations_studentapplication.application_number

The above exception was the direct cause of the following exception:

Traceback (most recent call last):
  File "C:\Users\ASUS\AppData\Roaming\Python\Python314\site-packages\django\core\handlers\exception.py", line 55, in inner
    response = get_response(request)
  File "C:\Users\ASUS\AppData\Roaming\Python\Python314\site-packages\django\core\handlers\base.py", line 197, in _get_response
    response = wrapped_callback(request, *callback_args, **callback_kwargs)
  File "C:\Users\ASUS\Downloads\TRAINING PROJECT\TRAINING PROJECT\registrations\views.py", line 689, in auto_save_field
    app = StudentApplication.objects.create(status=status_obj)
  File "C:\Users\ASUS\AppData\Roaming\Python\Python314\site-packages\django\db\models\manager.py", line 87, in manager_method
    return getattr(self.get_queryset(), name)(*args, **kwargs)
           ~~~~~~~~~~~~~~~~~~~~~~~~~~~~~~~~~~^^^^^^^^^^^^^^^^^
  File "C:\Users\ASUS\AppData\Roaming\Python\Python314\site-packages\django\db\models\query.py", line 665, in create
    obj.save(force_insert=True, using=self.db)
    ~~~~~~~~^^^^^^^^^^^^^^^^^^^^^^^^^^^^^^^^^^
  File "C:\Users\ASUS\AppData\Roaming\Python\Python314\site-packages\django\db\models\base.py", line 902, in save
    self.save_base(
    ~~~~~~~~~~~~~~^
        using=using,
        ^^^^^^^^^^^^
    ...<2 lines>...
        update_fields=update_fields,
        ^^^^^^^^^^^^^^^^^^^^^^^^^^^^
    )
    ^
  File "C:\Users\ASUS\AppData\Roaming\Python\Python314\site-packages\django\db\models\base.py", line 1008, in save_base
    updated = self._save_table(
        raw,
    ...<4 lines>...
        update_fields,
    )
  File "C:\Users\ASUS\AppData\Roaming\Python\Python314\site-packages\django\db\models\base.py", line 1169, in _save_table
    results = self._do_insert(
        cls._base_manager, using, fields, returning_fields, raw
    )
  File "C:\Users\ASUS\AppData\Roaming\Python\Python314\site-packages\django\db\models\base.py", line 1210, in _do_insert
    return manager._insert(
           ~~~~~~~~~~~~~~~^
        [self],
        ^^^^^^^
    ...<3 lines>...
        raw=raw,
        ^^^^^^^^
    )
    ^
  File "C:\Users\ASUS\AppData\Roaming\Python\Python314\site-packages\django\db\models\manager.py", line 87, in manager_method
    return getattr(self.get_queryset(), name)(*args, **kwargs)
           ~~~~~~~~~~~~~~~~~~~~~~~~~~~~~~~~~~^^^^^^^^^^^^^^^^^
  File "C:\Users\ASUS\AppData\Roaming\Python\Python314\site-packages\django\db\models\query.py", line 1873, in _insert
    return query.get_compiler(using=using).execute_sql(returning_fields)
           ~~~~~~~~~~~~~~~~~~~~~~~~~~~~~~~~~~~~~~~~~~~^^^^^^^^^^^^^^^^^^
  File "C:\Users\ASUS\AppData\Roaming\Python\Python314\site-packages\django\db\models\sql\compiler.py", line 1882, in execute_sql
    cursor.execute(sql, params)
    ~~~~~~~~~~~~~~^^^^^^^^^^^^^
  File "C:\Users\ASUS\AppData\Roaming\Python\Python314\site-packages\django\db\backends\utils.py", line 122, in execute
    return super().execute(sql, params)
           ~~~~~~~~~~~~~~~^^^^^^^^^^^^^
  File "C:\Users\ASUS\AppData\Roaming\Python\Python314\site-packages\django\db\backends\utils.py", line 79, in execute
    return self._execute_with_wrappers(
           ~~~~~~~~~~~~~~~~~~~~~~~~~~~^
        sql, params, many=False, executor=self._execute
        ^^^^^^^^^^^^^^^^^^^^^^^^^^^^^^^^^^^^^^^^^^^^^^^
    )
    ^
  File "C:\Users\ASUS\AppData\Roaming\Python\Python314\site-packages\django\db\backends\utils.py", line 92, in _execute_with_wrappers
    return executor(sql, params, many, context)
  File "C:\Users\ASUS\AppData\Roaming\Python\Python314\site-packages\django\db\backends\utils.py", line 100, in _execute
    with self.db.wrap_database_errors:
         ^^^^^^^^^^^^^^^^^^^^^^^^^^^^
  File "C:\Users\ASUS\AppData\Roaming\Python\Python314\site-packages\django\db\utils.py", line 91, in __exit__
    raise dj_exc_value.with_traceback(traceback) from exc_value
  File "C:\Users\ASUS\AppData\Roaming\Python\Python314\site-packages\django\db\backends\utils.py", line 105, in _execute
    return self.cursor.execute(sql, params)
           ~~~~~~~~~~~~~~~~~~~^^^^^^^^^^^^^
  File "C:\Users\ASUS\AppData\Roaming\Python\Python314\site-packages\django\db\backends\sqlite3\base.py", line 360, in execute
    return super().execute(query, params)
           ~~~~~~~~~~~~~~~^^^^^^^^^^^^^^^
django.db.utils.IntegrityError: UNIQUE constraint failed: registrations_studentapplication.application_number
Internal Server Error: /api/auto-save/
Traceback (most recent call last):
  File "C:\Users\ASUS\AppData\Roaming\Python\Python314\site-packages\django\db\backends\utils.py", line 105, in _execute
    return self.cursor.execute(sql, params)
           ~~~~~~~~~~~~~~~~~~~^^^^^^^^^^^^^
  File "C:\Users\ASUS\AppData\Roaming\Python\Python314\site-packages\django\db\backends\sqlite3\base.py", line 360, in execute
    return super().execute(query, params)
           ~~~~~~~~~~~~~~~^^^^^^^^^^^^^^^
sqlite3.IntegrityError: UNIQUE constraint failed: registrations_studentapplication.application_number

The above exception was the direct cause of the following exception:

Traceback (most recent call last):
  File "C:\Users\ASUS\AppData\Roaming\Python\Python314\site-packages\django\core\handlers\exception.py", line 55, in inner
    response = get_response(request)
  File "C:\Users\ASUS\AppData\Roaming\Python\Python314\site-packages\django\core\handlers\base.py", line 197, in _get_response
    response = wrapped_callback(request, *callback_args, **callback_kwargs)
  File "C:\Users\ASUS\Downloads\TRAINING PROJECT\TRAINING PROJECT\registrations\views.py", line 689, in auto_save_field
    app = StudentApplication.objects.create(status=status_obj)
  File "C:\Users\ASUS\AppData\Roaming\Python\Python314\site-packages\django\db\models\manager.py", line 87, in manager_method
    return getattr(self.get_queryset(), name)(*args, **kwargs)
           ~~~~~~~~~~~~~~~~~~~~~~~~~~~~~~~~~~^^^^^^^^^^^^^^^^^
  File "C:\Users\ASUS\AppData\Roaming\Python\Python314\site-packages\django\db\models\query.py", line 665, in create
    obj.save(force_insert=True, using=self.db)
    ~~~~~~~~^^^^^^^^^^^^^^^^^^^^^^^^^^^^^^^^^^
  File "C:\Users\ASUS\AppData\Roaming\Python\Python314\site-packages\django\db\models\base.py", line 902, in save
    self.save_base(
    ~~~~~~~~~~~~~~^
        using=using,
        ^^^^^^^^^^^^
    ...<2 lines>...
        update_fields=update_fields,
        ^^^^^^^^^^^^^^^^^^^^^^^^^^^^
    )
    ^
  File "C:\Users\ASUS\AppData\Roaming\Python\Python314\site-packages\django\db\models\base.py", line 1008, in save_base
    updated = self._save_table(
        raw,
    ...<4 lines>...
        update_fields,
    )
  File "C:\Users\ASUS\AppData\Roaming\Python\Python314\site-packages\django\db\models\base.py", line 1169, in _save_table
    results = self._do_insert(
        cls._base_manager, using, fields, returning_fields, raw
    )
  File "C:\Users\ASUS\AppData\Roaming\Python\Python314\site-packages\django\db\models\base.py", line 1210, in _do_insert
    return manager._insert(
           ~~~~~~~~~~~~~~~^
        [self],
        ^^^^^^^
    ...<3 lines>...
        raw=raw,
        ^^^^^^^^
    )
    ^
  File "C:\Users\ASUS\AppData\Roaming\Python\Python314\site-packages\django\db\models\manager.py", line 87, in manager_method
    return getattr(self.get_queryset(), name)(*args, **kwargs)
           ~~~~~~~~~~~~~~~~~~~~~~~~~~~~~~~~~~^^^^^^^^^^^^^^^^^
  File "C:\Users\ASUS\AppData\Roaming\Python\Python314\site-packages\django\db\models\query.py", line 1873, in _insert
    return query.get_compiler(using=using).execute_sql(returning_fields)
           ~~~~~~~~~~~~~~~~~~~~~~~~~~~~~~~~~~~~~~~~~~~^^^^^^^^^^^^^^^^^^
  File "C:\Users\ASUS\AppData\Roaming\Python\Python314\site-packages\django\db\models\sql\compiler.py", line 1882, in execute_sql
    cursor.execute(sql, params)
    ~~~~~~~~~~~~~~^^^^^^^^^^^^^
  File "C:\Users\ASUS\AppData\Roaming\Python\Python314\site-packages\django\db\backends\utils.py", line 122, in execute
    return super().execute(sql, params)
           ~~~~~~~~~~~~~~~^^^^^^^^^^^^^
  File "C:\Users\ASUS\AppData\Roaming\Python\Python314\site-packages\django\db\backends\utils.py", line 79, in execute
    return self._execute_with_wrappers(
           ~~~~~~~~~~~~~~~~~~~~~~~~~~~^
        sql, params, many=False, executor=self._execute
        ^^^^^^^^^^^^^^^^^^^^^^^^^^^^^^^^^^^^^^^^^^^^^^^
    )
    ^
  File "C:\Users\ASUS\AppData\Roaming\Python\Python314\site-packages\django\db\backends\utils.py", line 92, in _execute_with_wrappers
    return executor(sql, params, many, context)
  File "C:\Users\ASUS\AppData\Roaming\Python\Python314\site-packages\django\db\backends\utils.py", line 100, in _execute
    with self.db.wrap_database_errors:
         ^^^^^^^^^^^^^^^^^^^^^^^^^^^^
  File "C:\Users\ASUS\AppData\Roaming\Python\Python314\site-packages\django\db\utils.py", line 91, in __exit__
    raise dj_exc_value.with_traceback(traceback) from exc_value
  File "C:\Users\ASUS\AppData\Roaming\Python\Python314\site-packages\django\db\backends\utils.py", line 105, in _execute
    return self.cursor.execute(sql, params)
           ~~~~~~~~~~~~~~~~~~~^^^^^^^^^^^^^
  File "C:\Users\ASUS\AppData\Roaming\Python\Python314\site-packages\django\db\backends\sqlite3\base.py", line 360, in execute
    return super().execute(query, params)
           ~~~~~~~~~~~~~~~^^^^^^^^^^^^^^^
django.db.utils.IntegrityError: UNIQUE constraint failed: registrations_studentapplication.application_number
Internal Server Error: /api/auto-save/
Traceback (most recent call last):
  File "C:\Users\ASUS\AppData\Roaming\Python\Python314\site-packages\django\db\backends\utils.py", line 105, in _execute
    return self.cursor.execute(sql, params)
           ~~~~~~~~~~~~~~~~~~~^^^^^^^^^^^^^
  File "C:\Users\ASUS\AppData\Roaming\Python\Python314\site-packages\django\db\backends\sqlite3\base.py", line 360, in execute
    return super().execute(query, params)
           ~~~~~~~~~~~~~~~^^^^^^^^^^^^^^^
sqlite3.IntegrityError: UNIQUE constraint failed: registrations_studentapplication.application_number

The above exception was the direct cause of the following exception:

Traceback (most recent call last):
  File "C:\Users\ASUS\AppData\Roaming\Python\Python314\site-packages\django\core\handlers\exception.py", line 55, in inner
    response = get_response(request)
  File "C:\Users\ASUS\AppData\Roaming\Python\Python314\site-packages\django\core\handlers\base.py", line 197, in _get_response
    response = wrapped_callback(request, *callback_args, **callback_kwargs)
  File "C:\Users\ASUS\Downloads\TRAINING PROJECT\TRAINING PROJECT\registrations\views.py", line 689, in auto_save_field
    app = StudentApplication.objects.create(status=status_obj)
  File "C:\Users\ASUS\AppData\Roaming\Python\Python314\site-packages\django\db\models\manager.py", line 87, in manager_method
    return getattr(self.get_queryset(), name)(*args, **kwargs)
           ~~~~~~~~~~~~~~~~~~~~~~~~~~~~~~~~~~^^^^^^^^^^^^^^^^^
  File "C:\Users\ASUS\AppData\Roaming\Python\Python314\site-packages\django\db\models\query.py", line 665, in create
    obj.save(force_insert=True, using=self.db)
    ~~~~~~~~^^^^^^^^^^^^^^^^^^^^^^^^^^^^^^^^^^
  File "C:\Users\ASUS\AppData\Roaming\Python\Python314\site-packages\django\db\models\base.py", line 902, in save
    self.save_base(
    ~~~~~~~~~~~~~~^
        using=using,
        ^^^^^^^^^^^^
    ...<2 lines>...
        update_fields=update_fields,
        ^^^^^^^^^^^^^^^^^^^^^^^^^^^^
    )
    ^
  File "C:\Users\ASUS\AppData\Roaming\Python\Python314\site-packages\django\db\models\base.py", line 1008, in save_base
    updated = self._save_table(
        raw,
    ...<4 lines>...
        update_fields,
    )
  File "C:\Users\ASUS\AppData\Roaming\Python\Python314\site-packages\django\db\models\base.py", line 1169, in _save_table
    results = self._do_insert(
        cls._base_manager, using, fields, returning_fields, raw
    )
  File "C:\Users\ASUS\AppData\Roaming\Python\Python314\site-packages\django\db\models\base.py", line 1210, in _do_insert
    return manager._insert(
           ~~~~~~~~~~~~~~~^
        [self],
        ^^^^^^^
    ...<3 lines>...
        raw=raw,
        ^^^^^^^^
    )
    ^
  File "C:\Users\ASUS\AppData\Roaming\Python\Python314\site-packages\django\db\models\manager.py", line 87, in manager_method
    return getattr(self.get_queryset(), name)(*args, **kwargs)
           ~~~~~~~~~~~~~~~~~~~~~~~~~~~~~~~~~~^^^^^^^^^^^^^^^^^
  File "C:\Users\ASUS\AppData\Roaming\Python\Python314\site-packages\django\db\models\query.py", line 1873, in _insert
    return query.get_compiler(using=using).execute_sql(returning_fields)
           ~~~~~~~~~~~~~~~~~~~~~~~~~~~~~~~~~~~~~~~~~~~^^^^^^^^^^^^^^^^^^
  File "C:\Users\ASUS\AppData\Roaming\Python\Python314\site-packages\django\db\models\sql\compiler.py", line 1882, in execute_sql
    cursor.execute(sql, params)
    ~~~~~~~~~~~~~~^^^^^^^^^^^^^
  File "C:\Users\ASUS\AppData\Roaming\Python\Python314\site-packages\django\db\backends\utils.py", line 122, in execute
    return super().execute(sql, params)
           ~~~~~~~~~~~~~~~^^^^^^^^^^^^^
  File "C:\Users\ASUS\AppData\Roaming\Python\Python314\site-packages\django\db\backends\utils.py", line 79, in execute
    return self._execute_with_wrappers(
           ~~~~~~~~~~~~~~~~~~~~~~~~~~~^
        sql, params, many=False, executor=self._execute
        ^^^^^^^^^^^^^^^^^^^^^^^^^^^^^^^^^^^^^^^^^^^^^^^
    )
    ^
  File "C:\Users\ASUS\AppData\Roaming\Python\Python314\site-packages\django\db\backends\utils.py", line 92, in _execute_with_wrappers
    return executor(sql, params, many, context)
  File "C:\Users\ASUS\AppData\Roaming\Python\Python314\site-packages\django\db\backends\utils.py", line 100, in _execute
    with self.db.wrap_database_errors:
         ^^^^^^^^^^^^^^^^^^^^^^^^^^^^
  File "C:\Users\ASUS\AppData\Roaming\Python\Python314\site-packages\django\db\utils.py", line 91, in __exit__
    raise dj_exc_value.with_traceback(traceback) from exc_value
  File "C:\Users\ASUS\AppData\Roaming\Python\Python314\site-packages\django\db\backends\utils.py", line 105, in _execute
    return self.cursor.execute(sql, params)
           ~~~~~~~~~~~~~~~~~~~^^^^^^^^^^^^^
  File "C:\Users\ASUS\AppData\Roaming\Python\Python314\site-packages\django\db\backends\sqlite3\base.py", line 360, in execute
    return super().execute(query, params)
           ~~~~~~~~~~~~~~~^^^^^^^^^^^^^^^
django.db.utils.IntegrityError: UNIQUE constraint failed: registrations_studentapplication.application_number
Internal Server Error: /api/auto-save/
Traceback (most recent call last):
  File "C:\Users\ASUS\AppData\Roaming\Python\Python314\site-packages\django\db\backends\utils.py", line 105, in _execute
    return self.cursor.execute(sql, params)
           ~~~~~~~~~~~~~~~~~~~^^^^^^^^^^^^^
  File "C:\Users\ASUS\AppData\Roaming\Python\Python314\site-packages\django\db\backends\sqlite3\base.py", line 360, in execute
    return super().execute(query, params)
           ~~~~~~~~~~~~~~~^^^^^^^^^^^^^^^
sqlite3.IntegrityError: UNIQUE constraint failed: registrations_studentapplication.application_number

The above exception was the direct cause of the following exception:

Traceback (most recent call last):
  File "C:\Users\ASUS\AppData\Roaming\Python\Python314\site-packages\django\core\handlers\exception.py", line 55, in inner
    response = get_response(request)
  File "C:\Users\ASUS\AppData\Roaming\Python\Python314\site-packages\django\core\handlers\base.py", line 197, in _get_response
    response = wrapped_callback(request, *callback_args, **callback_kwargs)
  File "C:\Users\ASUS\Downloads\TRAINING PROJECT\TRAINING PROJECT\registrations\views.py", line 689, in auto_save_field
    app = StudentApplication.objects.create(status=status_obj)
  File "C:\Users\ASUS\AppData\Roaming\Python\Python314\site-packages\django\db\models\manager.py", line 87, in manager_method
    return getattr(self.get_queryset(), name)(*args, **kwargs)
           ~~~~~~~~~~~~~~~~~~~~~~~~~~~~~~~~~~^^^^^^^^^^^^^^^^^
  File "C:\Users\ASUS\AppData\Roaming\Python\Python314\site-packages\django\db\models\query.py", line 665, in create
    obj.save(force_insert=True, using=self.db)
    ~~~~~~~~^^^^^^^^^^^^^^^^^^^^^^^^^^^^^^^^^^
  File "C:\Users\ASUS\AppData\Roaming\Python\Python314\site-packages\django\db\models\base.py", line 902, in save
    self.save_base(
    ~~~~~~~~~~~~~~^
        using=using,
        ^^^^^^^^^^^^
    ...<2 lines>...
        update_fields=update_fields,
        ^^^^^^^^^^^^^^^^^^^^^^^^^^^^
    )
    ^
  File "C:\Users\ASUS\AppData\Roaming\Python\Python314\site-packages\django\db\models\base.py", line 1008, in save_base
    updated = self._save_table(
        raw,
    ...<4 lines>...
        update_fields,
    )
  File "C:\Users\ASUS\AppData\Roaming\Python\Python314\site-packages\django\db\models\base.py", line 1169, in _save_table
    results = self._do_insert(
        cls._base_manager, using, fields, returning_fields, raw
    )
  File "C:\Users\ASUS\AppData\Roaming\Python\Python314\site-packages\django\db\models\base.py", line 1210, in _do_insert
    return manager._insert(
           ~~~~~~~~~~~~~~~^
        [self],
        ^^^^^^^
    ...<3 lines>...
        raw=raw,
        ^^^^^^^^
    )
    ^
  File "C:\Users\ASUS\AppData\Roaming\Python\Python314\site-packages\django\db\models\manager.py", line 87, in manager_method
    return getattr(self.get_queryset(), name)(*args, **kwargs)
           ~~~~~~~~~~~~~~~~~~~~~~~~~~~~~~~~~~^^^^^^^^^^^^^^^^^
  File "C:\Users\ASUS\AppData\Roaming\Python\Python314\site-packages\django\db\models\query.py", line 1873, in _insert
    return query.get_compiler(using=using).execute_sql(returning_fields)
           ~~~~~~~~~~~~~~~~~~~~~~~~~~~~~~~~~~~~~~~~~~~^^^^^^^^^^^^^^^^^^
  File "C:\Users\ASUS\AppData\Roaming\Python\Python314\site-packages\django\db\models\sql\compiler.py", line 1882, in execute_sql
    cursor.execute(sql, params)
    ~~~~~~~~~~~~~~^^^^^^^^^^^^^
  File "C:\Users\ASUS\AppData\Roaming\Python\Python314\site-packages\django\db\backends\utils.py", line 122, in execute
    return super().execute(sql, params)
           ~~~~~~~~~~~~~~~^^^^^^^^^^^^^
  File "C:\Users\ASUS\AppData\Roaming\Python\Python314\site-packages\django\db\backends\utils.py", line 79, in execute
    return self._execute_with_wrappers(
           ~~~~~~~~~~~~~~~~~~~~~~~~~~~^
        sql, params, many=False, executor=self._execute
        ^^^^^^^^^^^^^^^^^^^^^^^^^^^^^^^^^^^^^^^^^^^^^^^
    )
    ^
  File "C:\Users\ASUS\AppData\Roaming\Python\Python314\site-packages\django\db\backends\utils.py", line 92, in _execute_with_wrappers
    return executor(sql, params, many, context)
  File "C:\Users\ASUS\AppData\Roaming\Python\Python314\site-packages\django\db\backends\utils.py", line 100, in _execute
    with self.db.wrap_database_errors:
         ^^^^^^^^^^^^^^^^^^^^^^^^^^^^
  File "C:\Users\ASUS\AppData\Roaming\Python\Python314\site-packages\django\db\utils.py", line 91, in __exit__
    raise dj_exc_value.with_traceback(traceback) from exc_value
  File "C:\Users\ASUS\AppData\Roaming\Python\Python314\site-packages\django\db\backends\utils.py", line 105, in _execute
    return self.cursor.execute(sql, params)
           ~~~~~~~~~~~~~~~~~~~^^^^^^^^^^^^^
  File "C:\Users\ASUS\AppData\Roaming\Python\Python314\site-packages\django\db\backends\sqlite3\base.py", line 360, in execute
    return super().execute(query, params)
           ~~~~~~~~~~~~~~~^^^^^^^^^^^^^^^
django.db.utils.IntegrityError: UNIQUE constraint failed: registrations_studentapplication.application_number
Internal Server Error: /api/auto-save/
Traceback (most recent call last):
  File "C:\Users\ASUS\AppData\Roaming\Python\Python314\site-packages\django\db\backends\utils.py", line 105, in _execute
    return self.cursor.execute(sql, params)
           ~~~~~~~~~~~~~~~~~~~^^^^^^^^^^^^^
  File "C:\Users\ASUS\AppData\Roaming\Python\Python314\site-packages\django\db\backends\sqlite3\base.py", line 360, in execute
    return super().execute(query, params)
           ~~~~~~~~~~~~~~~^^^^^^^^^^^^^^^
sqlite3.IntegrityError: UNIQUE constraint failed: registrations_studentapplication.application_number

The above exception was the direct cause of the following exception:

Traceback (most recent call last):
  File "C:\Users\ASUS\AppData\Roaming\Python\Python314\site-packages\django\core\handlers\exception.py", line 55, in inner
    response = get_response(request)
  File "C:\Users\ASUS\AppData\Roaming\Python\Python314\site-packages\django\core\handlers\base.py", line 197, in _get_response
    response = wrapped_callback(request, *callback_args, **callback_kwargs)
  File "C:\Users\ASUS\Downloads\TRAINING PROJECT\TRAINING PROJECT\registrations\views.py", line 689, in auto_save_field
    app = StudentApplication.objects.create(status=status_obj)
  File "C:\Users\ASUS\AppData\Roaming\Python\Python314\site-packages\django\db\models\manager.py", line 87, in manager_method
    return getattr(self.get_queryset(), name)(*args, **kwargs)
           ~~~~~~~~~~~~~~~~~~~~~~~~~~~~~~~~~~^^^^^^^^^^^^^^^^^
  File "C:\Users\ASUS\AppData\Roaming\Python\Python314\site-packages\django\db\models\query.py", line 665, in create
    obj.save(force_insert=True, using=self.db)
    ~~~~~~~~^^^^^^^^^^^^^^^^^^^^^^^^^^^^^^^^^^
  File "C:\Users\ASUS\AppData\Roaming\Python\Python314\site-packages\django\db\models\base.py", line 902, in save
    self.save_base(
    ~~~~~~~~~~~~~~^
        using=using,
        ^^^^^^^^^^^^
    ...<2 lines>...
        update_fields=update_fields,
        ^^^^^^^^^^^^^^^^^^^^^^^^^^^^
    )
    ^
  File "C:\Users\ASUS\AppData\Roaming\Python\Python314\site-packages\django\db\models\base.py", line 1008, in save_base
    updated = self._save_table(
        raw,
    ...<4 lines>...
        update_fields,
    )
  File "C:\Users\ASUS\AppData\Roaming\Python\Python314\site-packages\django\db\models\base.py", line 1169, in _save_table
    results = self._do_insert(
        cls._base_manager, using, fields, returning_fields, raw
    )
  File "C:\Users\ASUS\AppData\Roaming\Python\Python314\site-packages\django\db\models\base.py", line 1210, in _do_insert
    return manager._insert(
           ~~~~~~~~~~~~~~~^
        [self],
        ^^^^^^^
    ...<3 lines>...
        raw=raw,
        ^^^^^^^^
    )
    ^
  File "C:\Users\ASUS\AppData\Roaming\Python\Python314\site-packages\django\db\models\manager.py", line 87, in manager_method
    return getattr(self.get_queryset(), name)(*args, **kwargs)
           ~~~~~~~~~~~~~~~~~~~~~~~~~~~~~~~~~~^^^^^^^^^^^^^^^^^
  File "C:\Users\ASUS\AppData\Roaming\Python\Python314\site-packages\django\db\models\query.py", line 1873, in _insert
    return query.get_compiler(using=using).execute_sql(returning_fields)
           ~~~~~~~~~~~~~~~~~~~~~~~~~~~~~~~~~~~~~~~~~~~^^^^^^^^^^^^^^^^^^
  File "C:\Users\ASUS\AppData\Roaming\Python\Python314\site-packages\django\db\models\sql\compiler.py", line 1882, in execute_sql
    cursor.execute(sql, params)
    ~~~~~~~~~~~~~~^^^^^^^^^^^^^
  File "C:\Users\ASUS\AppData\Roaming\Python\Python314\site-packages\django\db\backends\utils.py", line 122, in execute
    return super().execute(sql, params)
           ~~~~~~~~~~~~~~~^^^^^^^^^^^^^
  File "C:\Users\ASUS\AppData\Roaming\Python\Python314\site-packages\django\db\backends\utils.py", line 79, in execute
    return self._execute_with_wrappers(
           ~~~~~~~~~~~~~~~~~~~~~~~~~~~^
        sql, params, many=False, executor=self._execute
        ^^^^^^^^^^^^^^^^^^^^^^^^^^^^^^^^^^^^^^^^^^^^^^^
    )
    ^
  File "C:\Users\ASUS\AppData\Roaming\Python\Python314\site-packages\django\db\backends\utils.py", line 92, in _execute_with_wrappers
    return executor(sql, params, many, context)
  File "C:\Users\ASUS\AppData\Roaming\Python\Python314\site-packages\django\db\backends\utils.py", line 100, in _execute
    with self.db.wrap_database_errors:
         ^^^^^^^^^^^^^^^^^^^^^^^^^^^^
  File "C:\Users\ASUS\AppData\Roaming\Python\Python314\site-packages\django\db\utils.py", line 91, in __exit__
    raise dj_exc_value.with_traceback(traceback) from exc_value
  File "C:\Users\ASUS\AppData\Roaming\Python\Python314\site-packages\django\db\backends\utils.py", line 105, in _execute
    return self.cursor.execute(sql, params)
           ~~~~~~~~~~~~~~~~~~~^^^^^^^^^^^^^
  File "C:\Users\ASUS\AppData\Roaming\Python\Python314\site-packages\django\db\backends\sqlite3\base.py", line 360, in execute
    return super().execute(query, params)
           ~~~~~~~~~~~~~~~^^^^^^^^^^^^^^^
django.db.utils.IntegrityError: UNIQUE constraint failed: registrations_studentapplication.application_number
Internal Server Error: /api/auto-save/
Traceback (most recent call last):
  File "C:\Users\ASUS\AppData\Roaming\Python\Python314\site-packages\django\db\backends\utils.py", line 105, in _execute
    return self.cursor.execute(sql, params)
           ~~~~~~~~~~~~~~~~~~~^^^^^^^^^^^^^
  File "C:\Users\ASUS\AppData\Roaming\Python\Python314\site-packages\django\db\backends\sqlite3\base.py", line 360, in execute
    return super().execute(query, params)
           ~~~~~~~~~~~~~~~^^^^^^^^^^^^^^^
sqlite3.IntegrityError: UNIQUE constraint failed: registrations_studentapplication.application_number

The above exception was the direct cause of the following exception:

Traceback (most recent call last):
  File "C:\Users\ASUS\AppData\Roaming\Python\Python314\site-packages\django\core\handlers\exception.py", line 55, in inner
    response = get_response(request)
  File "C:\Users\ASUS\AppData\Roaming\Python\Python314\site-packages\django\core\handlers\base.py", line 197, in _get_response
    response = wrapped_callback(request, *callback_args, **callback_kwargs)
  File "C:\Users\ASUS\Downloads\TRAINING PROJECT\TRAINING PROJECT\registrations\views.py", line 689, in auto_save_field
    app = StudentApplication.objects.create(status=status_obj)
  File "C:\Users\ASUS\AppData\Roaming\Python\Python314\site-packages\django\db\models\manager.py", line 87, in manager_method
    return getattr(self.get_queryset(), name)(*args, **kwargs)
           ~~~~~~~~~~~~~~~~~~~~~~~~~~~~~~~~~~^^^^^^^^^^^^^^^^^
  File "C:\Users\ASUS\AppData\Roaming\Python\Python314\site-packages\django\db\models\query.py", line 665, in create
    obj.save(force_insert=True, using=self.db)
    ~~~~~~~~^^^^^^^^^^^^^^^^^^^^^^^^^^^^^^^^^^
  File "C:\Users\ASUS\AppData\Roaming\Python\Python314\site-packages\django\db\models\base.py", line 902, in save
    self.save_base(
    ~~~~~~~~~~~~~~^
        using=using,
        ^^^^^^^^^^^^
    ...<2 lines>...
        update_fields=update_fields,
        ^^^^^^^^^^^^^^^^^^^^^^^^^^^^
    )
    ^
  File "C:\Users\ASUS\AppData\Roaming\Python\Python314\site-packages\django\db\models\base.py", line 1008, in save_base
    updated = self._save_table(
        raw,
    ...<4 lines>...
        update_fields,
    )
  File "C:\Users\ASUS\AppData\Roaming\Python\Python314\site-packages\django\db\models\base.py", line 1169, in _save_table
    results = self._do_insert(
        cls._base_manager, using, fields, returning_fields, raw
    )
  File "C:\Users\ASUS\AppData\Roaming\Python\Python314\site-packages\django\db\models\base.py", line 1210, in _do_insert
    return manager._insert(
           ~~~~~~~~~~~~~~~^
        [self],
        ^^^^^^^
    ...<3 lines>...
        raw=raw,
        ^^^^^^^^
    )
    ^
  File "C:\Users\ASUS\AppData\Roaming\Python\Python314\site-packages\django\db\models\manager.py", line 87, in manager_method
    return getattr(self.get_queryset(), name)(*args, **kwargs)
           ~~~~~~~~~~~~~~~~~~~~~~~~~~~~~~~~~~^^^^^^^^^^^^^^^^^
  File "C:\Users\ASUS\AppData\Roaming\Python\Python314\site-packages\django\db\models\query.py", line 1873, in _insert
    return query.get_compiler(using=using).execute_sql(returning_fields)
           ~~~~~~~~~~~~~~~~~~~~~~~~~~~~~~~~~~~~~~~~~~~^^^^^^^^^^^^^^^^^^
  File "C:\Users\ASUS\AppData\Roaming\Python\Python314\site-packages\django\db\models\sql\compiler.py", line 1882, in execute_sql
    cursor.execute(sql, params)
    ~~~~~~~~~~~~~~^^^^^^^^^^^^^
  File "C:\Users\ASUS\AppData\Roaming\Python\Python314\site-packages\django\db\backends\utils.py", line 122, in execute
    return super().execute(sql, params)
           ~~~~~~~~~~~~~~~^^^^^^^^^^^^^
  File "C:\Users\ASUS\AppData\Roaming\Python\Python314\site-packages\django\db\backends\utils.py", line 79, in execute
    return self._execute_with_wrappers(
           ~~~~~~~~~~~~~~~~~~~~~~~~~~~^
        sql, params, many=False, executor=self._execute
        ^^^^^^^^^^^^^^^^^^^^^^^^^^^^^^^^^^^^^^^^^^^^^^^
    )
    ^
  File "C:\Users\ASUS\AppData\Roaming\Python\Python314\site-packages\django\db\backends\utils.py", line 92, in _execute_with_wrappers
    return executor(sql, params, many, context)
  File "C:\Users\ASUS\AppData\Roaming\Python\Python314\site-packages\django\db\backends\utils.py", line 100, in _execute
    with self.db.wrap_database_errors:
         ^^^^^^^^^^^^^^^^^^^^^^^^^^^^
  File "C:\Users\ASUS\AppData\Roaming\Python\Python314\site-packages\django\db\utils.py", line 91, in __exit__
    raise dj_exc_value.with_traceback(traceback) from exc_value
  File "C:\Users\ASUS\AppData\Roaming\Python\Python314\site-packages\django\db\backends\utils.py", line 105, in _execute
    return self.cursor.execute(sql, params)
           ~~~~~~~~~~~~~~~~~~~^^^^^^^^^^^^^
  File "C:\Users\ASUS\AppData\Roaming\Python\Python314\site-packages\django\db\backends\sqlite3\base.py", line 360, in execute
    return super().execute(query, params)
           ~~~~~~~~~~~~~~~^^^^^^^^^^^^^^^
django.db.utils.IntegrityError: UNIQUE constraint failed: registrations_studentapplication.application_number
Internal Server Error: /api/auto-save/
Traceback (most recent call last):
  File "C:\Users\ASUS\AppData\Roaming\Python\Python314\site-packages\django\db\backends\utils.py", line 105, in _execute
    return self.cursor.execute(sql, params)
           ~~~~~~~~~~~~~~~~~~~^^^^^^^^^^^^^
  File "C:\Users\ASUS\AppData\Roaming\Python\Python314\site-packages\django\db\backends\sqlite3\base.py", line 360, in execute
    return super().execute(query, params)
           ~~~~~~~~~~~~~~~^^^^^^^^^^^^^^^
sqlite3.IntegrityError: UNIQUE constraint failed: registrations_studentapplication.application_number

The above exception was the direct cause of the following exception:

Traceback (most recent call last):
  File "C:\Users\ASUS\AppData\Roaming\Python\Python314\site-packages\django\core\handlers\exception.py", line 55, in inner
    response = get_response(request)
  File "C:\Users\ASUS\AppData\Roaming\Python\Python314\site-packages\django\core\handlers\base.py", line 197, in _get_response
    response = wrapped_callback(request, *callback_args, **callback_kwargs)
  File "C:\Users\ASUS\Downloads\TRAINING PROJECT\TRAINING PROJECT\registrations\views.py", line 689, in auto_save_field
    app = StudentApplication.objects.create(status=status_obj)
  File "C:\Users\ASUS\AppData\Roaming\Python\Python314\site-packages\django\db\models\manager.py", line 87, in manager_method
    return getattr(self.get_queryset(), name)(*args, **kwargs)
           ~~~~~~~~~~~~~~~~~~~~~~~~~~~~~~~~~~^^^^^^^^^^^^^^^^^
  File "C:\Users\ASUS\AppData\Roaming\Python\Python314\site-packages\django\db\models\query.py", line 665, in create
    obj.save(force_insert=True, using=self.db)
    ~~~~~~~~^^^^^^^^^^^^^^^^^^^^^^^^^^^^^^^^^^
  File "C:\Users\ASUS\AppData\Roaming\Python\Python314\site-packages\django\db\models\base.py", line 902, in save
    self.save_base(
    ~~~~~~~~~~~~~~^
        using=using,
        ^^^^^^^^^^^^
    ...<2 lines>...
        update_fields=update_fields,
        ^^^^^^^^^^^^^^^^^^^^^^^^^^^^
    )
    ^
  File "C:\Users\ASUS\AppData\Roaming\Python\Python314\site-packages\django\db\models\base.py", line 1008, in save_base
    updated = self._save_table(
        raw,
    ...<4 lines>...
        update_fields,
    )
  File "C:\Users\ASUS\AppData\Roaming\Python\Python314\site-packages\django\db\models\base.py", line 1169, in _save_table
    results = self._do_insert(
        cls._base_manager, using, fields, returning_fields, raw
    )
  File "C:\Users\ASUS\AppData\Roaming\Python\Python314\site-packages\django\db\models\base.py", line 1210, in _do_insert
    return manager._insert(
           ~~~~~~~~~~~~~~~^
        [self],
        ^^^^^^^
    ...<3 lines>...
        raw=raw,
        ^^^^^^^^
    )
    ^
  File "C:\Users\ASUS\AppData\Roaming\Python\Python314\site-packages\django\db\models\manager.py", line 87, in manager_method
    return getattr(self.get_queryset(), name)(*args, **kwargs)
           ~~~~~~~~~~~~~~~~~~~~~~~~~~~~~~~~~~^^^^^^^^^^^^^^^^^
  File "C:\Users\ASUS\AppData\Roaming\Python\Python314\site-packages\django\db\models\query.py", line 1873, in _insert
    return query.get_compiler(using=using).execute_sql(returning_fields)
           ~~~~~~~~~~~~~~~~~~~~~~~~~~~~~~~~~~~~~~~~~~~^^^^^^^^^^^^^^^^^^
  File "C:\Users\ASUS\AppData\Roaming\Python\Python314\site-packages\django\db\models\sql\compiler.py", line 1882, in execute_sql
    cursor.execute(sql, params)
    ~~~~~~~~~~~~~~^^^^^^^^^^^^^
  File "C:\Users\ASUS\AppData\Roaming\Python\Python314\site-packages\django\db\backends\utils.py", line 122, in execute
    return super().execute(sql, params)
           ~~~~~~~~~~~~~~~^^^^^^^^^^^^^
  File "C:\Users\ASUS\AppData\Roaming\Python\Python314\site-packages\django\db\backends\utils.py", line 79, in execute
    return self._execute_with_wrappers(
           ~~~~~~~~~~~~~~~~~~~~~~~~~~~^
        sql, params, many=False, executor=self._execute
        ^^^^^^^^^^^^^^^^^^^^^^^^^^^^^^^^^^^^^^^^^^^^^^^
    )
    ^
  File "C:\Users\ASUS\AppData\Roaming\Python\Python314\site-packages\django\db\backends\utils.py", line 92, in _execute_with_wrappers
    return executor(sql, params, many, context)
  File "C:\Users\ASUS\AppData\Roaming\Python\Python314\site-packages\django\db\backends\utils.py", line 100, in _execute
    with self.db.wrap_database_errors:
         ^^^^^^^^^^^^^^^^^^^^^^^^^^^^
  File "C:\Users\ASUS\AppData\Roaming\Python\Python314\site-packages\django\db\utils.py", line 91, in __exit__
    raise dj_exc_value.with_traceback(traceback) from exc_value
  File "C:\Users\ASUS\AppData\Roaming\Python\Python314\site-packages\django\db\backends\utils.py", line 105, in _execute
    return self.cursor.execute(sql, params)
           ~~~~~~~~~~~~~~~~~~~^^^^^^^^^^^^^
  File "C:\Users\ASUS\AppData\Roaming\Python\Python314\site-packages\django\db\backends\sqlite3\base.py", line 360, in execute
    return super().execute(query, params)
           ~~~~~~~~~~~~~~~^^^^^^^^^^^^^^^
django.db.utils.IntegrityError: UNIQUE constraint failed: registrations_studentapplication.application_number
Internal Server Error: /api/auto-save/
Traceback (most recent call last):
  File "C:\Users\ASUS\AppData\Roaming\Python\Python314\site-packages\django\db\backends\utils.py", line 105, in _execute
    return self.cursor.execute(sql, params)
           ~~~~~~~~~~~~~~~~~~~^^^^^^^^^^^^^
  File "C:\Users\ASUS\AppData\Roaming\Python\Python314\site-packages\django\db\backends\sqlite3\base.py", line 360, in execute
    return super().execute(query, params)
           ~~~~~~~~~~~~~~~^^^^^^^^^^^^^^^
sqlite3.IntegrityError: UNIQUE constraint failed: registrations_studentapplication.application_number

The above exception was the direct cause of the following exception:

Traceback (most recent call last):
  File "C:\Users\ASUS\AppData\Roaming\Python\Python314\site-packages\django\core\handlers\exception.py", line 55, in inner
    response = get_response(request)
  File "C:\Users\ASUS\AppData\Roaming\Python\Python314\site-packages\django\core\handlers\base.py", line 197, in _get_response
    response = wrapped_callback(request, *callback_args, **callback_kwargs)
  File "C:\Users\ASUS\Downloads\TRAINING PROJECT\TRAINING PROJECT\registrations\views.py", line 689, in auto_save_field
    app = StudentApplication.objects.create(status=status_obj)
  File "C:\Users\ASUS\AppData\Roaming\Python\Python314\site-packages\django\db\models\manager.py", line 87, in manager_method
    return getattr(self.get_queryset(), name)(*args, **kwargs)
           ~~~~~~~~~~~~~~~~~~~~~~~~~~~~~~~~~~^^^^^^^^^^^^^^^^^
  File "C:\Users\ASUS\AppData\Roaming\Python\Python314\site-packages\django\db\models\query.py", line 665, in create
    obj.save(force_insert=True, using=self.db)
    ~~~~~~~~^^^^^^^^^^^^^^^^^^^^^^^^^^^^^^^^^^
  File "C:\Users\ASUS\AppData\Roaming\Python\Python314\site-packages\django\db\models\base.py", line 902, in save
    self.save_base(
    ~~~~~~~~~~~~~~^
        using=using,
        ^^^^^^^^^^^^
    ...<2 lines>...
        update_fields=update_fields,
        ^^^^^^^^^^^^^^^^^^^^^^^^^^^^
    )
    ^
  File "C:\Users\ASUS\AppData\Roaming\Python\Python314\site-packages\django\db\models\base.py", line 1008, in save_base
    updated = self._save_table(
        raw,
    ...<4 lines>...
        update_fields,
    )
  File "C:\Users\ASUS\AppData\Roaming\Python\Python314\site-packages\django\db\models\base.py", line 1169, in _save_table
    results = self._do_insert(
        cls._base_manager, using, fields, returning_fields, raw
    )
  File "C:\Users\ASUS\AppData\Roaming\Python\Python314\site-packages\django\db\models\base.py", line 1210, in _do_insert
    return manager._insert(
           ~~~~~~~~~~~~~~~^
        [self],
        ^^^^^^^
    ...<3 lines>...
        raw=raw,
        ^^^^^^^^
    )
    ^
  File "C:\Users\ASUS\AppData\Roaming\Python\Python314\site-packages\django\db\models\manager.py", line 87, in manager_method
    return getattr(self.get_queryset(), name)(*args, **kwargs)
           ~~~~~~~~~~~~~~~~~~~~~~~~~~~~~~~~~~^^^^^^^^^^^^^^^^^
  File "C:\Users\ASUS\AppData\Roaming\Python\Python314\site-packages\django\db\models\query.py", line 1873, in _insert
    return query.get_compiler(using=using).execute_sql(returning_fields)
           ~~~~~~~~~~~~~~~~~~~~~~~~~~~~~~~~~~~~~~~~~~~^^^^^^^^^^^^^^^^^^
  File "C:\Users\ASUS\AppData\Roaming\Python\Python314\site-packages\django\db\models\sql\compiler.py", line 1882, in execute_sql
    cursor.execute(sql, params)
    ~~~~~~~~~~~~~~^^^^^^^^^^^^^
  File "C:\Users\ASUS\AppData\Roaming\Python\Python314\site-packages\django\db\backends\utils.py", line 122, in execute
    return super().execute(sql, params)
           ~~~~~~~~~~~~~~~^^^^^^^^^^^^^
  File "C:\Users\ASUS\AppData\Roaming\Python\Python314\site-packages\django\db\backends\utils.py", line 79, in execute
    return self._execute_with_wrappers(
           ~~~~~~~~~~~~~~~~~~~~~~~~~~~^
        sql, params, many=False, executor=self._execute
        ^^^^^^^^^^^^^^^^^^^^^^^^^^^^^^^^^^^^^^^^^^^^^^^
    )
    ^
  File "C:\Users\ASUS\AppData\Roaming\Python\Python314\site-packages\django\db\backends\utils.py", line 92, in _execute_with_wrappers
    return executor(sql, params, many, context)
  File "C:\Users\ASUS\AppData\Roaming\Python\Python314\site-packages\django\db\backends\utils.py", line 100, in _execute
    with self.db.wrap_database_errors:
         ^^^^^^^^^^^^^^^^^^^^^^^^^^^^
  File "C:\Users\ASUS\AppData\Roaming\Python\Python314\site-packages\django\db\utils.py", line 91, in __exit__
    raise dj_exc_value.with_traceback(traceback) from exc_value
  File "C:\Users\ASUS\AppData\Roaming\Python\Python314\site-packages\django\db\backends\utils.py", line 105, in _execute
    return self.cursor.execute(sql, params)
           ~~~~~~~~~~~~~~~~~~~^^^^^^^^^^^^^
  File "C:\Users\ASUS\AppData\Roaming\Python\Python314\site-packages\django\db\backends\sqlite3\base.py", line 360, in execute
    return super().execute(query, params)
           ~~~~~~~~~~~~~~~^^^^^^^^^^^^^^^
django.db.utils.IntegrityError: UNIQUE constraint failed: registrations_studentapplication.application_number
Internal Server Error: /api/auto-save/
Traceback (most recent call last):
  File "C:\Users\ASUS\AppData\Roaming\Python\Python314\site-packages\django\db\backends\utils.py", line 105, in _execute
    return self.cursor.execute(sql, params)
           ~~~~~~~~~~~~~~~~~~~^^^^^^^^^^^^^
  File "C:\Users\ASUS\AppData\Roaming\Python\Python314\site-packages\django\db\backends\sqlite3\base.py", line 360, in execute
    return super().execute(query, params)
           ~~~~~~~~~~~~~~~^^^^^^^^^^^^^^^
sqlite3.IntegrityError: UNIQUE constraint failed: registrations_studentapplication.application_number

The above exception was the direct cause of the following exception:

Traceback (most recent call last):
  File "C:\Users\ASUS\AppData\Roaming\Python\Python314\site-packages\django\core\handlers\exception.py", line 55, in inner
    response = get_response(request)
  File "C:\Users\ASUS\AppData\Roaming\Python\Python314\site-packages\django\core\handlers\base.py", line 197, in _get_response
    response = wrapped_callback(request, *callback_args, **callback_kwargs)
  File "C:\Users\ASUS\Downloads\TRAINING PROJECT\TRAINING PROJECT\registrations\views.py", line 689, in auto_save_field
    app = StudentApplication.objects.create(status=status_obj)
  File "C:\Users\ASUS\AppData\Roaming\Python\Python314\site-packages\django\db\models\manager.py", line 87, in manager_method
    return getattr(self.get_queryset(), name)(*args, **kwargs)
           ~~~~~~~~~~~~~~~~~~~~~~~~~~~~~~~~~~^^^^^^^^^^^^^^^^^
  File "C:\Users\ASUS\AppData\Roaming\Python\Python314\site-packages\django\db\models\query.py", line 665, in create
    obj.save(force_insert=True, using=self.db)
    ~~~~~~~~^^^^^^^^^^^^^^^^^^^^^^^^^^^^^^^^^^
  File "C:\Users\ASUS\AppData\Roaming\Python\Python314\site-packages\django\db\models\base.py", line 902, in save
    self.save_base(
    ~~~~~~~~~~~~~~^
        using=using,
        ^^^^^^^^^^^^
    ...<2 lines>...
        update_fields=update_fields,
        ^^^^^^^^^^^^^^^^^^^^^^^^^^^^
    )
    ^
  File "C:\Users\ASUS\AppData\Roaming\Python\Python314\site-packages\django\db\models\base.py", line 1008, in save_base
    updated = self._save_table(
        raw,
    ...<4 lines>...
        update_fields,
    )
  File "C:\Users\ASUS\AppData\Roaming\Python\Python314\site-packages\django\db\models\base.py", line 1169, in _save_table
    results = self._do_insert(
        cls._base_manager, using, fields, returning_fields, raw
    )
  File "C:\Users\ASUS\AppData\Roaming\Python\Python314\site-packages\django\db\models\base.py", line 1210, in _do_insert
    return manager._insert(
           ~~~~~~~~~~~~~~~^
        [self],
        ^^^^^^^
    ...<3 lines>...
        raw=raw,
        ^^^^^^^^
    )
    ^
  File "C:\Users\ASUS\AppData\Roaming\Python\Python314\site-packages\django\db\models\manager.py", line 87, in manager_method
    return getattr(self.get_queryset(), name)(*args, **kwargs)
           ~~~~~~~~~~~~~~~~~~~~~~~~~~~~~~~~~~^^^^^^^^^^^^^^^^^
  File "C:\Users\ASUS\AppData\Roaming\Python\Python314\site-packages\django\db\models\query.py", line 1873, in _insert
    return query.get_compiler(using=using).execute_sql(returning_fields)
           ~~~~~~~~~~~~~~~~~~~~~~~~~~~~~~~~~~~~~~~~~~~^^^^^^^^^^^^^^^^^^
  File "C:\Users\ASUS\AppData\Roaming\Python\Python314\site-packages\django\db\models\sql\compiler.py", line 1882, in execute_sql
    cursor.execute(sql, params)
    ~~~~~~~~~~~~~~^^^^^^^^^^^^^
  File "C:\Users\ASUS\AppData\Roaming\Python\Python314\site-packages\django\db\backends\utils.py", line 122, in execute
    return super().execute(sql, params)
           ~~~~~~~~~~~~~~~^^^^^^^^^^^^^
  File "C:\Users\ASUS\AppData\Roaming\Python\Python314\site-packages\django\db\backends\utils.py", line 79, in execute
    return self._execute_with_wrappers(
           ~~~~~~~~~~~~~~~~~~~~~~~~~~~^
        sql, params, many=False, executor=self._execute
        ^^^^^^^^^^^^^^^^^^^^^^^^^^^^^^^^^^^^^^^^^^^^^^^
    )
    ^
  File "C:\Users\ASUS\AppData\Roaming\Python\Python314\site-packages\django\db\backends\utils.py", line 92, in _execute_with_wrappers
    return executor(sql, params, many, context)
  File "C:\Users\ASUS\AppData\Roaming\Python\Python314\site-packages\django\db\backends\utils.py", line 100, in _execute
    with self.db.wrap_database_errors:
         ^^^^^^^^^^^^^^^^^^^^^^^^^^^^
  File "C:\Users\ASUS\AppData\Roaming\Python\Python314\site-packages\django\db\utils.py", line 91, in __exit__
    raise dj_exc_value.with_traceback(traceback) from exc_value
  File "C:\Users\ASUS\AppData\Roaming\Python\Python314\site-packages\django\db\backends\utils.py", line 105, in _execute
    return self.cursor.execute(sql, params)
           ~~~~~~~~~~~~~~~~~~~^^^^^^^^^^^^^
  File "C:\Users\ASUS\AppData\Roaming\Python\Python314\site-packages\django\db\backends\sqlite3\base.py", line 360, in execute
    return super().execute(query, params)
           ~~~~~~~~~~~~~~~^^^^^^^^^^^^^^^
django.db.utils.IntegrityError: UNIQUE constraint failed: registrations_studentapplication.application_number
Internal Server Error: /api/auto-save/
Traceback (most recent call last):
  File "C:\Users\ASUS\AppData\Roaming\Python\Python314\site-packages\django\db\backends\utils.py", line 105, in _execute
    return self.cursor.execute(sql, params)
           ~~~~~~~~~~~~~~~~~~~^^^^^^^^^^^^^
  File "C:\Users\ASUS\AppData\Roaming\Python\Python314\site-packages\django\db\backends\sqlite3\base.py", line 360, in execute
    return super().execute(query, params)
           ~~~~~~~~~~~~~~~^^^^^^^^^^^^^^^
sqlite3.IntegrityError: UNIQUE constraint failed: registrations_studentapplication.application_number

The above exception was the direct cause of the following exception:

Traceback (most recent call last):
  File "C:\Users\ASUS\AppData\Roaming\Python\Python314\site-packages\django\core\handlers\exception.py", line 55, in inner
    response = get_response(request)
  File "C:\Users\ASUS\AppData\Roaming\Python\Python314\site-packages\django\core\handlers\base.py", line 197, in _get_response
    response = wrapped_callback(request, *callback_args, **callback_kwargs)
  File "C:\Users\ASUS\Downloads\TRAINING PROJECT\TRAINING PROJECT\registrations\views.py", line 689, in auto_save_field
    app = StudentApplication.objects.create(status=status_obj)
  File "C:\Users\ASUS\AppData\Roaming\Python\Python314\site-packages\django\db\models\manager.py", line 87, in manager_method
    return getattr(self.get_queryset(), name)(*args, **kwargs)
           ~~~~~~~~~~~~~~~~~~~~~~~~~~~~~~~~~~^^^^^^^^^^^^^^^^^
  File "C:\Users\ASUS\AppData\Roaming\Python\Python314\site-packages\django\db\models\query.py", line 665, in create
    obj.save(force_insert=True, using=self.db)
    ~~~~~~~~^^^^^^^^^^^^^^^^^^^^^^^^^^^^^^^^^^
  File "C:\Users\ASUS\AppData\Roaming\Python\Python314\site-packages\django\db\models\base.py", line 902, in save
    self.save_base(
    ~~~~~~~~~~~~~~^
        using=using,
        ^^^^^^^^^^^^
    ...<2 lines>...
        update_fields=update_fields,
        ^^^^^^^^^^^^^^^^^^^^^^^^^^^^
    )
    ^
  File "C:\Users\ASUS\AppData\Roaming\Python\Python314\site-packages\django\db\models\base.py", line 1008, in save_base
    updated = self._save_table(
        raw,
    ...<4 lines>...
        update_fields,
    )
  File "C:\Users\ASUS\AppData\Roaming\Python\Python314\site-packages\django\db\models\base.py", line 1169, in _save_table
    results = self._do_insert(
        cls._base_manager, using, fields, returning_fields, raw
    )
  File "C:\Users\ASUS\AppData\Roaming\Python\Python314\site-packages\django\db\models\base.py", line 1210, in _do_insert
    return manager._insert(
           ~~~~~~~~~~~~~~~^
        [self],
        ^^^^^^^
    ...<3 lines>...
        raw=raw,
        ^^^^^^^^
    )
    ^
  File "C:\Users\ASUS\AppData\Roaming\Python\Python314\site-packages\django\db\models\manager.py", line 87, in manager_method
    return getattr(self.get_queryset(), name)(*args, **kwargs)
           ~~~~~~~~~~~~~~~~~~~~~~~~~~~~~~~~~~^^^^^^^^^^^^^^^^^
  File "C:\Users\ASUS\AppData\Roaming\Python\Python314\site-packages\django\db\models\query.py", line 1873, in _insert
    return query.get_compiler(using=using).execute_sql(returning_fields)
           ~~~~~~~~~~~~~~~~~~~~~~~~~~~~~~~~~~~~~~~~~~~^^^^^^^^^^^^^^^^^^
  File "C:\Users\ASUS\AppData\Roaming\Python\Python314\site-packages\django\db\models\sql\compiler.py", line 1882, in execute_sql
    cursor.execute(sql, params)
    ~~~~~~~~~~~~~~^^^^^^^^^^^^^
  File "C:\Users\ASUS\AppData\Roaming\Python\Python314\site-packages\django\db\backends\utils.py", line 122, in execute
    return super().execute(sql, params)
           ~~~~~~~~~~~~~~~^^^^^^^^^^^^^
  File "C:\Users\ASUS\AppData\Roaming\Python\Python314\site-packages\django\db\backends\utils.py", line 79, in execute
    return self._execute_with_wrappers(
           ~~~~~~~~~~~~~~~~~~~~~~~~~~~^
        sql, params, many=False, executor=self._execute
        ^^^^^^^^^^^^^^^^^^^^^^^^^^^^^^^^^^^^^^^^^^^^^^^
    )
    ^
  File "C:\Users\ASUS\AppData\Roaming\Python\Python314\site-packages\django\db\backends\utils.py", line 92, in _execute_with_wrappers
    return executor(sql, params, many, context)
  File "C:\Users\ASUS\AppData\Roaming\Python\Python314\site-packages\django\db\backends\utils.py", line 100, in _execute
    with self.db.wrap_database_errors:
         ^^^^^^^^^^^^^^^^^^^^^^^^^^^^
  File "C:\Users\ASUS\AppData\Roaming\Python\Python314\site-packages\django\db\utils.py", line 91, in __exit__
    raise dj_exc_value.with_traceback(traceback) from exc_value
  File "C:\Users\ASUS\AppData\Roaming\Python\Python314\site-packages\django\db\backends\utils.py", line 105, in _execute
    return self.cursor.execute(sql, params)
           ~~~~~~~~~~~~~~~~~~~^^^^^^^^^^^^^
  File "C:\Users\ASUS\AppData\Roaming\Python\Python314\site-packages\django\db\backends\sqlite3\base.py", line 360, in execute
    return super().execute(query, params)
           ~~~~~~~~~~~~~~~^^^^^^^^^^^^^^^
django.db.utils.IntegrityError: UNIQUE constraint failed: registrations_studentapplication.application_number
Internal Server Error: /api/auto-save/
Traceback (most recent call last):
  File "C:\Users\ASUS\AppData\Roaming\Python\Python314\site-packages\django\db\backends\utils.py", line 105, in _execute
    return self.cursor.execute(sql, params)
           ~~~~~~~~~~~~~~~~~~~^^^^^^^^^^^^^
  File "C:\Users\ASUS\AppData\Roaming\Python\Python314\site-packages\django\db\backends\sqlite3\base.py", line 360, in execute
    return super().execute(query, params)
           ~~~~~~~~~~~~~~~^^^^^^^^^^^^^^^
sqlite3.IntegrityError: UNIQUE constraint failed: registrations_studentapplication.application_number

The above exception was the direct cause of the following exception:

Traceback (most recent call last):
  File "C:\Users\ASUS\AppData\Roaming\Python\Python314\site-packages\django\core\handlers\exception.py", line 55, in inner
    response = get_response(request)
  File "C:\Users\ASUS\AppData\Roaming\Python\Python314\site-packages\django\core\handlers\base.py", line 197, in _get_response
    response = wrapped_callback(request, *callback_args, **callback_kwargs)
  File "C:\Users\ASUS\Downloads\TRAINING PROJECT\TRAINING PROJECT\registrations\views.py", line 689, in auto_save_field
    app = StudentApplication.objects.create(status=status_obj)
  File "C:\Users\ASUS\AppData\Roaming\Python\Python314\site-packages\django\db\models\manager.py", line 87, in manager_method
    return getattr(self.get_queryset(), name)(*args, **kwargs)
           ~~~~~~~~~~~~~~~~~~~~~~~~~~~~~~~~~~^^^^^^^^^^^^^^^^^
  File "C:\Users\ASUS\AppData\Roaming\Python\Python314\site-packages\django\db\models\query.py", line 665, in create
    obj.save(force_insert=True, using=self.db)
    ~~~~~~~~^^^^^^^^^^^^^^^^^^^^^^^^^^^^^^^^^^
  File "C:\Users\ASUS\AppData\Roaming\Python\Python314\site-packages\django\db\models\base.py", line 902, in save
    self.save_base(
    ~~~~~~~~~~~~~~^
        using=using,
        ^^^^^^^^^^^^
    ...<2 lines>...
        update_fields=update_fields,
        ^^^^^^^^^^^^^^^^^^^^^^^^^^^^
    )
    ^
  File "C:\Users\ASUS\AppData\Roaming\Python\Python314\site-packages\django\db\models\base.py", line 1008, in save_base
    updated = self._save_table(
        raw,
    ...<4 lines>...
        update_fields,
    )
  File "C:\Users\ASUS\AppData\Roaming\Python\Python314\site-packages\django\db\models\base.py", line 1169, in _save_table
    results = self._do_insert(
        cls._base_manager, using, fields, returning_fields, raw
    )
  File "C:\Users\ASUS\AppData\Roaming\Python\Python314\site-packages\django\db\models\base.py", line 1210, in _do_insert
    return manager._insert(
           ~~~~~~~~~~~~~~~^
        [self],
        ^^^^^^^
    ...<3 lines>...
        raw=raw,
        ^^^^^^^^
    )
    ^
  File "C:\Users\ASUS\AppData\Roaming\Python\Python314\site-packages\django\db\models\manager.py", line 87, in manager_method
    return getattr(self.get_queryset(), name)(*args, **kwargs)
           ~~~~~~~~~~~~~~~~~~~~~~~~~~~~~~~~~~^^^^^^^^^^^^^^^^^
  File "C:\Users\ASUS\AppData\Roaming\Python\Python314\site-packages\django\db\models\query.py", line 1873, in _insert
    return query.get_compiler(using=using).execute_sql(returning_fields)
           ~~~~~~~~~~~~~~~~~~~~~~~~~~~~~~~~~~~~~~~~~~~^^^^^^^^^^^^^^^^^^
  File "C:\Users\ASUS\AppData\Roaming\Python\Python314\site-packages\django\db\models\sql\compiler.py", line 1882, in execute_sql
    cursor.execute(sql, params)
    ~~~~~~~~~~~~~~^^^^^^^^^^^^^
  File "C:\Users\ASUS\AppData\Roaming\Python\Python314\site-packages\django\db\backends\utils.py", line 122, in execute
    return super().execute(sql, params)
           ~~~~~~~~~~~~~~~^^^^^^^^^^^^^
  File "C:\Users\ASUS\AppData\Roaming\Python\Python314\site-packages\django\db\backends\utils.py", line 79, in execute
    return self._execute_with_wrappers(
           ~~~~~~~~~~~~~~~~~~~~~~~~~~~^
        sql, params, many=False, executor=self._execute
        ^^^^^^^^^^^^^^^^^^^^^^^^^^^^^^^^^^^^^^^^^^^^^^^
    )
    ^
  File "C:\Users\ASUS\AppData\Roaming\Python\Python314\site-packages\django\db\backends\utils.py", line 92, in _execute_with_wrappers
    return executor(sql, params, many, context)
  File "C:\Users\ASUS\AppData\Roaming\Python\Python314\site-packages\django\db\backends\utils.py", line 100, in _execute
    with self.db.wrap_database_errors:
         ^^^^^^^^^^^^^^^^^^^^^^^^^^^^
  File "C:\Users\ASUS\AppData\Roaming\Python\Python314\site-packages\django\db\utils.py", line 91, in __exit__
    raise dj_exc_value.with_traceback(traceback) from exc_value
  File "C:\Users\ASUS\AppData\Roaming\Python\Python314\site-packages\django\db\backends\utils.py", line 105, in _execute
    return self.cursor.execute(sql, params)
           ~~~~~~~~~~~~~~~~~~~^^^^^^^^^^^^^
  File "C:\Users\ASUS\AppData\Roaming\Python\Python314\site-packages\django\db\backends\sqlite3\base.py", line 360, in execute
    return super().execute(query, params)
           ~~~~~~~~~~~~~~~^^^^^^^^^^^^^^^
django.db.utils.IntegrityError: UNIQUE constraint failed: registrations_studentapplication.application_number
Internal Server Error: /api/auto-save/
Traceback (most recent call last):
  File "C:\Users\ASUS\AppData\Roaming\Python\Python314\site-packages\django\db\backends\utils.py", line 105, in _execute
    return self.cursor.execute(sql, params)
           ~~~~~~~~~~~~~~~~~~~^^^^^^^^^^^^^
  File "C:\Users\ASUS\AppData\Roaming\Python\Python314\site-packages\django\db\backends\sqlite3\base.py", line 360, in execute
    return super().execute(query, params)
           ~~~~~~~~~~~~~~~^^^^^^^^^^^^^^^
sqlite3.IntegrityError: UNIQUE constraint failed: registrations_studentapplication.application_number

The above exception was the direct cause of the following exception:

Traceback (most recent call last):
  File "C:\Users\ASUS\AppData\Roaming\Python\Python314\site-packages\django\core\handlers\exception.py", line 55, in inner
    response = get_response(request)
  File "C:\Users\ASUS\AppData\Roaming\Python\Python314\site-packages\django\core\handlers\base.py", line 197, in _get_response
    response = wrapped_callback(request, *callback_args, **callback_kwargs)
  File "C:\Users\ASUS\Downloads\TRAINING PROJECT\TRAINING PROJECT\registrations\views.py", line 689, in auto_save_field
    app = StudentApplication.objects.create(status=status_obj)
  File "C:\Users\ASUS\AppData\Roaming\Python\Python314\site-packages\django\db\models\manager.py", line 87, in manager_method
    return getattr(self.get_queryset(), name)(*args, **kwargs)
           ~~~~~~~~~~~~~~~~~~~~~~~~~~~~~~~~~~^^^^^^^^^^^^^^^^^
  File "C:\Users\ASUS\AppData\Roaming\Python\Python314\site-packages\django\db\models\query.py", line 665, in create
    obj.save(force_insert=True, using=self.db)
    ~~~~~~~~^^^^^^^^^^^^^^^^^^^^^^^^^^^^^^^^^^
  File "C:\Users\ASUS\AppData\Roaming\Python\Python314\site-packages\django\db\models\base.py", line 902, in save
    self.save_base(
    ~~~~~~~~~~~~~~^
        using=using,
        ^^^^^^^^^^^^
    ...<2 lines>...
        update_fields=update_fields,
        ^^^^^^^^^^^^^^^^^^^^^^^^^^^^
    )
    ^
  File "C:\Users\ASUS\AppData\Roaming\Python\Python314\site-packages\django\db\models\base.py", line 1008, in save_base
    updated = self._save_table(
        raw,
    ...<4 lines>...
        update_fields,
    )
  File "C:\Users\ASUS\AppData\Roaming\Python\Python314\site-packages\django\db\models\base.py", line 1169, in _save_table
    results = self._do_insert(
        cls._base_manager, using, fields, returning_fields, raw
    )
  File "C:\Users\ASUS\AppData\Roaming\Python\Python314\site-packages\django\db\models\base.py", line 1210, in _do_insert
    return manager._insert(
           ~~~~~~~~~~~~~~~^
        [self],
        ^^^^^^^
    ...<3 lines>...
        raw=raw,
        ^^^^^^^^
    )
    ^
  File "C:\Users\ASUS\AppData\Roaming\Python\Python314\site-packages\django\db\models\manager.py", line 87, in manager_method
    return getattr(self.get_queryset(), name)(*args, **kwargs)
           ~~~~~~~~~~~~~~~~~~~~~~~~~~~~~~~~~~^^^^^^^^^^^^^^^^^
  File "C:\Users\ASUS\AppData\Roaming\Python\Python314\site-packages\django\db\models\query.py", line 1873, in _insert
    return query.get_compiler(using=using).execute_sql(returning_fields)
           ~~~~~~~~~~~~~~~~~~~~~~~~~~~~~~~~~~~~~~~~~~~^^^^^^^^^^^^^^^^^^
  File "C:\Users\ASUS\AppData\Roaming\Python\Python314\site-packages\django\db\models\sql\compiler.py", line 1882, in execute_sql
    cursor.execute(sql, params)
    ~~~~~~~~~~~~~~^^^^^^^^^^^^^
  File "C:\Users\ASUS\AppData\Roaming\Python\Python314\site-packages\django\db\backends\utils.py", line 122, in execute
    return super().execute(sql, params)
           ~~~~~~~~~~~~~~~^^^^^^^^^^^^^
  File "C:\Users\ASUS\AppData\Roaming\Python\Python314\site-packages\django\db\backends\utils.py", line 79, in execute
    return self._execute_with_wrappers(
           ~~~~~~~~~~~~~~~~~~~~~~~~~~~^
        sql, params, many=False, executor=self._execute
        ^^^^^^^^^^^^^^^^^^^^^^^^^^^^^^^^^^^^^^^^^^^^^^^
    )
    ^
  File "C:\Users\ASUS\AppData\Roaming\Python\Python314\site-packages\django\db\backends\utils.py", line 92, in _execute_with_wrappers
    return executor(sql, params, many, context)
  File "C:\Users\ASUS\AppData\Roaming\Python\Python314\site-packages\django\db\backends\utils.py", line 100, in _execute
    with self.db.wrap_database_errors:
         ^^^^^^^^^^^^^^^^^^^^^^^^^^^^
  File "C:\Users\ASUS\AppData\Roaming\Python\Python314\site-packages\django\db\utils.py", line 91, in __exit__
    raise dj_exc_value.with_traceback(traceback) from exc_value
  File "C:\Users\ASUS\AppData\Roaming\Python\Python314\site-packages\django\db\backends\utils.py", line 105, in _execute
    return self.cursor.execute(sql, params)
           ~~~~~~~~~~~~~~~~~~~^^^^^^^^^^^^^
  File "C:\Users\ASUS\AppData\Roaming\Python\Python314\site-packages\django\db\backends\sqlite3\base.py", line 360, in execute
    return super().execute(query, params)
           ~~~~~~~~~~~~~~~^^^^^^^^^^^^^^^
django.db.utils.IntegrityError: UNIQUE constraint failed: registrations_studentapplication.application_number
Internal Server Error: /api/auto-save/
Traceback (most recent call last):
  File "C:\Users\ASUS\AppData\Roaming\Python\Python314\site-packages\django\db\backends\utils.py", line 105, in _execute
    return self.cursor.execute(sql, params)
           ~~~~~~~~~~~~~~~~~~~^^^^^^^^^^^^^
  File "C:\Users\ASUS\AppData\Roaming\Python\Python314\site-packages\django\db\backends\sqlite3\base.py", line 360, in execute
    return super().execute(query, params)
           ~~~~~~~~~~~~~~~^^^^^^^^^^^^^^^
sqlite3.IntegrityError: UNIQUE constraint failed: registrations_studentapplication.application_number

The above exception was the direct cause of the following exception:

Traceback (most recent call last):
  File "C:\Users\ASUS\AppData\Roaming\Python\Python314\site-packages\django\core\handlers\exception.py", line 55, in inner
    response = get_response(request)
  File "C:\Users\ASUS\AppData\Roaming\Python\Python314\site-packages\django\core\handlers\base.py", line 197, in _get_response
    response = wrapped_callback(request, *callback_args, **callback_kwargs)
  File "C:\Users\ASUS\Downloads\TRAINING PROJECT\TRAINING PROJECT\registrations\views.py", line 689, in auto_save_field
    app = StudentApplication.objects.create(status=status_obj)
  File "C:\Users\ASUS\AppData\Roaming\Python\Python314\site-packages\django\db\models\manager.py", line 87, in manager_method
    return getattr(self.get_queryset(), name)(*args, **kwargs)
           ~~~~~~~~~~~~~~~~~~~~~~~~~~~~~~~~~~^^^^^^^^^^^^^^^^^
  File "C:\Users\ASUS\AppData\Roaming\Python\Python314\site-packages\django\db\models\query.py", line 665, in create
    obj.save(force_insert=True, using=self.db)
    ~~~~~~~~^^^^^^^^^^^^^^^^^^^^^^^^^^^^^^^^^^
  File "C:\Users\ASUS\AppData\Roaming\Python\Python314\site-packages\django\db\models\base.py", line 902, in save
    self.save_base(
    ~~~~~~~~~~~~~~^
        using=using,
        ^^^^^^^^^^^^
    ...<2 lines>...
        update_fields=update_fields,
        ^^^^^^^^^^^^^^^^^^^^^^^^^^^^
    )
    ^
  File "C:\Users\ASUS\AppData\Roaming\Python\Python314\site-packages\django\db\models\base.py", line 1008, in save_base
    updated = self._save_table(
        raw,
    ...<4 lines>...
        update_fields,
    )
  File "C:\Users\ASUS\AppData\Roaming\Python\Python314\site-packages\django\db\models\base.py", line 1169, in _save_table
    results = self._do_insert(
        cls._base_manager, using, fields, returning_fields, raw
    )
  File "C:\Users\ASUS\AppData\Roaming\Python\Python314\site-packages\django\db\models\base.py", line 1210, in _do_insert
    return manager._insert(
           ~~~~~~~~~~~~~~~^
        [self],
        ^^^^^^^
    ...<3 lines>...
        raw=raw,
        ^^^^^^^^
    )
    ^
  File "C:\Users\ASUS\AppData\Roaming\Python\Python314\site-packages\django\db\models\manager.py", line 87, in manager_method
    return getattr(self.get_queryset(), name)(*args, **kwargs)
           ~~~~~~~~~~~~~~~~~~~~~~~~~~~~~~~~~~^^^^^^^^^^^^^^^^^
  File "C:\Users\ASUS\AppData\Roaming\Python\Python314\site-packages\django\db\models\query.py", line 1873, in _insert
    return query.get_compiler(using=using).execute_sql(returning_fields)
           ~~~~~~~~~~~~~~~~~~~~~~~~~~~~~~~~~~~~~~~~~~~^^^^^^^^^^^^^^^^^^
  File "C:\Users\ASUS\AppData\Roaming\Python\Python314\site-packages\django\db\models\sql\compiler.py", line 1882, in execute_sql
    cursor.execute(sql, params)
    ~~~~~~~~~~~~~~^^^^^^^^^^^^^
  File "C:\Users\ASUS\AppData\Roaming\Python\Python314\site-packages\django\db\backends\utils.py", line 122, in execute
    return super().execute(sql, params)
           ~~~~~~~~~~~~~~~^^^^^^^^^^^^^
  File "C:\Users\ASUS\AppData\Roaming\Python\Python314\site-packages\django\db\backends\utils.py", line 79, in execute
    return self._execute_with_wrappers(
           ~~~~~~~~~~~~~~~~~~~~~~~~~~~^
        sql, params, many=False, executor=self._execute
        ^^^^^^^^^^^^^^^^^^^^^^^^^^^^^^^^^^^^^^^^^^^^^^^
    )
    ^
  File "C:\Users\ASUS\AppData\Roaming\Python\Python314\site-packages\django\db\backends\utils.py", line 92, in _execute_with_wrappers
    return executor(sql, params, many, context)
  File "C:\Users\ASUS\AppData\Roaming\Python\Python314\site-packages\django\db\backends\utils.py", line 100, in _execute
    with self.db.wrap_database_errors:
         ^^^^^^^^^^^^^^^^^^^^^^^^^^^^
  File "C:\Users\ASUS\AppData\Roaming\Python\Python314\site-packages\django\db\utils.py", line 91, in __exit__
    raise dj_exc_value.with_traceback(traceback) from exc_value
  File "C:\Users\ASUS\AppData\Roaming\Python\Python314\site-packages\django\db\backends\utils.py", line 105, in _execute
    return self.cursor.execute(sql, params)
           ~~~~~~~~~~~~~~~~~~~^^^^^^^^^^^^^
  File "C:\Users\ASUS\AppData\Roaming\Python\Python314\site-packages\django\db\backends\sqlite3\base.py", line 360, in execute
    return super().execute(query, params)
           ~~~~~~~~~~~~~~~^^^^^^^^^^^^^^^
django.db.utils.IntegrityError: UNIQUE constraint failed: registrations_studentapplication.application_number
Internal Server Error: /api/auto-save/
Traceback (most recent call last):
  File "C:\Users\ASUS\AppData\Roaming\Python\Python314\site-packages\django\db\backends\utils.py", line 105, in _execute
    return self.cursor.execute(sql, params)
           ~~~~~~~~~~~~~~~~~~~^^^^^^^^^^^^^
  File "C:\Users\ASUS\AppData\Roaming\Python\Python314\site-packages\django\db\backends\sqlite3\base.py", line 360, in execute
    return super().execute(query, params)
           ~~~~~~~~~~~~~~~^^^^^^^^^^^^^^^
sqlite3.IntegrityError: UNIQUE constraint failed: registrations_studentapplication.application_number

The above exception was the direct cause of the following exception:

Traceback (most recent call last):
  File "C:\Users\ASUS\AppData\Roaming\Python\Python314\site-packages\django\core\handlers\exception.py", line 55, in inner
    response = get_response(request)
  File "C:\Users\ASUS\AppData\Roaming\Python\Python314\site-packages\django\core\handlers\base.py", line 197, in _get_response
    response = wrapped_callback(request, *callback_args, **callback_kwargs)
  File "C:\Users\ASUS\Downloads\TRAINING PROJECT\TRAINING PROJECT\registrations\views.py", line 689, in auto_save_field
    app = StudentApplication.objects.create(status=status_obj)
  File "C:\Users\ASUS\AppData\Roaming\Python\Python314\site-packages\django\db\models\manager.py", line 87, in manager_method
    return getattr(self.get_queryset(), name)(*args, **kwargs)
           ~~~~~~~~~~~~~~~~~~~~~~~~~~~~~~~~~~^^^^^^^^^^^^^^^^^
  File "C:\Users\ASUS\AppData\Roaming\Python\Python314\site-packages\django\db\models\query.py", line 665, in create
    obj.save(force_insert=True, using=self.db)
    ~~~~~~~~^^^^^^^^^^^^^^^^^^^^^^^^^^^^^^^^^^
  File "C:\Users\ASUS\AppData\Roaming\Python\Python314\site-packages\django\db\models\base.py", line 902, in save
    self.save_base(
    ~~~~~~~~~~~~~~^
        using=using,
        ^^^^^^^^^^^^
    ...<2 lines>...
        update_fields=update_fields,
        ^^^^^^^^^^^^^^^^^^^^^^^^^^^^
    )
    ^
  File "C:\Users\ASUS\AppData\Roaming\Python\Python314\site-packages\django\db\models\base.py", line 1008, in save_base
    updated = self._save_table(
        raw,
    ...<4 lines>...
        update_fields,
    )
  File "C:\Users\ASUS\AppData\Roaming\Python\Python314\site-packages\django\db\models\base.py", line 1169, in _save_table
    results = self._do_insert(
        cls._base_manager, using, fields, returning_fields, raw
    )
  File "C:\Users\ASUS\AppData\Roaming\Python\Python314\site-packages\django\db\models\base.py", line 1210, in _do_insert
    return manager._insert(
           ~~~~~~~~~~~~~~~^
        [self],
        ^^^^^^^
    ...<3 lines>...
        raw=raw,
        ^^^^^^^^
    )
    ^
  File "C:\Users\ASUS\AppData\Roaming\Python\Python314\site-packages\django\db\models\manager.py", line 87, in manager_method
    return getattr(self.get_queryset(), name)(*args, **kwargs)
           ~~~~~~~~~~~~~~~~~~~~~~~~~~~~~~~~~~^^^^^^^^^^^^^^^^^
  File "C:\Users\ASUS\AppData\Roaming\Python\Python314\site-packages\django\db\models\query.py", line 1873, in _insert
    return query.get_compiler(using=using).execute_sql(returning_fields)
           ~~~~~~~~~~~~~~~~~~~~~~~~~~~~~~~~~~~~~~~~~~~^^^^^^^^^^^^^^^^^^
  File "C:\Users\ASUS\AppData\Roaming\Python\Python314\site-packages\django\db\models\sql\compiler.py", line 1882, in execute_sql
    cursor.execute(sql, params)
    ~~~~~~~~~~~~~~^^^^^^^^^^^^^
  File "C:\Users\ASUS\AppData\Roaming\Python\Python314\site-packages\django\db\backends\utils.py", line 122, in execute
    return super().execute(sql, params)
           ~~~~~~~~~~~~~~~^^^^^^^^^^^^^
  File "C:\Users\ASUS\AppData\Roaming\Python\Python314\site-packages\django\db\backends\utils.py", line 79, in execute
    return self._execute_with_wrappers(
           ~~~~~~~~~~~~~~~~~~~~~~~~~~~^
        sql, params, many=False, executor=self._execute
        ^^^^^^^^^^^^^^^^^^^^^^^^^^^^^^^^^^^^^^^^^^^^^^^
    )
    ^
  File "C:\Users\ASUS\AppData\Roaming\Python\Python314\site-packages\django\db\backends\utils.py", line 92, in _execute_with_wrappers
    return executor(sql, params, many, context)
  File "C:\Users\ASUS\AppData\Roaming\Python\Python314\site-packages\django\db\backends\utils.py", line 100, in _execute
    with self.db.wrap_database_errors:
         ^^^^^^^^^^^^^^^^^^^^^^^^^^^^
  File "C:\Users\ASUS\AppData\Roaming\Python\Python314\site-packages\django\db\utils.py", line 91, in __exit__
    raise dj_exc_value.with_traceback(traceback) from exc_value
  File "C:\Users\ASUS\AppData\Roaming\Python\Python314\site-packages\django\db\backends\utils.py", line 105, in _execute
    return self.cursor.execute(sql, params)
           ~~~~~~~~~~~~~~~~~~~^^^^^^^^^^^^^
  File "C:\Users\ASUS\AppData\Roaming\Python\Python314\site-packages\django\db\backends\sqlite3\base.py", line 360, in execute
    return super().execute(query, params)
           ~~~~~~~~~~~~~~~^^^^^^^^^^^^^^^
django.db.utils.IntegrityError: UNIQUE constraint failed: registrations_studentapplication.application_number
Internal Server Error: /api/auto-save/
Traceback (most recent call last):
  File "C:\Users\ASUS\AppData\Roaming\Python\Python314\site-packages\django\db\backends\utils.py", line 105, in _execute
    return self.cursor.execute(sql, params)
           ~~~~~~~~~~~~~~~~~~~^^^^^^^^^^^^^
  File "C:\Users\ASUS\AppData\Roaming\Python\Python314\site-packages\django\db\backends\sqlite3\base.py", line 360, in execute
    return super().execute(query, params)
           ~~~~~~~~~~~~~~~^^^^^^^^^^^^^^^
sqlite3.IntegrityError: UNIQUE constraint failed: registrations_studentapplication.application_number

The above exception was the direct cause of the following exception:

Traceback (most recent call last):
  File "C:\Users\ASUS\AppData\Roaming\Python\Python314\site-packages\django\core\handlers\exception.py", line 55, in inner
    response = get_response(request)
  File "C:\Users\ASUS\AppData\Roaming\Python\Python314\site-packages\django\core\handlers\base.py", line 197, in _get_response
    response = wrapped_callback(request, *callback_args, **callback_kwargs)
  File "C:\Users\ASUS\Downloads\TRAINING PROJECT\TRAINING PROJECT\registrations\views.py", line 689, in auto_save_field
    app = StudentApplication.objects.create(status=status_obj)
  File "C:\Users\ASUS\AppData\Roaming\Python\Python314\site-packages\django\db\models\manager.py", line 87, in manager_method
    return getattr(self.get_queryset(), name)(*args, **kwargs)
           ~~~~~~~~~~~~~~~~~~~~~~~~~~~~~~~~~~^^^^^^^^^^^^^^^^^
  File "C:\Users\ASUS\AppData\Roaming\Python\Python314\site-packages\django\db\models\query.py", line 665, in create
    obj.save(force_insert=True, using=self.db)
    ~~~~~~~~^^^^^^^^^^^^^^^^^^^^^^^^^^^^^^^^^^
  File "C:\Users\ASUS\AppData\Roaming\Python\Python314\site-packages\django\db\models\base.py", line 902, in save
    self.save_base(
    ~~~~~~~~~~~~~~^
        using=using,
        ^^^^^^^^^^^^
    ...<2 lines>...
        update_fields=update_fields,
        ^^^^^^^^^^^^^^^^^^^^^^^^^^^^
    )
    ^
  File "C:\Users\ASUS\AppData\Roaming\Python\Python314\site-packages\django\db\models\base.py", line 1008, in save_base
    updated = self._save_table(
        raw,
    ...<4 lines>...
        update_fields,
    )
  File "C:\Users\ASUS\AppData\Roaming\Python\Python314\site-packages\django\db\models\base.py", line 1169, in _save_table
    results = self._do_insert(
        cls._base_manager, using, fields, returning_fields, raw
    )
  File "C:\Users\ASUS\AppData\Roaming\Python\Python314\site-packages\django\db\models\base.py", line 1210, in _do_insert
    return manager._insert(
           ~~~~~~~~~~~~~~~^
        [self],
        ^^^^^^^
    ...<3 lines>...
        raw=raw,
        ^^^^^^^^
    )
    ^
  File "C:\Users\ASUS\AppData\Roaming\Python\Python314\site-packages\django\db\models\manager.py", line 87, in manager_method
    return getattr(self.get_queryset(), name)(*args, **kwargs)
           ~~~~~~~~~~~~~~~~~~~~~~~~~~~~~~~~~~^^^^^^^^^^^^^^^^^
  File "C:\Users\ASUS\AppData\Roaming\Python\Python314\site-packages\django\db\models\query.py", line 1873, in _insert
    return query.get_compiler(using=using).execute_sql(returning_fields)
           ~~~~~~~~~~~~~~~~~~~~~~~~~~~~~~~~~~~~~~~~~~~^^^^^^^^^^^^^^^^^^
  File "C:\Users\ASUS\AppData\Roaming\Python\Python314\site-packages\django\db\models\sql\compiler.py", line 1882, in execute_sql
    cursor.execute(sql, params)
    ~~~~~~~~~~~~~~^^^^^^^^^^^^^
  File "C:\Users\ASUS\AppData\Roaming\Python\Python314\site-packages\django\db\backends\utils.py", line 122, in execute
    return super().execute(sql, params)
           ~~~~~~~~~~~~~~~^^^^^^^^^^^^^
  File "C:\Users\ASUS\AppData\Roaming\Python\Python314\site-packages\django\db\backends\utils.py", line 79, in execute
    return self._execute_with_wrappers(
           ~~~~~~~~~~~~~~~~~~~~~~~~~~~^
        sql, params, many=False, executor=self._execute
        ^^^^^^^^^^^^^^^^^^^^^^^^^^^^^^^^^^^^^^^^^^^^^^^
    )
    ^
  File "C:\Users\ASUS\AppData\Roaming\Python\Python314\site-packages\django\db\backends\utils.py", line 92, in _execute_with_wrappers
    return executor(sql, params, many, context)
  File "C:\Users\ASUS\AppData\Roaming\Python\Python314\site-packages\django\db\backends\utils.py", line 100, in _execute
    with self.db.wrap_database_errors:
         ^^^^^^^^^^^^^^^^^^^^^^^^^^^^
  File "C:\Users\ASUS\AppData\Roaming\Python\Python314\site-packages\django\db\utils.py", line 91, in __exit__
    raise dj_exc_value.with_traceback(traceback) from exc_value
  File "C:\Users\ASUS\AppData\Roaming\Python\Python314\site-packages\django\db\backends\utils.py", line 105, in _execute
    return self.cursor.execute(sql, params)
           ~~~~~~~~~~~~~~~~~~~^^^^^^^^^^^^^
  File "C:\Users\ASUS\AppData\Roaming\Python\Python314\site-packages\django\db\backends\sqlite3\base.py", line 360, in execute
    return super().execute(query, params)
           ~~~~~~~~~~~~~~~^^^^^^^^^^^^^^^
django.db.utils.IntegrityError: UNIQUE constraint failed: registrations_studentapplication.application_number
Internal Server Error: /api/auto-save/
Traceback (most recent call last):
  File "C:\Users\ASUS\AppData\Roaming\Python\Python314\site-packages\django\db\backends\utils.py", line 105, in _execute
    return self.cursor.execute(sql, params)
           ~~~~~~~~~~~~~~~~~~~^^^^^^^^^^^^^
  File "C:\Users\ASUS\AppData\Roaming\Python\Python314\site-packages\django\db\backends\sqlite3\base.py", line 360, in execute
    return super().execute(query, params)
           ~~~~~~~~~~~~~~~^^^^^^^^^^^^^^^
sqlite3.IntegrityError: UNIQUE constraint failed: registrations_studentapplication.application_number

The above exception was the direct cause of the following exception:

Traceback (most recent call last):
  File "C:\Users\ASUS\AppData\Roaming\Python\Python314\site-packages\django\core\handlers\exception.py", line 55, in inner
    response = get_response(request)
  File "C:\Users\ASUS\AppData\Roaming\Python\Python314\site-packages\django\core\handlers\base.py", line 197, in _get_response
    response = wrapped_callback(request, *callback_args, **callback_kwargs)
  File "C:\Users\ASUS\Downloads\TRAINING PROJECT\TRAINING PROJECT\registrations\views.py", line 689, in auto_save_field
    app = StudentApplication.objects.create(status=status_obj)
  File "C:\Users\ASUS\AppData\Roaming\Python\Python314\site-packages\django\db\models\manager.py", line 87, in manager_method
    return getattr(self.get_queryset(), name)(*args, **kwargs)
           ~~~~~~~~~~~~~~~~~~~~~~~~~~~~~~~~~~^^^^^^^^^^^^^^^^^
  File "C:\Users\ASUS\AppData\Roaming\Python\Python314\site-packages\django\db\models\query.py", line 665, in create
    obj.save(force_insert=True, using=self.db)
    ~~~~~~~~^^^^^^^^^^^^^^^^^^^^^^^^^^^^^^^^^^
  File "C:\Users\ASUS\AppData\Roaming\Python\Python314\site-packages\django\db\models\base.py", line 902, in save
    self.save_base(
    ~~~~~~~~~~~~~~^
        using=using,
        ^^^^^^^^^^^^
    ...<2 lines>...
        update_fields=update_fields,
        ^^^^^^^^^^^^^^^^^^^^^^^^^^^^
    )
    ^
  File "C:\Users\ASUS\AppData\Roaming\Python\Python314\site-packages\django\db\models\base.py", line 1008, in save_base
    updated = self._save_table(
        raw,
    ...<4 lines>...
        update_fields,
    )
  File "C:\Users\ASUS\AppData\Roaming\Python\Python314\site-packages\django\db\models\base.py", line 1169, in _save_table
    results = self._do_insert(
        cls._base_manager, using, fields, returning_fields, raw
    )
  File "C:\Users\ASUS\AppData\Roaming\Python\Python314\site-packages\django\db\models\base.py", line 1210, in _do_insert
    return manager._insert(
           ~~~~~~~~~~~~~~~^
        [self],
        ^^^^^^^
    ...<3 lines>...
        raw=raw,
        ^^^^^^^^
    )
    ^
  File "C:\Users\ASUS\AppData\Roaming\Python\Python314\site-packages\django\db\models\manager.py", line 87, in manager_method
    return getattr(self.get_queryset(), name)(*args, **kwargs)
           ~~~~~~~~~~~~~~~~~~~~~~~~~~~~~~~~~~^^^^^^^^^^^^^^^^^
  File "C:\Users\ASUS\AppData\Roaming\Python\Python314\site-packages\django\db\models\query.py", line 1873, in _insert
    return query.get_compiler(using=using).execute_sql(returning_fields)
           ~~~~~~~~~~~~~~~~~~~~~~~~~~~~~~~~~~~~~~~~~~~^^^^^^^^^^^^^^^^^^
  File "C:\Users\ASUS\AppData\Roaming\Python\Python314\site-packages\django\db\models\sql\compiler.py", line 1882, in execute_sql
    cursor.execute(sql, params)
    ~~~~~~~~~~~~~~^^^^^^^^^^^^^
  File "C:\Users\ASUS\AppData\Roaming\Python\Python314\site-packages\django\db\backends\utils.py", line 122, in execute
    return super().execute(sql, params)
           ~~~~~~~~~~~~~~~^^^^^^^^^^^^^
  File "C:\Users\ASUS\AppData\Roaming\Python\Python314\site-packages\django\db\backends\utils.py", line 79, in execute
    return self._execute_with_wrappers(
           ~~~~~~~~~~~~~~~~~~~~~~~~~~~^
        sql, params, many=False, executor=self._execute
        ^^^^^^^^^^^^^^^^^^^^^^^^^^^^^^^^^^^^^^^^^^^^^^^
    )
    ^
  File "C:\Users\ASUS\AppData\Roaming\Python\Python314\site-packages\django\db\backends\utils.py", line 92, in _execute_with_wrappers
    return executor(sql, params, many, context)
  File "C:\Users\ASUS\AppData\Roaming\Python\Python314\site-packages\django\db\backends\utils.py", line 100, in _execute
    with self.db.wrap_database_errors:
         ^^^^^^^^^^^^^^^^^^^^^^^^^^^^
  File "C:\Users\ASUS\AppData\Roaming\Python\Python314\site-packages\django\db\utils.py", line 91, in __exit__
    raise dj_exc_value.with_traceback(traceback) from exc_value
  File "C:\Users\ASUS\AppData\Roaming\Python\Python314\site-packages\django\db\backends\utils.py", line 105, in _execute
    return self.cursor.execute(sql, params)
           ~~~~~~~~~~~~~~~~~~~^^^^^^^^^^^^^
  File "C:\Users\ASUS\AppData\Roaming\Python\Python314\site-packages\django\db\backends\sqlite3\base.py", line 360, in execute
    return super().execute(query, params)
           ~~~~~~~~~~~~~~~^^^^^^^^^^^^^^^
django.db.utils.IntegrityError: UNIQUE constraint failed: registrations_studentapplication.application_number
Internal Server Error: /api/auto-save/
Traceback (most recent call last):
  File "C:\Users\ASUS\AppData\Roaming\Python\Python314\site-packages\django\db\backends\utils.py", line 105, in _execute
    return self.cursor.execute(sql, params)
           ~~~~~~~~~~~~~~~~~~~^^^^^^^^^^^^^
  File "C:\Users\ASUS\AppData\Roaming\Python\Python314\site-packages\django\db\backends\sqlite3\base.py", line 360, in execute
    return super().execute(query, params)
           ~~~~~~~~~~~~~~~^^^^^^^^^^^^^^^
sqlite3.IntegrityError: UNIQUE constraint failed: registrations_studentapplication.application_number

The above exception was the direct cause of the following exception:

Traceback (most recent call last):
  File "C:\Users\ASUS\AppData\Roaming\Python\Python314\site-packages\django\core\handlers\exception.py", line 55, in inner
    response = get_response(request)
  File "C:\Users\ASUS\AppData\Roaming\Python\Python314\site-packages\django\core\handlers\base.py", line 197, in _get_response
    response = wrapped_callback(request, *callback_args, **callback_kwargs)
  File "C:\Users\ASUS\Downloads\TRAINING PROJECT\TRAINING PROJECT\registrations\views.py", line 689, in auto_save_field
    app = StudentApplication.objects.create(status=status_obj)
  File "C:\Users\ASUS\AppData\Roaming\Python\Python314\site-packages\django\db\models\manager.py", line 87, in manager_method
    return getattr(self.get_queryset(), name)(*args, **kwargs)
           ~~~~~~~~~~~~~~~~~~~~~~~~~~~~~~~~~~^^^^^^^^^^^^^^^^^
  File "C:\Users\ASUS\AppData\Roaming\Python\Python314\site-packages\django\db\models\query.py", line 665, in create
    obj.save(force_insert=True, using=self.db)
    ~~~~~~~~^^^^^^^^^^^^^^^^^^^^^^^^^^^^^^^^^^
  File "C:\Users\ASUS\AppData\Roaming\Python\Python314\site-packages\django\db\models\base.py", line 902, in save
    self.save_base(
    ~~~~~~~~~~~~~~^
        using=using,
        ^^^^^^^^^^^^
    ...<2 lines>...
        update_fields=update_fields,
        ^^^^^^^^^^^^^^^^^^^^^^^^^^^^
    )
    ^
  File "C:\Users\ASUS\AppData\Roaming\Python\Python314\site-packages\django\db\models\base.py", line 1008, in save_base
    updated = self._save_table(
        raw,
    ...<4 lines>...
        update_fields,
    )
  File "C:\Users\ASUS\AppData\Roaming\Python\Python314\site-packages\django\db\models\base.py", line 1169, in _save_table
    results = self._do_insert(
        cls._base_manager, using, fields, returning_fields, raw
    )
  File "C:\Users\ASUS\AppData\Roaming\Python\Python314\site-packages\django\db\models\base.py", line 1210, in _do_insert
    return manager._insert(
           ~~~~~~~~~~~~~~~^
        [self],
        ^^^^^^^
    ...<3 lines>...
        raw=raw,
        ^^^^^^^^
    )
    ^
  File "C:\Users\ASUS\AppData\Roaming\Python\Python314\site-packages\django\db\models\manager.py", line 87, in manager_method
    return getattr(self.get_queryset(), name)(*args, **kwargs)
           ~~~~~~~~~~~~~~~~~~~~~~~~~~~~~~~~~~^^^^^^^^^^^^^^^^^
  File "C:\Users\ASUS\AppData\Roaming\Python\Python314\site-packages\django\db\models\query.py", line 1873, in _insert
    return query.get_compiler(using=using).execute_sql(returning_fields)
           ~~~~~~~~~~~~~~~~~~~~~~~~~~~~~~~~~~~~~~~~~~~^^^^^^^^^^^^^^^^^^
  File "C:\Users\ASUS\AppData\Roaming\Python\Python314\site-packages\django\db\models\sql\compiler.py", line 1882, in execute_sql
    cursor.execute(sql, params)
    ~~~~~~~~~~~~~~^^^^^^^^^^^^^
  File "C:\Users\ASUS\AppData\Roaming\Python\Python314\site-packages\django\db\backends\utils.py", line 122, in execute
    return super().execute(sql, params)
           ~~~~~~~~~~~~~~~^^^^^^^^^^^^^
  File "C:\Users\ASUS\AppData\Roaming\Python\Python314\site-packages\django\db\backends\utils.py", line 79, in execute
    return self._execute_with_wrappers(
           ~~~~~~~~~~~~~~~~~~~~~~~~~~~^
        sql, params, many=False, executor=self._execute
        ^^^^^^^^^^^^^^^^^^^^^^^^^^^^^^^^^^^^^^^^^^^^^^^
    )
    ^
  File "C:\Users\ASUS\AppData\Roaming\Python\Python314\site-packages\django\db\backends\utils.py", line 92, in _execute_with_wrappers
    return executor(sql, params, many, context)
  File "C:\Users\ASUS\AppData\Roaming\Python\Python314\site-packages\django\db\backends\utils.py", line 100, in _execute
    with self.db.wrap_database_errors:
         ^^^^^^^^^^^^^^^^^^^^^^^^^^^^
  File "C:\Users\ASUS\AppData\Roaming\Python\Python314\site-packages\django\db\utils.py", line 91, in __exit__
    raise dj_exc_value.with_traceback(traceback) from exc_value
  File "C:\Users\ASUS\AppData\Roaming\Python\Python314\site-packages\django\db\backends\utils.py", line 105, in _execute
    return self.cursor.execute(sql, params)
           ~~~~~~~~~~~~~~~~~~~^^^^^^^^^^^^^
  File "C:\Users\ASUS\AppData\Roaming\Python\Python314\site-packages\django\db\backends\sqlite3\base.py", line 360, in execute
    return super().execute(query, params)
           ~~~~~~~~~~~~~~~^^^^^^^^^^^^^^^
django.db.utils.IntegrityError: UNIQUE constraint failed: registrations_studentapplication.application_number
Internal Server Error: /api/auto-save/
Traceback (most recent call last):
  File "C:\Users\ASUS\AppData\Roaming\Python\Python314\site-packages\django\db\backends\utils.py", line 105, in _execute
    return self.cursor.execute(sql, params)
           ~~~~~~~~~~~~~~~~~~~^^^^^^^^^^^^^
  File "C:\Users\ASUS\AppData\Roaming\Python\Python314\site-packages\django\db\backends\sqlite3\base.py", line 360, in execute
    return super().execute(query, params)
           ~~~~~~~~~~~~~~~^^^^^^^^^^^^^^^
sqlite3.IntegrityError: UNIQUE constraint failed: registrations_studentapplication.application_number

The above exception was the direct cause of the following exception:

Traceback (most recent call last):
  File "C:\Users\ASUS\AppData\Roaming\Python\Python314\site-packages\django\core\handlers\exception.py", line 55, in inner
    response = get_response(request)
  File "C:\Users\ASUS\AppData\Roaming\Python\Python314\site-packages\django\core\handlers\base.py", line 197, in _get_response
    response = wrapped_callback(request, *callback_args, **callback_kwargs)
  File "C:\Users\ASUS\Downloads\TRAINING PROJECT\TRAINING PROJECT\registrations\views.py", line 689, in auto_save_field
    app = StudentApplication.objects.create(status=status_obj)
  File "C:\Users\ASUS\AppData\Roaming\Python\Python314\site-packages\django\db\models\manager.py", line 87, in manager_method
    return getattr(self.get_queryset(), name)(*args, **kwargs)
           ~~~~~~~~~~~~~~~~~~~~~~~~~~~~~~~~~~^^^^^^^^^^^^^^^^^
  File "C:\Users\ASUS\AppData\Roaming\Python\Python314\site-packages\django\db\models\query.py", line 665, in create
    obj.save(force_insert=True, using=self.db)
    ~~~~~~~~^^^^^^^^^^^^^^^^^^^^^^^^^^^^^^^^^^
  File "C:\Users\ASUS\AppData\Roaming\Python\Python314\site-packages\django\db\models\base.py", line 902, in save
    self.save_base(
    ~~~~~~~~~~~~~~^
        using=using,
        ^^^^^^^^^^^^
    ...<2 lines>...
        update_fields=update_fields,
        ^^^^^^^^^^^^^^^^^^^^^^^^^^^^
    )
    ^
  File "C:\Users\ASUS\AppData\Roaming\Python\Python314\site-packages\django\db\models\base.py", line 1008, in save_base
    updated = self._save_table(
        raw,
    ...<4 lines>...
        update_fields,
    )
  File "C:\Users\ASUS\AppData\Roaming\Python\Python314\site-packages\django\db\models\base.py", line 1169, in _save_table
    results = self._do_insert(
        cls._base_manager, using, fields, returning_fields, raw
    )
  File "C:\Users\ASUS\AppData\Roaming\Python\Python314\site-packages\django\db\models\base.py", line 1210, in _do_insert
    return manager._insert(
           ~~~~~~~~~~~~~~~^
        [self],
        ^^^^^^^
    ...<3 lines>...
        raw=raw,
        ^^^^^^^^
    )
    ^
  File "C:\Users\ASUS\AppData\Roaming\Python\Python314\site-packages\django\db\models\manager.py", line 87, in manager_method
    return getattr(self.get_queryset(), name)(*args, **kwargs)
           ~~~~~~~~~~~~~~~~~~~~~~~~~~~~~~~~~~^^^^^^^^^^^^^^^^^
  File "C:\Users\ASUS\AppData\Roaming\Python\Python314\site-packages\django\db\models\query.py", line 1873, in _insert
    return query.get_compiler(using=using).execute_sql(returning_fields)
           ~~~~~~~~~~~~~~~~~~~~~~~~~~~~~~~~~~~~~~~~~~~^^^^^^^^^^^^^^^^^^
  File "C:\Users\ASUS\AppData\Roaming\Python\Python314\site-packages\django\db\models\sql\compiler.py", line 1882, in execute_sql
    cursor.execute(sql, params)
    ~~~~~~~~~~~~~~^^^^^^^^^^^^^
  File "C:\Users\ASUS\AppData\Roaming\Python\Python314\site-packages\django\db\backends\utils.py", line 122, in execute
    return super().execute(sql, params)
           ~~~~~~~~~~~~~~~^^^^^^^^^^^^^
  File "C:\Users\ASUS\AppData\Roaming\Python\Python314\site-packages\django\db\backends\utils.py", line 79, in execute
    return self._execute_with_wrappers(
           ~~~~~~~~~~~~~~~~~~~~~~~~~~~^
        sql, params, many=False, executor=self._execute
        ^^^^^^^^^^^^^^^^^^^^^^^^^^^^^^^^^^^^^^^^^^^^^^^
    )
    ^
  File "C:\Users\ASUS\AppData\Roaming\Python\Python314\site-packages\django\db\backends\utils.py", line 92, in _execute_with_wrappers
    return executor(sql, params, many, context)
  File "C:\Users\ASUS\AppData\Roaming\Python\Python314\site-packages\django\db\backends\utils.py", line 100, in _execute
    with self.db.wrap_database_errors:
         ^^^^^^^^^^^^^^^^^^^^^^^^^^^^
  File "C:\Users\ASUS\AppData\Roaming\Python\Python314\site-packages\django\db\utils.py", line 91, in __exit__
    raise dj_exc_value.with_traceback(traceback) from exc_value
  File "C:\Users\ASUS\AppData\Roaming\Python\Python314\site-packages\django\db\backends\utils.py", line 105, in _execute
    return self.cursor.execute(sql, params)
           ~~~~~~~~~~~~~~~~~~~^^^^^^^^^^^^^
  File "C:\Users\ASUS\AppData\Roaming\Python\Python314\site-packages\django\db\backends\sqlite3\base.py", line 360, in execute
    return super().execute(query, params)
           ~~~~~~~~~~~~~~~^^^^^^^^^^^^^^^
django.db.utils.IntegrityError: UNIQUE constraint failed: registrations_studentapplication.application_number
Internal Server Error: /api/auto-save/
Traceback (most recent call last):
  File "C:\Users\ASUS\AppData\Roaming\Python\Python314\site-packages\django\db\backends\utils.py", line 105, in _execute
    return self.cursor.execute(sql, params)
           ~~~~~~~~~~~~~~~~~~~^^^^^^^^^^^^^
  File "C:\Users\ASUS\AppData\Roaming\Python\Python314\site-packages\django\db\backends\sqlite3\base.py", line 360, in execute
    return super().execute(query, params)
           ~~~~~~~~~~~~~~~^^^^^^^^^^^^^^^
sqlite3.IntegrityError: UNIQUE constraint failed: registrations_studentapplication.application_number

The above exception was the direct cause of the following exception:

Traceback (most recent call last):
  File "C:\Users\ASUS\AppData\Roaming\Python\Python314\site-packages\django\core\handlers\exception.py", line 55, in inner
    response = get_response(request)
  File "C:\Users\ASUS\AppData\Roaming\Python\Python314\site-packages\django\core\handlers\base.py", line 197, in _get_response
    response = wrapped_callback(request, *callback_args, **callback_kwargs)
  File "C:\Users\ASUS\Downloads\TRAINING PROJECT\TRAINING PROJECT\registrations\views.py", line 689, in auto_save_field
    app = StudentApplication.objects.create(status=status_obj)
  File "C:\Users\ASUS\AppData\Roaming\Python\Python314\site-packages\django\db\models\manager.py", line 87, in manager_method
    return getattr(self.get_queryset(), name)(*args, **kwargs)
           ~~~~~~~~~~~~~~~~~~~~~~~~~~~~~~~~~~^^^^^^^^^^^^^^^^^
  File "C:\Users\ASUS\AppData\Roaming\Python\Python314\site-packages\django\db\models\query.py", line 665, in create
    obj.save(force_insert=True, using=self.db)
    ~~~~~~~~^^^^^^^^^^^^^^^^^^^^^^^^^^^^^^^^^^
  File "C:\Users\ASUS\AppData\Roaming\Python\Python314\site-packages\django\db\models\base.py", line 902, in save
    self.save_base(
    ~~~~~~~~~~~~~~^
        using=using,
        ^^^^^^^^^^^^
    ...<2 lines>...
        update_fields=update_fields,
        ^^^^^^^^^^^^^^^^^^^^^^^^^^^^
    )
    ^
  File "C:\Users\ASUS\AppData\Roaming\Python\Python314\site-packages\django\db\models\base.py", line 1008, in save_base
    updated = self._save_table(
        raw,
    ...<4 lines>...
        update_fields,
    )
  File "C:\Users\ASUS\AppData\Roaming\Python\Python314\site-packages\django\db\models\base.py", line 1169, in _save_table
    results = self._do_insert(
        cls._base_manager, using, fields, returning_fields, raw
    )
  File "C:\Users\ASUS\AppData\Roaming\Python\Python314\site-packages\django\db\models\base.py", line 1210, in _do_insert
    return manager._insert(
           ~~~~~~~~~~~~~~~^
        [self],
        ^^^^^^^
    ...<3 lines>...
        raw=raw,
        ^^^^^^^^
    )
    ^
  File "C:\Users\ASUS\AppData\Roaming\Python\Python314\site-packages\django\db\models\manager.py", line 87, in manager_method
    return getattr(self.get_queryset(), name)(*args, **kwargs)
           ~~~~~~~~~~~~~~~~~~~~~~~~~~~~~~~~~~^^^^^^^^^^^^^^^^^
  File "C:\Users\ASUS\AppData\Roaming\Python\Python314\site-packages\django\db\models\query.py", line 1873, in _insert
    return query.get_compiler(using=using).execute_sql(returning_fields)
           ~~~~~~~~~~~~~~~~~~~~~~~~~~~~~~~~~~~~~~~~~~~^^^^^^^^^^^^^^^^^^
  File "C:\Users\ASUS\AppData\Roaming\Python\Python314\site-packages\django\db\models\sql\compiler.py", line 1882, in execute_sql
    cursor.execute(sql, params)
    ~~~~~~~~~~~~~~^^^^^^^^^^^^^
  File "C:\Users\ASUS\AppData\Roaming\Python\Python314\site-packages\django\db\backends\utils.py", line 122, in execute
    return super().execute(sql, params)
           ~~~~~~~~~~~~~~~^^^^^^^^^^^^^
  File "C:\Users\ASUS\AppData\Roaming\Python\Python314\site-packages\django\db\backends\utils.py", line 79, in execute
    return self._execute_with_wrappers(
           ~~~~~~~~~~~~~~~~~~~~~~~~~~~^
        sql, params, many=False, executor=self._execute
        ^^^^^^^^^^^^^^^^^^^^^^^^^^^^^^^^^^^^^^^^^^^^^^^
    )
    ^
  File "C:\Users\ASUS\AppData\Roaming\Python\Python314\site-packages\django\db\backends\utils.py", line 92, in _execute_with_wrappers
    return executor(sql, params, many, context)
  File "C:\Users\ASUS\AppData\Roaming\Python\Python314\site-packages\django\db\backends\utils.py", line 100, in _execute
    with self.db.wrap_database_errors:
         ^^^^^^^^^^^^^^^^^^^^^^^^^^^^
  File "C:\Users\ASUS\AppData\Roaming\Python\Python314\site-packages\django\db\utils.py", line 91, in __exit__
    raise dj_exc_value.with_traceback(traceback) from exc_value
  File "C:\Users\ASUS\AppData\Roaming\Python\Python314\site-packages\django\db\backends\utils.py", line 105, in _execute
    return self.cursor.execute(sql, params)
           ~~~~~~~~~~~~~~~~~~~^^^^^^^^^^^^^
  File "C:\Users\ASUS\AppData\Roaming\Python\Python314\site-packages\django\db\backends\sqlite3\base.py", line 360, in execute
    return super().execute(query, params)
           ~~~~~~~~~~~~~~~^^^^^^^^^^^^^^^
django.db.utils.IntegrityError: UNIQUE constraint failed: registrations_studentapplication.application_number
Internal Server Error: /api/auto-save/
Traceback (most recent call last):
  File "C:\Users\ASUS\AppData\Roaming\Python\Python314\site-packages\django\db\backends\utils.py", line 105, in _execute
    return self.cursor.execute(sql, params)
           ~~~~~~~~~~~~~~~~~~~^^^^^^^^^^^^^
  File "C:\Users\ASUS\AppData\Roaming\Python\Python314\site-packages\django\db\backends\sqlite3\base.py", line 360, in execute
    return super().execute(query, params)
           ~~~~~~~~~~~~~~~^^^^^^^^^^^^^^^
sqlite3.IntegrityError: UNIQUE constraint failed: registrations_studentapplication.application_number

The above exception was the direct cause of the following exception:

Traceback (most recent call last):
  File "C:\Users\ASUS\AppData\Roaming\Python\Python314\site-packages\django\core\handlers\exception.py", line 55, in inner
    response = get_response(request)
  File "C:\Users\ASUS\AppData\Roaming\Python\Python314\site-packages\django\core\handlers\base.py", line 197, in _get_response
    response = wrapped_callback(request, *callback_args, **callback_kwargs)
  File "C:\Users\ASUS\Downloads\TRAINING PROJECT\TRAINING PROJECT\registrations\views.py", line 689, in auto_save_field
    app = StudentApplication.objects.create(status=status_obj)
  File "C:\Users\ASUS\AppData\Roaming\Python\Python314\site-packages\django\db\models\manager.py", line 87, in manager_method
    return getattr(self.get_queryset(), name)(*args, **kwargs)
           ~~~~~~~~~~~~~~~~~~~~~~~~~~~~~~~~~~^^^^^^^^^^^^^^^^^
  File "C:\Users\ASUS\AppData\Roaming\Python\Python314\site-packages\django\db\models\query.py", line 665, in create
    obj.save(force_insert=True, using=self.db)
    ~~~~~~~~^^^^^^^^^^^^^^^^^^^^^^^^^^^^^^^^^^
  File "C:\Users\ASUS\AppData\Roaming\Python\Python314\site-packages\django\db\models\base.py", line 902, in save
    self.save_base(
    ~~~~~~~~~~~~~~^
        using=using,
        ^^^^^^^^^^^^
    ...<2 lines>...
        update_fields=update_fields,
        ^^^^^^^^^^^^^^^^^^^^^^^^^^^^
    )
    ^
  File "C:\Users\ASUS\AppData\Roaming\Python\Python314\site-packages\django\db\models\base.py", line 1008, in save_base
    updated = self._save_table(
        raw,
    ...<4 lines>...
        update_fields,
    )
  File "C:\Users\ASUS\AppData\Roaming\Python\Python314\site-packages\django\db\models\base.py", line 1169, in _save_table
    results = self._do_insert(
        cls._base_manager, using, fields, returning_fields, raw
    )
  File "C:\Users\ASUS\AppData\Roaming\Python\Python314\site-packages\django\db\models\base.py", line 1210, in _do_insert
    return manager._insert(
           ~~~~~~~~~~~~~~~^
        [self],
        ^^^^^^^
    ...<3 lines>...
        raw=raw,
        ^^^^^^^^
    )
    ^
  File "C:\Users\ASUS\AppData\Roaming\Python\Python314\site-packages\django\db\models\manager.py", line 87, in manager_method
    return getattr(self.get_queryset(), name)(*args, **kwargs)
           ~~~~~~~~~~~~~~~~~~~~~~~~~~~~~~~~~~^^^^^^^^^^^^^^^^^
  File "C:\Users\ASUS\AppData\Roaming\Python\Python314\site-packages\django\db\models\query.py", line 1873, in _insert
    return query.get_compiler(using=using).execute_sql(returning_fields)
           ~~~~~~~~~~~~~~~~~~~~~~~~~~~~~~~~~~~~~~~~~~~^^^^^^^^^^^^^^^^^^
  File "C:\Users\ASUS\AppData\Roaming\Python\Python314\site-packages\django\db\models\sql\compiler.py", line 1882, in execute_sql
    cursor.execute(sql, params)
    ~~~~~~~~~~~~~~^^^^^^^^^^^^^
  File "C:\Users\ASUS\AppData\Roaming\Python\Python314\site-packages\django\db\backends\utils.py", line 122, in execute
    return super().execute(sql, params)
           ~~~~~~~~~~~~~~~^^^^^^^^^^^^^
  File "C:\Users\ASUS\AppData\Roaming\Python\Python314\site-packages\django\db\backends\utils.py", line 79, in execute
    return self._execute_with_wrappers(
           ~~~~~~~~~~~~~~~~~~~~~~~~~~~^
        sql, params, many=False, executor=self._execute
        ^^^^^^^^^^^^^^^^^^^^^^^^^^^^^^^^^^^^^^^^^^^^^^^
    )
    ^
  File "C:\Users\ASUS\AppData\Roaming\Python\Python314\site-packages\django\db\backends\utils.py", line 92, in _execute_with_wrappers
    return executor(sql, params, many, context)
  File "C:\Users\ASUS\AppData\Roaming\Python\Python314\site-packages\django\db\backends\utils.py", line 100, in _execute
    with self.db.wrap_database_errors:
         ^^^^^^^^^^^^^^^^^^^^^^^^^^^^
  File "C:\Users\ASUS\AppData\Roaming\Python\Python314\site-packages\django\db\utils.py", line 91, in __exit__
    raise dj_exc_value.with_traceback(traceback) from exc_value
  File "C:\Users\ASUS\AppData\Roaming\Python\Python314\site-packages\django\db\backends\utils.py", line 105, in _execute
    return self.cursor.execute(sql, params)
           ~~~~~~~~~~~~~~~~~~~^^^^^^^^^^^^^
  File "C:\Users\ASUS\AppData\Roaming\Python\Python314\site-packages\django\db\backends\sqlite3\base.py", line 360, in execute
    return super().execute(query, params)
           ~~~~~~~~~~~~~~~^^^^^^^^^^^^^^^
django.db.utils.IntegrityError: UNIQUE constraint failed: registrations_studentapplication.application_number
Internal Server Error: /api/auto-save/
Traceback (most recent call last):
  File "C:\Users\ASUS\AppData\Roaming\Python\Python314\site-packages\django\db\backends\utils.py", line 105, in _execute
    return self.cursor.execute(sql, params)
           ~~~~~~~~~~~~~~~~~~~^^^^^^^^^^^^^
  File "C:\Users\ASUS\AppData\Roaming\Python\Python314\site-packages\django\db\backends\sqlite3\base.py", line 360, in execute
    return super().execute(query, params)
           ~~~~~~~~~~~~~~~^^^^^^^^^^^^^^^
sqlite3.IntegrityError: UNIQUE constraint failed: registrations_studentapplication.application_number

The above exception was the direct cause of the following exception:

Traceback (most recent call last):
  File "C:\Users\ASUS\AppData\Roaming\Python\Python314\site-packages\django\core\handlers\exception.py", line 55, in inner
    response = get_response(request)
  File "C:\Users\ASUS\AppData\Roaming\Python\Python314\site-packages\django\core\handlers\base.py", line 197, in _get_response
    response = wrapped_callback(request, *callback_args, **callback_kwargs)
  File "C:\Users\ASUS\Downloads\TRAINING PROJECT\TRAINING PROJECT\registrations\views.py", line 689, in auto_save_field
    app = StudentApplication.objects.create(status=status_obj)
  File "C:\Users\ASUS\AppData\Roaming\Python\Python314\site-packages\django\db\models\manager.py", line 87, in manager_method
    return getattr(self.get_queryset(), name)(*args, **kwargs)
           ~~~~~~~~~~~~~~~~~~~~~~~~~~~~~~~~~~^^^^^^^^^^^^^^^^^
  File "C:\Users\ASUS\AppData\Roaming\Python\Python314\site-packages\django\db\models\query.py", line 665, in create
    obj.save(force_insert=True, using=self.db)
    ~~~~~~~~^^^^^^^^^^^^^^^^^^^^^^^^^^^^^^^^^^
  File "C:\Users\ASUS\AppData\Roaming\Python\Python314\site-packages\django\db\models\base.py", line 902, in save
    self.save_base(
    ~~~~~~~~~~~~~~^
        using=using,
        ^^^^^^^^^^^^
    ...<2 lines>...
        update_fields=update_fields,
        ^^^^^^^^^^^^^^^^^^^^^^^^^^^^
    )
    ^
  File "C:\Users\ASUS\AppData\Roaming\Python\Python314\site-packages\django\db\models\base.py", line 1008, in save_base
    updated = self._save_table(
        raw,
    ...<4 lines>...
        update_fields,
    )
  File "C:\Users\ASUS\AppData\Roaming\Python\Python314\site-packages\django\db\models\base.py", line 1169, in _save_table
    results = self._do_insert(
        cls._base_manager, using, fields, returning_fields, raw
    )
  File "C:\Users\ASUS\AppData\Roaming\Python\Python314\site-packages\django\db\models\base.py", line 1210, in _do_insert
    return manager._insert(
           ~~~~~~~~~~~~~~~^
        [self],
        ^^^^^^^
    ...<3 lines>...
        raw=raw,
        ^^^^^^^^
    )
    ^
  File "C:\Users\ASUS\AppData\Roaming\Python\Python314\site-packages\django\db\models\manager.py", line 87, in manager_method
    return getattr(self.get_queryset(), name)(*args, **kwargs)
           ~~~~~~~~~~~~~~~~~~~~~~~~~~~~~~~~~~^^^^^^^^^^^^^^^^^
  File "C:\Users\ASUS\AppData\Roaming\Python\Python314\site-packages\django\db\models\query.py", line 1873, in _insert
    return query.get_compiler(using=using).execute_sql(returning_fields)
           ~~~~~~~~~~~~~~~~~~~~~~~~~~~~~~~~~~~~~~~~~~~^^^^^^^^^^^^^^^^^^
  File "C:\Users\ASUS\AppData\Roaming\Python\Python314\site-packages\django\db\models\sql\compiler.py", line 1882, in execute_sql
    cursor.execute(sql, params)
    ~~~~~~~~~~~~~~^^^^^^^^^^^^^
  File "C:\Users\ASUS\AppData\Roaming\Python\Python314\site-packages\django\db\backends\utils.py", line 122, in execute
    return super().execute(sql, params)
           ~~~~~~~~~~~~~~~^^^^^^^^^^^^^
  File "C:\Users\ASUS\AppData\Roaming\Python\Python314\site-packages\django\db\backends\utils.py", line 79, in execute
    return self._execute_with_wrappers(
           ~~~~~~~~~~~~~~~~~~~~~~~~~~~^
        sql, params, many=False, executor=self._execute
        ^^^^^^^^^^^^^^^^^^^^^^^^^^^^^^^^^^^^^^^^^^^^^^^
    )
    ^
  File "C:\Users\ASUS\AppData\Roaming\Python\Python314\site-packages\django\db\backends\utils.py", line 92, in _execute_with_wrappers
    return executor(sql, params, many, context)
  File "C:\Users\ASUS\AppData\Roaming\Python\Python314\site-packages\django\db\backends\utils.py", line 100, in _execute
    with self.db.wrap_database_errors:
         ^^^^^^^^^^^^^^^^^^^^^^^^^^^^
  File "C:\Users\ASUS\AppData\Roaming\Python\Python314\site-packages\django\db\utils.py", line 91, in __exit__
    raise dj_exc_value.with_traceback(traceback) from exc_value
  File "C:\Users\ASUS\AppData\Roaming\Python\Python314\site-packages\django\db\backends\utils.py", line 105, in _execute
    return self.cursor.execute(sql, params)
           ~~~~~~~~~~~~~~~~~~~^^^^^^^^^^^^^
  File "C:\Users\ASUS\AppData\Roaming\Python\Python314\site-packages\django\db\backends\sqlite3\base.py", line 360, in execute
    return super().execute(query, params)
           ~~~~~~~~~~~~~~~^^^^^^^^^^^^^^^
django.db.utils.IntegrityError: UNIQUE constraint failed: registrations_studentapplication.application_number
DB Draft save error for full_name: Cannot force an update in save() with no primary key.
DB Draft save error for dob: Cannot force an update in save() with no primary key.
DB Draft save error for gender: Cannot force an update in save() with no primary key.
DB Draft save error for gender: Cannot force an update in save() with no primary key.
DB Draft save error for father_name: Cannot force an update in save() with no primary key.
DB Draft save error for marital_status: Cannot force an update in save() with no primary key.
DB Draft save error for mother_name: Cannot force an update in save() with no primary key.
DB Draft save error for ex_serviceman: Cannot force an update in save() with no primary key.
DB Draft save error for community: Cannot force an update in save() with no primary key.
DB Draft save error for religion: Cannot force an update in save() with no primary key.
DB Draft save error for religion: Cannot force an update in save() with no primary key.
DB Draft save error for annual_income: Cannot force an update in save() with no primary key.
DB Draft save error for mobile_number: Cannot force an update in save() with no primary key.
DB Draft save error for alternative_mobile: Cannot force an update in save() with no primary key.
DB Draft save error for aadhaar_number: Cannot force an update in save() with no primary key.
DB Draft save error for communication_address: Cannot force an update in save() with no primary key.
DB Draft save error for email: Cannot force an update in save() with no primary key.
DB Draft save error for full_name: Cannot force an update in save() with no primary key.
DB Draft save error for gender: Cannot force an update in save() with no primary key.
DB Draft save error for dob: Cannot force an update in save() with no primary key.
DB Draft save error for father_name: Cannot force an update in save() with no primary key.
DB Draft save error for mother_name: Cannot force an update in save() with no primary key.
DB Draft save error for marital_status: Cannot force an update in save() with no primary key.
DB Draft save error for religion: Cannot force an update in save() with no primary key.
DB Draft save error for ex_serviceman: Cannot force an update in save() with no primary key.
DB Draft save error for community: Cannot force an update in save() with no primary key.
DB Draft save error for annual_income: Cannot force an update in save() with no primary key.
DB Draft save error for mobile_number: Cannot force an update in save() with no primary key.
DB Draft save error for aadhaar_number: Cannot force an update in save() with no primary key.
DB Draft save error for email: Cannot force an update in save() with no primary key.
DB Draft save error for alternative_mobile: Cannot force an update in save() with no primary key.
DB Draft save error for communication_address: Cannot force an update in save() with no primary key.
DB Draft save error for district: Cannot force an update in save() with no primary key.
DB Draft save error for pincode: Cannot force an update in save() with no primary key.
DB Draft save error for occupation: Cannot force an update in save() with no primary key.
DB Draft save error for applying_qualification: Cannot force an update in save() with no primary key.
DB Draft save error for mode_of_qualification: Cannot force an update in save() with no primary key.
DB Draft save error for completion_status: Cannot force an update in save() with no primary key.
DB Draft save error for custom_stream: Cannot force an update in save() with no primary key.
DB Draft save error for qualification: Cannot force an update in save() with no primary key.
DB Draft save error for percentage: Cannot force an update in save() with no primary key.
DB Draft save error for training_partner: Cannot force an update in save() with no primary key.
DB Draft save error for batch_code: Cannot force an update in save() with no primary key.
DB Draft save error for program_opting: Cannot force an update in save() with no primary key.
DB Draft save error for abc_id: Cannot force an update in save() with no primary key.
DB Draft save error for institution: Cannot force an update in save() with no primary key.
DB Draft save error for hall_ticket_number: Cannot force an update in save() with no primary key.
DB Draft save error for registration_number: Cannot force an update in save() with no primary key.
DB Draft save error for distinguishing_mark: Cannot force an update in save() with no primary key.
DB Draft save error for consent_given: Cannot force an update in save() with no primary key.
DB Draft save error for dob: Cannot force an update in save() with no primary key.
DB Draft save error for full_name: Cannot force an update in save() with no primary key.
DB Draft save error for gender: Cannot force an update in save() with no primary key.
DB Draft save error for dob: Cannot force an update in save() with no primary key.
DB Draft save error for father_name: Cannot force an update in save() with no primary key.
DB Draft save error for mother_name: Cannot force an update in save() with no primary key.
DB Draft save error for marital_status: Cannot force an update in save() with no primary key.
DB Draft save error for religion: Cannot force an update in save() with no primary key.
DB Draft save error for ex_serviceman: Cannot force an update in save() with no primary key.
DB Draft save error for community: Cannot force an update in save() with no primary key.
DB Draft save error for annual_income: Cannot force an update in save() with no primary key.
DB Draft save error for aadhaar_number: Cannot force an update in save() with no primary key.
DB Draft save error for mobile_number: Cannot force an update in save() with no primary key.
DB Draft save error for alternative_mobile: Cannot force an update in save() with no primary key.
DB Draft save error for email: Cannot force an update in save() with no primary key.
DB Draft save error for communication_address: Cannot force an update in save() with no primary key.
DB Draft save error for pincode: Cannot force an update in save() with no primary key.
DB Draft save error for district: Cannot force an update in save() with no primary key.
DB Draft save error for occupation: Cannot force an update in save() with no primary key.
DB Draft save error for applying_qualification: Cannot force an update in save() with no primary key.
DB Draft save error for mode_of_qualification: Cannot force an update in save() with no primary key.
DB Draft save error for custom_stream: Cannot force an update in save() with no primary key.
DB Draft save error for qualification: Cannot force an update in save() with no primary key.
DB Draft save error for year_of_passing: Cannot force an update in save() with no primary key.
DB Draft save error for percentage: Cannot force an update in save() with no primary key.
DB Draft save error for training_partner: Cannot force an update in save() with no primary key.
DB Draft save error for batch_code: Cannot force an update in save() with no primary key.
DB Draft save error for abc_id: Cannot force an update in save() with no primary key.
DB Draft save error for program_opting: Cannot force an update in save() with no primary key.
DB Draft save error for hall_ticket_number: Cannot force an update in save() with no primary key.
DB Draft save error for institution: Cannot force an update in save() with no primary key.
DB Draft save error for registration_number: Cannot force an update in save() with no primary key.
DB Draft save error for consent_given: Cannot force an update in save() with no primary key.
DB Draft save error for completion_status: Cannot force an update in save() with no primary key.
DB Draft save error for full_name: Cannot force an update in save() with no primary key.
DB Draft save error for dob: Cannot force an update in save() with no primary key.
DB Draft save error for gender: Cannot force an update in save() with no primary key.
DB Draft save error for father_name: Cannot force an update in save() with no primary key.
DB Draft save error for marital_status: Cannot force an update in save() with no primary key.
DB Draft save error for religion: Cannot force an update in save() with no primary key.
DB Draft save error for mother_name: Cannot force an update in save() with no primary key.
DB Draft save error for religion: Cannot force an update in save() with no primary key.
Error during submit_application
Traceback (most recent call last):
  File "C:\Users\ASUS\AppData\Roaming\Python\Python314\site-packages\django\db\backends\utils.py", line 105, in _execute
    return self.cursor.execute(sql, params)
           ~~~~~~~~~~~~~~~~~~~^^^^^^^^^^^^^
  File "C:\Users\ASUS\AppData\Roaming\Python\Python314\site-packages\django\db\backends\sqlite3\base.py", line 360, in execute
    return super().execute(query, params)
           ~~~~~~~~~~~~~~~^^^^^^^^^^^^^^^
sqlite3.IntegrityError: UNIQUE constraint failed: registrations_studentapplication.application_number

The above exception was the direct cause of the following exception:

Traceback (most recent call last):
  File "C:\Users\ASUS\Downloads\TRAINING PROJECT\TRAINING PROJECT\registrations\views.py", line 527, in submit_application
    app.save()
    ~~~~~~~~^^
  File "C:\Users\ASUS\AppData\Roaming\Python\Python314\site-packages\django\db\models\base.py", line 902, in save
    self.save_base(
    ~~~~~~~~~~~~~~^
        using=using,
        ^^^^^^^^^^^^
    ...<2 lines>...
        update_fields=update_fields,
        ^^^^^^^^^^^^^^^^^^^^^^^^^^^^
    )
    ^
  File "C:\Users\ASUS\AppData\Roaming\Python\Python314\site-packages\django\db\models\base.py", line 1008, in save_base
    updated = self._save_table(
        raw,
    ...<4 lines>...
        update_fields,
    )
  File "C:\Users\ASUS\AppData\Roaming\Python\Python314\site-packages\django\db\models\base.py", line 1169, in _save_table
    results = self._do_insert(
        cls._base_manager, using, fields, returning_fields, raw
    )
  File "C:\Users\ASUS\AppData\Roaming\Python\Python314\site-packages\django\db\models\base.py", line 1210, in _do_insert
    return manager._insert(
           ~~~~~~~~~~~~~~~^
        [self],
        ^^^^^^^
    ...<3 lines>...
        raw=raw,
        ^^^^^^^^
    )
    ^
  File "C:\Users\ASUS\AppData\Roaming\Python\Python314\site-packages\django\db\models\manager.py", line 87, in manager_method
    return getattr(self.get_queryset(), name)(*args, **kwargs)
           ~~~~~~~~~~~~~~~~~~~~~~~~~~~~~~~~~~^^^^^^^^^^^^^^^^^
  File "C:\Users\ASUS\AppData\Roaming\Python\Python314\site-packages\django\db\models\query.py", line 1873, in _insert
    return query.get_compiler(using=using).execute_sql(returning_fields)
           ~~~~~~~~~~~~~~~~~~~~~~~~~~~~~~~~~~~~~~~~~~~^^^^^^^^^^^^^^^^^^
  File "C:\Users\ASUS\AppData\Roaming\Python\Python314\site-packages\django\db\models\sql\compiler.py", line 1882, in execute_sql
    cursor.execute(sql, params)
    ~~~~~~~~~~~~~~^^^^^^^^^^^^^
  File "C:\Users\ASUS\AppData\Roaming\Python\Python314\site-packages\django\db\backends\utils.py", line 122, in execute
    return super().execute(sql, params)
           ~~~~~~~~~~~~~~~^^^^^^^^^^^^^
  File "C:\Users\ASUS\AppData\Roaming\Python\Python314\site-packages\django\db\backends\utils.py", line 79, in execute
    return self._execute_with_wrappers(
           ~~~~~~~~~~~~~~~~~~~~~~~~~~~^
        sql, params, many=False, executor=self._execute
        ^^^^^^^^^^^^^^^^^^^^^^^^^^^^^^^^^^^^^^^^^^^^^^^
    )
    ^
  File "C:\Users\ASUS\AppData\Roaming\Python\Python314\site-packages\django\db\backends\utils.py", line 92, in _execute_with_wrappers
    return executor(sql, params, many, context)
  File "C:\Users\ASUS\AppData\Roaming\Python\Python314\site-packages\django\db\backends\utils.py", line 100, in _execute
    with self.db.wrap_database_errors:
         ^^^^^^^^^^^^^^^^^^^^^^^^^^^^
  File "C:\Users\ASUS\AppData\Roaming\Python\Python314\site-packages\django\db\utils.py", line 91, in __exit__
    raise dj_exc_value.with_traceback(traceback) from exc_value
  File "C:\Users\ASUS\AppData\Roaming\Python\Python314\site-packages\django\db\backends\utils.py", line 105, in _execute
    return self.cursor.execute(sql, params)
           ~~~~~~~~~~~~~~~~~~~^^^^^^^^^^^^^
  File "C:\Users\ASUS\AppData\Roaming\Python\Python314\site-packages\django\db\backends\sqlite3\base.py", line 360, in execute
    return super().execute(query, params)
           ~~~~~~~~~~~~~~~^^^^^^^^^^^^^^^
django.db.utils.IntegrityError: UNIQUE constraint failed: registrations_studentapplication.application_number
Error during submit_application
Traceback (most recent call last):
  File "C:\Users\ASUS\AppData\Roaming\Python\Python314\site-packages\django\db\backends\utils.py", line 105, in _execute
    return self.cursor.execute(sql, params)
           ~~~~~~~~~~~~~~~~~~~^^^^^^^^^^^^^
  File "C:\Users\ASUS\AppData\Roaming\Python\Python314\site-packages\django\db\backends\sqlite3\base.py", line 360, in execute
    return super().execute(query, params)
           ~~~~~~~~~~~~~~~^^^^^^^^^^^^^^^
sqlite3.IntegrityError: UNIQUE constraint failed: registrations_studentapplication.application_number

The above exception was the direct cause of the following exception:

Traceback (most recent call last):
  File "C:\Users\ASUS\Downloads\TRAINING PROJECT\TRAINING PROJECT\registrations\views.py", line 527, in submit_application
    app.save()
    ~~~~~~~~^^
  File "C:\Users\ASUS\AppData\Roaming\Python\Python314\site-packages\django\db\models\base.py", line 902, in save
    self.save_base(
    ~~~~~~~~~~~~~~^
        using=using,
        ^^^^^^^^^^^^
    ...<2 lines>...
        update_fields=update_fields,
        ^^^^^^^^^^^^^^^^^^^^^^^^^^^^
    )
    ^
  File "C:\Users\ASUS\AppData\Roaming\Python\Python314\site-packages\django\db\models\base.py", line 1008, in save_base
    updated = self._save_table(
        raw,
    ...<4 lines>...
        update_fields,
    )
  File "C:\Users\ASUS\AppData\Roaming\Python\Python314\site-packages\django\db\models\base.py", line 1169, in _save_table
    results = self._do_insert(
        cls._base_manager, using, fields, returning_fields, raw
    )
  File "C:\Users\ASUS\AppData\Roaming\Python\Python314\site-packages\django\db\models\base.py", line 1210, in _do_insert
    return manager._insert(
           ~~~~~~~~~~~~~~~^
        [self],
        ^^^^^^^
    ...<3 lines>...
        raw=raw,
        ^^^^^^^^
    )
    ^
  File "C:\Users\ASUS\AppData\Roaming\Python\Python314\site-packages\django\db\models\manager.py", line 87, in manager_method
    return getattr(self.get_queryset(), name)(*args, **kwargs)
           ~~~~~~~~~~~~~~~~~~~~~~~~~~~~~~~~~~^^^^^^^^^^^^^^^^^
  File "C:\Users\ASUS\AppData\Roaming\Python\Python314\site-packages\django\db\models\query.py", line 1873, in _insert
    return query.get_compiler(using=using).execute_sql(returning_fields)
           ~~~~~~~~~~~~~~~~~~~~~~~~~~~~~~~~~~~~~~~~~~~^^^^^^^^^^^^^^^^^^
  File "C:\Users\ASUS\AppData\Roaming\Python\Python314\site-packages\django\db\models\sql\compiler.py", line 1882, in execute_sql
    cursor.execute(sql, params)
    ~~~~~~~~~~~~~~^^^^^^^^^^^^^
  File "C:\Users\ASUS\AppData\Roaming\Python\Python314\site-packages\django\db\backends\utils.py", line 122, in execute
    return super().execute(sql, params)
           ~~~~~~~~~~~~~~~^^^^^^^^^^^^^
  File "C:\Users\ASUS\AppData\Roaming\Python\Python314\site-packages\django\db\backends\utils.py", line 79, in execute
    return self._execute_with_wrappers(
           ~~~~~~~~~~~~~~~~~~~~~~~~~~~^
        sql, params, many=False, executor=self._execute
        ^^^^^^^^^^^^^^^^^^^^^^^^^^^^^^^^^^^^^^^^^^^^^^^
    )
    ^
  File "C:\Users\ASUS\AppData\Roaming\Python\Python314\site-packages\django\db\backends\utils.py", line 92, in _execute_with_wrappers
    return executor(sql, params, many, context)
  File "C:\Users\ASUS\AppData\Roaming\Python\Python314\site-packages\django\db\backends\utils.py", line 100, in _execute
    with self.db.wrap_database_errors:
         ^^^^^^^^^^^^^^^^^^^^^^^^^^^^
  File "C:\Users\ASUS\AppData\Roaming\Python\Python314\site-packages\django\db\utils.py", line 91, in __exit__
    raise dj_exc_value.with_traceback(traceback) from exc_value
  File "C:\Users\ASUS\AppData\Roaming\Python\Python314\site-packages\django\db\backends\utils.py", line 105, in _execute
    return self.cursor.execute(sql, params)
           ~~~~~~~~~~~~~~~~~~~^^^^^^^^^^^^^
  File "C:\Users\ASUS\AppData\Roaming\Python\Python314\site-packages\django\db\backends\sqlite3\base.py", line 360, in execute
    return super().execute(query, params)
           ~~~~~~~~~~~~~~~^^^^^^^^^^^^^^^
django.db.utils.IntegrityError: UNIQUE constraint failed: registrations_studentapplication.application_number
DB Draft save error for consent_given: ['“true” value must be either True or False.']
Error during submit_application
Traceback (most recent call last):
  File "C:\Users\ASUS\Downloads\TRAINING PROJECT\TRAINING PROJECT\registrations\views.py", line 446, in submit_application
    processed = process_and_optimize_image(file_obj, doc_type)
  File "C:\Users\ASUS\Downloads\TRAINING PROJECT\TRAINING PROJECT\utilities\image_optimizer.py", line 46, in process_and_optimize_image
    img = Image.open(image_field)
  File "C:\Users\ASUS\AppData\Roaming\Python\Python314\site-packages\PIL\Image.py", line 3715, in open
    raise UnidentifiedImageError(msg)
PIL.UnidentifiedImageError: cannot identify image file <InMemoryUploadedFile: tmpaxjfq3c8.jpg (image/jpeg)>
DB Draft save error for consent_given: ['“true” value must be either True or False.']
Internal Server Error: /dashboard/applications/
Traceback (most recent call last):
  File "C:\Users\ASUS\AppData\Roaming\Python\Python314\site-packages\django\core\handlers\exception.py", line 55, in inner
    response = get_response(request)
  File "C:\Users\ASUS\AppData\Roaming\Python\Python314\site-packages\django\core\handlers\base.py", line 197, in _get_response
    response = wrapped_callback(request, *callback_args, **callback_kwargs)
  File "C:\Users\ASUS\AppData\Roaming\Python\Python314\site-packages\django\contrib\auth\decorators.py", line 59, in _view_wrapper
    return view_func(request, *args, **kwargs)
  File "C:\Users\ASUS\AppData\Roaming\Python\Python314\site-packages\django\contrib\auth\decorators.py", line 59, in _view_wrapper
    return view_func(request, *args, **kwargs)
  File "C:\Users\ASUS\Downloads\TRAINING PROJECT\TRAINING PROJECT\dashboard\views.py", line 128, in application_list
    return render(request, 'dashboard/applications.html', context)
  File "C:\Users\ASUS\AppData\Roaming\Python\Python314\site-packages\django\shortcuts.py", line 25, in render
    content = loader.render_to_string(template_name, context, request, using=using)
  File "C:\Users\ASUS\AppData\Roaming\Python\Python314\site-packages\django\template\loader.py", line 61, in render_to_string
    template = get_template(template_name, using=using)
  File "C:\Users\ASUS\AppData\Roaming\Python\Python314\site-packages\django\template\loader.py", line 15, in get_template
    return engine.get_template(template_name)
           ~~~~~~~~~~~~~~~~~~~^^^^^^^^^^^^^^^
  File "C:\Users\ASUS\AppData\Roaming\Python\Python314\site-packages\django\template\backends\django.py", line 79, in get_template
    return Template(self.engine.get_template(template_name), self)
                    ~~~~~~~~~~~~~~~~~~~~~~~~^^^^^^^^^^^^^^^
  File "C:\Users\ASUS\AppData\Roaming\Python\Python314\site-packages\django\template\engine.py", line 177, in get_template
    template, origin = self.find_template(template_name)
                       ~~~~~~~~~~~~~~~~~~^^^^^^^^^^^^^^^
  File "C:\Users\ASUS\AppData\Roaming\Python\Python314\site-packages\django\template\engine.py", line 159, in find_template
    template = loader.get_template(name, skip=skip)
  File "C:\Users\ASUS\AppData\Roaming\Python\Python314\site-packages\django\template\loaders\cached.py", line 57, in get_template
    template = super().get_template(template_name, skip)
  File "C:\Users\ASUS\AppData\Roaming\Python\Python314\site-packages\django\template\loaders\base.py", line 28, in get_template
    return Template(
        contents,
    ...<2 lines>...
        self.engine,
    )
  File "C:\Users\ASUS\AppData\Roaming\Python\Python314\site-packages\django\template\base.py", line 155, in __init__
    self.nodelist = self.compile_nodelist()
                    ~~~~~~~~~~~~~~~~~~~~~^^
  File "C:\Users\ASUS\AppData\Roaming\Python\Python314\site-packages\django\template\base.py", line 197, in compile_nodelist
    nodelist = parser.parse()
  File "C:\Users\ASUS\AppData\Roaming\Python\Python314\site-packages\django\template\base.py", line 519, in parse
    raise self.error(token, e)
  File "C:\Users\ASUS\AppData\Roaming\Python\Python314\site-packages\django\template\base.py", line 517, in parse
    compiled_result = compile_func(self, token)
  File "C:\Users\ASUS\AppData\Roaming\Python\Python314\site-packages\django\template\loader_tags.py", line 299, in do_extends
    nodelist = parser.parse()
  File "C:\Users\ASUS\AppData\Roaming\Python\Python314\site-packages\django\template\base.py", line 519, in parse
    raise self.error(token, e)
  File "C:\Users\ASUS\AppData\Roaming\Python\Python314\site-packages\django\template\base.py", line 517, in parse
    compiled_result = compile_func(self, token)
  File "C:\Users\ASUS\AppData\Roaming\Python\Python314\site-packages\django\template\loader_tags.py", line 234, in do_block
    nodelist = parser.parse(("endblock",))
  File "C:\Users\ASUS\AppData\Roaming\Python\Python314\site-packages\django\template\base.py", line 524, in parse
    self.unclosed_block_tag(parse_until)
    ~~~~~~~~~~~~~~~~~~~~~~~^^^^^^^^^^^^^
  File "C:\Users\ASUS\AppData\Roaming\Python\Python314\site-packages\django\template\base.py", line 591, in unclosed_block_tag
    raise self.error(token, msg)
django.template.exceptions.TemplateSyntaxError: Unclosed tag on line 31: 'block'. Looking for one of: endblock.
Internal Server Error: /dashboard/students/1/profile/
Traceback (most recent call last):
  File "C:\Users\ASUS\AppData\Roaming\Python\Python314\site-packages\django\core\handlers\exception.py", line 55, in inner
    response = get_response(request)
  File "C:\Users\ASUS\AppData\Roaming\Python\Python314\site-packages\django\core\handlers\base.py", line 197, in _get_response
    response = wrapped_callback(request, *callback_args, **callback_kwargs)
  File "C:\Users\ASUS\AppData\Roaming\Python\Python314\site-packages\django\contrib\auth\decorators.py", line 59, in _view_wrapper
    return view_func(request, *args, **kwargs)
  File "C:\Users\ASUS\AppData\Roaming\Python\Python314\site-packages\django\contrib\auth\decorators.py", line 59, in _view_wrapper
    return view_func(request, *args, **kwargs)
  File "C:\Users\ASUS\Downloads\TRAINING PROJECT\TRAINING PROJECT\dashboard\views.py", line 802, in student_profile
    return render(request, 'dashboard/student_profile.html', context)
  File "C:\Users\ASUS\AppData\Roaming\Python\Python314\site-packages\django\shortcuts.py", line 25, in render
    content = loader.render_to_string(template_name, context, request, using=using)
  File "C:\Users\ASUS\AppData\Roaming\Python\Python314\site-packages\django\template\loader.py", line 61, in render_to_string
    template = get_template(template_name, using=using)
  File "C:\Users\ASUS\AppData\Roaming\Python\Python314\site-packages\django\template\loader.py", line 15, in get_template
    return engine.get_template(template_name)
           ~~~~~~~~~~~~~~~~~~~^^^^^^^^^^^^^^^
  File "C:\Users\ASUS\AppData\Roaming\Python\Python314\site-packages\django\template\backends\django.py", line 79, in get_template
    return Template(self.engine.get_template(template_name), self)
                    ~~~~~~~~~~~~~~~~~~~~~~~~^^^^^^^^^^^^^^^
  File "C:\Users\ASUS\AppData\Roaming\Python\Python314\site-packages\django\template\engine.py", line 177, in get_template
    template, origin = self.find_template(template_name)
                       ~~~~~~~~~~~~~~~~~~^^^^^^^^^^^^^^^
  File "C:\Users\ASUS\AppData\Roaming\Python\Python314\site-packages\django\template\engine.py", line 159, in find_template
    template = loader.get_template(name, skip=skip)
  File "C:\Users\ASUS\AppData\Roaming\Python\Python314\site-packages\django\template\loaders\cached.py", line 57, in get_template
    template = super().get_template(template_name, skip)
  File "C:\Users\ASUS\AppData\Roaming\Python\Python314\site-packages\django\template\loaders\base.py", line 28, in get_template
    return Template(
        contents,
    ...<2 lines>...
        self.engine,
    )
  File "C:\Users\ASUS\AppData\Roaming\Python\Python314\site-packages\django\template\base.py", line 155, in __init__
    self.nodelist = self.compile_nodelist()
                    ~~~~~~~~~~~~~~~~~~~~~^^
  File "C:\Users\ASUS\AppData\Roaming\Python\Python314\site-packages\django\template\base.py", line 197, in compile_nodelist
    nodelist = parser.parse()
  File "C:\Users\ASUS\AppData\Roaming\Python\Python314\site-packages\django\template\base.py", line 519, in parse
    raise self.error(token, e)
  File "C:\Users\ASUS\AppData\Roaming\Python\Python314\site-packages\django\template\base.py", line 517, in parse
    compiled_result = compile_func(self, token)
  File "C:\Users\ASUS\AppData\Roaming\Python\Python314\site-packages\django\template\loader_tags.py", line 299, in do_extends
    nodelist = parser.parse()
  File "C:\Users\ASUS\AppData\Roaming\Python\Python314\site-packages\django\template\base.py", line 519, in parse
    raise self.error(token, e)
  File "C:\Users\ASUS\AppData\Roaming\Python\Python314\site-packages\django\template\base.py", line 517, in parse
    compiled_result = compile_func(self, token)
  File "C:\Users\ASUS\AppData\Roaming\Python\Python314\site-packages\django\template\loader_tags.py", line 234, in do_block
    nodelist = parser.parse(("endblock",))
  File "C:\Users\ASUS\AppData\Roaming\Python\Python314\site-packages\django\template\base.py", line 519, in parse
    raise self.error(token, e)
  File "C:\Users\ASUS\AppData\Roaming\Python\Python314\site-packages\django\template\base.py", line 517, in parse
    compiled_result = compile_func(self, token)
  File "C:\Users\ASUS\AppData\Roaming\Python\Python314\site-packages\django\template\defaulttags.py", line 862, in do_for
    nodelist_loop = parser.parse(
        (
    ...<2 lines>...
        )
    )
  File "C:\Users\ASUS\AppData\Roaming\Python\Python314\site-packages\django\template\base.py", line 519, in parse
    raise self.error(token, e)
  File "C:\Users\ASUS\AppData\Roaming\Python\Python314\site-packages\django\template\base.py", line 517, in parse
    compiled_result = compile_func(self, token)
  File "C:\Users\ASUS\AppData\Roaming\Python\Python314\site-packages\django\template\defaulttags.py", line 862, in do_for
    nodelist_loop = parser.parse(
        (
    ...<2 lines>...
        )
    )
  File "C:\Users\ASUS\AppData\Roaming\Python\Python314\site-packages\django\template\base.py", line 519, in parse
    raise self.error(token, e)
  File "C:\Users\ASUS\AppData\Roaming\Python\Python314\site-packages\django\template\base.py", line 517, in parse
    compiled_result = compile_func(self, token)
  File "C:\Users\ASUS\AppData\Roaming\Python\Python314\site-packages\django\template\defaulttags.py", line 962, in do_if
    nodelist = parser.parse(("elif", "else", "endif"))
  File "C:\Users\ASUS\AppData\Roaming\Python\Python314\site-packages\django\template\base.py", line 519, in parse
    raise self.error(token, e)
  File "C:\Users\ASUS\AppData\Roaming\Python\Python314\site-packages\django\template\base.py", line 517, in parse
    compiled_result = compile_func(self, token)
  File "C:\Users\ASUS\AppData\Roaming\Python\Python314\site-packages\django\template\defaulttags.py", line 961, in do_if
    condition = TemplateIfParser(parser, bits).parse()
  File "C:\Users\ASUS\AppData\Roaming\Python\Python314\site-packages\django\template\smartif.py", line 198, in parse
    raise self.error_class(
        "Unused '%s' at end of if expression." % self.current_token.display()
    )
django.template.exceptions.TemplateSyntaxError: Unused ''image/'' at end of if expression.
Internal Server Error: /dashboard/applications/bulk-export/
Traceback (most recent call last):
  File "C:\Users\ASUS\AppData\Roaming\Python\Python314\site-packages\django\core\handlers\exception.py", line 55, in inner
    response = get_response(request)
  File "C:\Users\ASUS\AppData\Roaming\Python\Python314\site-packages\django\core\handlers\base.py", line 197, in _get_response
    response = wrapped_callback(request, *callback_args, **callback_kwargs)
  File "C:\Users\ASUS\AppData\Roaming\Python\Python314\site-packages\django\contrib\auth\decorators.py", line 59, in _view_wrapper
    return view_func(request, *args, **kwargs)
  File "C:\Users\ASUS\AppData\Roaming\Python\Python314\site-packages\django\contrib\auth\decorators.py", line 59, in _view_wrapper
    return view_func(request, *args, **kwargs)
  File "C:\Users\ASUS\Downloads\TRAINING PROJECT\TRAINING PROJECT\dashboard\views.py", line 1328, in bulk_export
    data = generate_full_excel_export(queryset, request)
  File "C:\Users\ASUS\Downloads\TRAINING PROJECT\TRAINING PROJECT\utilities\export_generator.py", line 189, in generate_full_excel_export
    ws.append(extract_application_row(app, request))
    ~~~~~~~~~^^^^^^^^^^^^^^^^^^^^^^^^^^^^^^^^^^^^^^^
  File "C:\Users\ASUS\AppData\Roaming\Python\Python314\site-packages\openpyxl\worksheet\worksheet.py", line 673, in append
    cell = Cell(self, row=row_idx, column=col_idx, value=content)
  File "C:\Users\ASUS\AppData\Roaming\Python\Python314\site-packages\openpyxl\cell\cell.py", line 119, in __init__
    self.value = value
    ^^^^^^^^^^
  File "C:\Users\ASUS\AppData\Roaming\Python\Python314\site-packages\openpyxl\cell\cell.py", line 218, in value
    self._bind_value(value)
    ~~~~~~~~~~~~~~~~^^^^^^^
  File "C:\Users\ASUS\AppData\Roaming\Python\Python314\site-packages\openpyxl\cell\cell.py", line 187, in _bind_value
    raise ValueError("Cannot convert {0!r} to Excel".format(value))
ValueError: Cannot convert <TrainingPartner: Council For Skills And Competencies (CSC)> to Excel
Internal Server Error: /dashboard/reports/daily/
Traceback (most recent call last):
  File "C:\Users\ASUS\AppData\Roaming\Python\Python314\site-packages\django\core\handlers\exception.py", line 55, in inner
    response = get_response(request)
  File "C:\Users\ASUS\AppData\Roaming\Python\Python314\site-packages\django\core\handlers\base.py", line 197, in _get_response
    response = wrapped_callback(request, *callback_args, **callback_kwargs)
  File "C:\Users\ASUS\AppData\Roaming\Python\Python314\site-packages\django\contrib\auth\decorators.py", line 59, in _view_wrapper
    return view_func(request, *args, **kwargs)
  File "C:\Users\ASUS\AppData\Roaming\Python\Python314\site-packages\django\contrib\auth\decorators.py", line 59, in _view_wrapper
    return view_func(request, *args, **kwargs)
  File "C:\Users\ASUS\Downloads\TRAINING PROJECT\TRAINING PROJECT\dashboard\views.py", line 1384, in report_daily
    ctx = _report_context_common(request)
  File "C:\Users\ASUS\Downloads\TRAINING PROJECT\TRAINING PROJECT\dashboard\views.py", line 1322, in _report_context_common
    'religions': Religion.objects.filter(is_active=True),
                 ^^^^^^^^
NameError: name 'Religion' is not defined
Internal Server Error: /dashboard/applications/bulk-export/
Traceback (most recent call last):
  File "C:\Users\ASUS\AppData\Roaming\Python\Python314\site-packages\django\core\handlers\exception.py", line 55, in inner
    response = get_response(request)
  File "C:\Users\ASUS\AppData\Roaming\Python\Python314\site-packages\django\core\handlers\base.py", line 197, in _get_response
    response = wrapped_callback(request, *callback_args, **callback_kwargs)
  File "C:\Users\ASUS\AppData\Roaming\Python\Python314\site-packages\django\contrib\auth\decorators.py", line 59, in _view_wrapper
    return view_func(request, *args, **kwargs)
  File "C:\Users\ASUS\AppData\Roaming\Python\Python314\site-packages\django\contrib\auth\decorators.py", line 59, in _view_wrapper
    return view_func(request, *args, **kwargs)
  File "C:\Users\ASUS\Downloads\TRAINING PROJECT\TRAINING PROJECT\dashboard\views.py", line 1750, in bulk_export
    data = generate_full_excel_export(queryset, request)
  File "C:\Users\ASUS\Downloads\TRAINING PROJECT\TRAINING PROJECT\utilities\export_generator.py", line 189, in generate_full_excel_export
    ws.append(extract_application_row(app, request))
    ~~~~~~~~~^^^^^^^^^^^^^^^^^^^^^^^^^^^^^^^^^^^^^^^
  File "C:\Users\ASUS\AppData\Roaming\Python\Python314\site-packages\openpyxl\worksheet\worksheet.py", line 673, in append
    cell = Cell(self, row=row_idx, column=col_idx, value=content)
  File "C:\Users\ASUS\AppData\Roaming\Python\Python314\site-packages\openpyxl\cell\cell.py", line 119, in __init__
    self.value = value
    ^^^^^^^^^^
  File "C:\Users\ASUS\AppData\Roaming\Python\Python314\site-packages\openpyxl\cell\cell.py", line 218, in value
    self._bind_value(value)
    ~~~~~~~~~~~~~~~~^^^^^^^
  File "C:\Users\ASUS\AppData\Roaming\Python\Python314\site-packages\openpyxl\cell\cell.py", line 187, in _bind_value
    raise ValueError("Cannot convert {0!r} to Excel".format(value))
ValueError: Cannot convert <TrainingPartner: Council For Skills And Competencies (CSC)> to Excel
Internal Server Error: /dashboard/settings/
Traceback (most recent call last):
  File "C:\Users\ASUS\AppData\Roaming\Python\Python314\site-packages\django\core\handlers\exception.py", line 55, in inner
    response = get_response(request)
  File "C:\Users\ASUS\AppData\Roaming\Python\Python314\site-packages\django\core\handlers\base.py", line 197, in _get_response
    response = wrapped_callback(request, *callback_args, **callback_kwargs)
  File "C:\Users\ASUS\AppData\Roaming\Python\Python314\site-packages\django\contrib\auth\decorators.py", line 59, in _view_wrapper
    return view_func(request, *args, **kwargs)
  File "C:\Users\ASUS\AppData\Roaming\Python\Python314\site-packages\django\contrib\auth\decorators.py", line 59, in _view_wrapper
    return view_func(request, *args, **kwargs)
  File "C:\Users\ASUS\Downloads\TRAINING PROJECT\TRAINING PROJECT\dashboard\views.py", line 2100, in settings_dashboard
    messages.success(request, 'Platform settings saved successfully.')
    ^^^^^^^^
NameError: name 'messages' is not defined
Internal Server Error: /dashboard/settings/
Traceback (most recent call last):
  File "C:\Users\ASUS\AppData\Roaming\Python\Python314\site-packages\django\core\handlers\exception.py", line 55, in inner
    response = get_response(request)
  File "C:\Users\ASUS\AppData\Roaming\Python\Python314\site-packages\django\core\handlers\base.py", line 197, in _get_response
    response = wrapped_callback(request, *callback_args, **callback_kwargs)
  File "C:\Users\ASUS\AppData\Roaming\Python\Python314\site-packages\django\contrib\auth\decorators.py", line 59, in _view_wrapper
    return view_func(request, *args, **kwargs)
  File "C:\Users\ASUS\AppData\Roaming\Python\Python314\site-packages\django\contrib\auth\decorators.py", line 59, in _view_wrapper
    return view_func(request, *args, **kwargs)
  File "C:\Users\ASUS\Downloads\TRAINING PROJECT\TRAINING PROJECT\dashboard\views.py", line 2102, in settings_dashboard
    return redirect('settings_dashboard')
           ^^^^^^^^
NameError: name 'redirect' is not defined
Internal Server Error: /dashboard/
Traceback (most recent call last):
  File "C:\Users\ASUS\AppData\Roaming\Python\Python314\site-packages\django\core\handlers\exception.py", line 55, in inner
    response = get_response(request)
  File "C:\Users\ASUS\AppData\Roaming\Python\Python314\site-packages\django\core\handlers\base.py", line 197, in _get_response
    response = wrapped_callback(request, *callback_args, **callback_kwargs)
  File "C:\Users\ASUS\AppData\Roaming\Python\Python314\site-packages\django\contrib\auth\decorators.py", line 59, in _view_wrapper
    return view_func(request, *args, **kwargs)
  File "C:\Users\ASUS\AppData\Roaming\Python\Python314\site-packages\django\contrib\auth\decorators.py", line 59, in _view_wrapper
    return view_func(request, *args, **kwargs)
  File "C:\Users\ASUS\Downloads\TRAINING PROJECT\TRAINING PROJECT\dashboard\views.py", line 21, in dashboard_home
    data = get_dashboard_data(request)
  File "C:\Users\ASUS\Downloads\TRAINING PROJECT\TRAINING PROJECT\dashboard\dashboard_data.py", line 409, in get_dashboard_data
    'total_programs': Program.objects.count(),
                      ^^^^^^^
NameError: name 'Program' is not defined
Internal Server Error: /dashboard/
Traceback (most recent call last):
  File "C:\Users\ASUS\AppData\Roaming\Python\Python314\site-packages\django\core\handlers\exception.py", line 55, in inner
    response = get_response(request)
  File "C:\Users\ASUS\AppData\Roaming\Python\Python314\site-packages\django\core\handlers\base.py", line 197, in _get_response
    response = wrapped_callback(request, *callback_args, **callback_kwargs)
  File "C:\Users\ASUS\AppData\Roaming\Python\Python314\site-packages\django\contrib\auth\decorators.py", line 59, in _view_wrapper
    return view_func(request, *args, **kwargs)
  File "C:\Users\ASUS\AppData\Roaming\Python\Python314\site-packages\django\contrib\auth\decorators.py", line 59, in _view_wrapper
    return view_func(request, *args, **kwargs)
  File "C:\Users\ASUS\Downloads\TRAINING PROJECT\TRAINING PROJECT\dashboard\views.py", line 21, in dashboard_home
    data = get_dashboard_data(request)
  File "C:\Users\ASUS\Downloads\TRAINING PROJECT\TRAINING PROJECT\dashboard\dashboard_data.py", line 409, in get_dashboard_data
    'total_programs': Program.objects.count(),
                      ^^^^^^^
NameError: name 'Program' is not defined
Internal Server Error: /accounts/login/
Traceback (most recent call last):
  File "C:\Users\ASUS\Downloads\TRAINING PROJECT\TRAINING PROJECT\venv\Lib\site-packages\django\core\handlers\exception.py", line 55, in inner
    response = get_response(request)
  File "C:\Users\ASUS\Downloads\TRAINING PROJECT\TRAINING PROJECT\venv\Lib\site-packages\django\core\handlers\base.py", line 221, in _get_response
    response = response.render()
  File "C:\Users\ASUS\Downloads\TRAINING PROJECT\TRAINING PROJECT\venv\Lib\site-packages\django\template\response.py", line 114, in render
    self.content = self.rendered_content
                   ^^^^^^^^^^^^^^^^^^^^^
  File "C:\Users\ASUS\Downloads\TRAINING PROJECT\TRAINING PROJECT\venv\Lib\site-packages\django\template\response.py", line 90, in rendered_content
    template = self.resolve_template(self.template_name)
  File "C:\Users\ASUS\Downloads\TRAINING PROJECT\TRAINING PROJECT\venv\Lib\site-packages\django\template\response.py", line 72, in resolve_template
    return select_template(template, using=self.using)
  File "C:\Users\ASUS\Downloads\TRAINING PROJECT\TRAINING PROJECT\venv\Lib\site-packages\django\template\loader.py", line 47, in select_template
    raise TemplateDoesNotExist(", ".join(template_name_list), chain=chain)
django.template.exceptions.TemplateDoesNotExist: registration/login.html
Internal Server Error: /accounts/login/
Traceback (most recent call last):
  File "C:\Users\ASUS\AppData\Roaming\Python\Python314\site-packages\django\core\handlers\exception.py", line 55, in inner
    response = get_response(request)
  File "C:\Users\ASUS\AppData\Roaming\Python\Python314\site-packages\django\core\handlers\base.py", line 220, in _get_response
    response = response.render()
  File "C:\Users\ASUS\AppData\Roaming\Python\Python314\site-packages\django\template\response.py", line 114, in render
    self.content = self.rendered_content
                   ^^^^^^^^^^^^^^^^^^^^^
  File "C:\Users\ASUS\AppData\Roaming\Python\Python314\site-packages\django\template\response.py", line 92, in rendered_content
    return template.render(context, self._request)
           ~~~~~~~~~~~~~~~^^^^^^^^^^^^^^^^^^^^^^^^
  File "C:\Users\ASUS\AppData\Roaming\Python\Python314\site-packages\django\template\backends\django.py", line 107, in render
    return self.template.render(context)
           ~~~~~~~~~~~~~~~~~~~~^^^^^^^^^
  File "C:\Users\ASUS\AppData\Roaming\Python\Python314\site-packages\django\template\base.py", line 172, in render
    return self._render(context)
           ~~~~~~~~~~~~^^^^^^^^^
  File "C:\Users\ASUS\AppData\Roaming\Python\Python314\site-packages\django\template\base.py", line 164, in _render
    return self.nodelist.render(context)
           ~~~~~~~~~~~~~~~~~~~~^^^^^^^^^
  File "C:\Users\ASUS\AppData\Roaming\Python\Python314\site-packages\django\template\base.py", line 1018, in render
    return SafeString("".join([node.render_annotated(context) for node in self]))
                               ~~~~~~~~~~~~~~~~~~~~~^^^^^^^^^
  File "C:\Users\ASUS\AppData\Roaming\Python\Python314\site-packages\django\template\base.py", line 979, in render_annotated
    return self.render(context)
           ~~~~~~~~~~~^^^^^^^^^
  File "C:\Users\ASUS\AppData\Roaming\Python\Python314\site-packages\django\template\loader_tags.py", line 159, in render
    return compiled_parent._render(context)
           ~~~~~~~~~~~~~~~~~~~~~~~^^^^^^^^^
  File "C:\Users\ASUS\AppData\Roaming\Python\Python314\site-packages\django\template\base.py", line 164, in _render
    return self.nodelist.render(context)
           ~~~~~~~~~~~~~~~~~~~~^^^^^^^^^
  File "C:\Users\ASUS\AppData\Roaming\Python\Python314\site-packages\django\template\base.py", line 1018, in render
    return SafeString("".join([node.render_annotated(context) for node in self]))
                               ~~~~~~~~~~~~~~~~~~~~~^^^^^^^^^
  File "C:\Users\ASUS\AppData\Roaming\Python\Python314\site-packages\django\template\base.py", line 979, in render_annotated
    return self.render(context)
           ~~~~~~~~~~~^^^^^^^^^
  File "C:\Users\ASUS\AppData\Roaming\Python\Python314\site-packages\django\template\loader_tags.py", line 210, in render
    return template.render(context)
           ~~~~~~~~~~~~~~~^^^^^^^^^
  File "C:\Users\ASUS\AppData\Roaming\Python\Python314\site-packages\django\template\base.py", line 174, in render
    return self._render(context)
           ~~~~~~~~~~~~^^^^^^^^^
  File "C:\Users\ASUS\AppData\Roaming\Python\Python314\site-packages\django\template\base.py", line 164, in _render
    return self.nodelist.render(context)
           ~~~~~~~~~~~~~~~~~~~~^^^^^^^^^
  File "C:\Users\ASUS\AppData\Roaming\Python\Python314\site-packages\django\template\base.py", line 1018, in render
    return SafeString("".join([node.render_annotated(context) for node in self]))
                               ~~~~~~~~~~~~~~~~~~~~~^^^^^^^^^
  File "C:\Users\ASUS\AppData\Roaming\Python\Python314\site-packages\django\template\base.py", line 979, in render_annotated
    return self.render(context)
           ~~~~~~~~~~~^^^^^^^^^
  File "C:\Users\ASUS\AppData\Roaming\Python\Python314\site-packages\django\template\defaulttags.py", line 480, in render
    url = reverse(view_name, args=args, kwargs=kwargs, current_app=current_app)
  File "C:\Users\ASUS\AppData\Roaming\Python\Python314\site-packages\django\urls\base.py", line 98, in reverse
    resolved_url = resolver._reverse_with_prefix(view, prefix, *args, **kwargs)
  File "C:\Users\ASUS\AppData\Roaming\Python\Python314\site-packages\django\urls\resolvers.py", line 831, in _reverse_with_prefix
    raise NoReverseMatch(msg)
django.urls.exceptions.NoReverseMatch: Reverse for 'tools' not found. 'tools' is not a valid view function or pattern name.
Internal Server Error: /
Traceback (most recent call last):
  File "C:\Users\ASUS\AppData\Roaming\Python\Python314\site-packages\django\core\handlers\exception.py", line 55, in inner
    response = get_response(request)
  File "C:\Users\ASUS\AppData\Roaming\Python\Python314\site-packages\django\core\handlers\base.py", line 197, in _get_response
    response = wrapped_callback(request, *callback_args, **callback_kwargs)
  File "C:\Users\ASUS\Downloads\TRAINING PROJECT\TRAINING PROJECT\registrations\views.py", line 387, in registration_view
    return render(request, 'registration/index.html', context)
  File "C:\Users\ASUS\AppData\Roaming\Python\Python314\site-packages\django\shortcuts.py", line 25, in render
    content = loader.render_to_string(template_name, context, request, using=using)
  File "C:\Users\ASUS\AppData\Roaming\Python\Python314\site-packages\django\template\loader.py", line 62, in render_to_string
    return template.render(context, request)
           ~~~~~~~~~~~~~~~^^^^^^^^^^^^^^^^^^
  File "C:\Users\ASUS\AppData\Roaming\Python\Python314\site-packages\django\template\backends\django.py", line 107, in render
    return self.template.render(context)
           ~~~~~~~~~~~~~~~~~~~~^^^^^^^^^
  File "C:\Users\ASUS\AppData\Roaming\Python\Python314\site-packages\django\template\base.py", line 172, in render
    return self._render(context)
           ~~~~~~~~~~~~^^^^^^^^^
  File "C:\Users\ASUS\AppData\Roaming\Python\Python314\site-packages\django\template\base.py", line 164, in _render
    return self.nodelist.render(context)
           ~~~~~~~~~~~~~~~~~~~~^^^^^^^^^
  File "C:\Users\ASUS\AppData\Roaming\Python\Python314\site-packages\django\template\base.py", line 1018, in render
    return SafeString("".join([node.render_annotated(context) for node in self]))
                               ~~~~~~~~~~~~~~~~~~~~~^^^^^^^^^
  File "C:\Users\ASUS\AppData\Roaming\Python\Python314\site-packages\django\template\base.py", line 979, in render_annotated
    return self.render(context)
           ~~~~~~~~~~~^^^^^^^^^
  File "C:\Users\ASUS\AppData\Roaming\Python\Python314\site-packages\django\template\loader_tags.py", line 159, in render
    return compiled_parent._render(context)
           ~~~~~~~~~~~~~~~~~~~~~~~^^^^^^^^^
  File "C:\Users\ASUS\AppData\Roaming\Python\Python314\site-packages\django\template\base.py", line 164, in _render
    return self.nodelist.render(context)
           ~~~~~~~~~~~~~~~~~~~~^^^^^^^^^
  File "C:\Users\ASUS\AppData\Roaming\Python\Python314\site-packages\django\template\base.py", line 1018, in render
    return SafeString("".join([node.render_annotated(context) for node in self]))
                               ~~~~~~~~~~~~~~~~~~~~~^^^^^^^^^
  File "C:\Users\ASUS\AppData\Roaming\Python\Python314\site-packages\django\template\base.py", line 979, in render_annotated
    return self.render(context)
           ~~~~~~~~~~~^^^^^^^^^
  File "C:\Users\ASUS\AppData\Roaming\Python\Python314\site-packages\django\template\loader_tags.py", line 210, in render
    return template.render(context)
           ~~~~~~~~~~~~~~~^^^^^^^^^
  File "C:\Users\ASUS\AppData\Roaming\Python\Python314\site-packages\django\template\base.py", line 174, in render
    return self._render(context)
           ~~~~~~~~~~~~^^^^^^^^^
  File "C:\Users\ASUS\AppData\Roaming\Python\Python314\site-packages\django\template\base.py", line 164, in _render
    return self.nodelist.render(context)
           ~~~~~~~~~~~~~~~~~~~~^^^^^^^^^
  File "C:\Users\ASUS\AppData\Roaming\Python\Python314\site-packages\django\template\base.py", line 1018, in render
    return SafeString("".join([node.render_annotated(context) for node in self]))
                               ~~~~~~~~~~~~~~~~~~~~~^^^^^^^^^
  File "C:\Users\ASUS\AppData\Roaming\Python\Python314\site-packages\django\template\base.py", line 979, in render_annotated
    return self.render(context)
           ~~~~~~~~~~~^^^^^^^^^
  File "C:\Users\ASUS\AppData\Roaming\Python\Python314\site-packages\django\template\defaulttags.py", line 480, in render
    url = reverse(view_name, args=args, kwargs=kwargs, current_app=current_app)
  File "C:\Users\ASUS\AppData\Roaming\Python\Python314\site-packages\django\urls\base.py", line 98, in reverse
    resolved_url = resolver._reverse_with_prefix(view, prefix, *args, **kwargs)
  File "C:\Users\ASUS\AppData\Roaming\Python\Python314\site-packages\django\urls\resolvers.py", line 831, in _reverse_with_prefix
    raise NoReverseMatch(msg)
django.urls.exceptions.NoReverseMatch: Reverse for 'tools' not found. 'tools' is not a valid view function or pattern name.
Internal Server Error: /registration/
Traceback (most recent call last):
  File "C:\Users\ASUS\AppData\Roaming\Python\Python314\site-packages\django\core\handlers\exception.py", line 55, in inner
    response = get_response(request)
  File "C:\Users\ASUS\AppData\Roaming\Python\Python314\site-packages\django\core\handlers\base.py", line 197, in _get_response
    response = wrapped_callback(request, *callback_args, **callback_kwargs)
  File "C:\Users\ASUS\Downloads\TRAINING PROJECT\TRAINING PROJECT\registrations\views.py", line 387, in registration_view
    return render(request, 'registration/index.html', context)
  File "C:\Users\ASUS\AppData\Roaming\Python\Python314\site-packages\django\shortcuts.py", line 25, in render
    content = loader.render_to_string(template_name, context, request, using=using)
  File "C:\Users\ASUS\AppData\Roaming\Python\Python314\site-packages\django\template\loader.py", line 62, in render_to_string
    return template.render(context, request)
           ~~~~~~~~~~~~~~~^^^^^^^^^^^^^^^^^^
  File "C:\Users\ASUS\AppData\Roaming\Python\Python314\site-packages\django\template\backends\django.py", line 107, in render
    return self.template.render(context)
           ~~~~~~~~~~~~~~~~~~~~^^^^^^^^^
  File "C:\Users\ASUS\AppData\Roaming\Python\Python314\site-packages\django\template\base.py", line 172, in render
    return self._render(context)
           ~~~~~~~~~~~~^^^^^^^^^
  File "C:\Users\ASUS\AppData\Roaming\Python\Python314\site-packages\django\template\base.py", line 164, in _render
    return self.nodelist.render(context)
           ~~~~~~~~~~~~~~~~~~~~^^^^^^^^^
  File "C:\Users\ASUS\AppData\Roaming\Python\Python314\site-packages\django\template\base.py", line 1018, in render
    return SafeString("".join([node.render_annotated(context) for node in self]))
                               ~~~~~~~~~~~~~~~~~~~~~^^^^^^^^^
  File "C:\Users\ASUS\AppData\Roaming\Python\Python314\site-packages\django\template\base.py", line 979, in render_annotated
    return self.render(context)
           ~~~~~~~~~~~^^^^^^^^^
  File "C:\Users\ASUS\AppData\Roaming\Python\Python314\site-packages\django\template\loader_tags.py", line 159, in render
    return compiled_parent._render(context)
           ~~~~~~~~~~~~~~~~~~~~~~~^^^^^^^^^
  File "C:\Users\ASUS\AppData\Roaming\Python\Python314\site-packages\django\template\base.py", line 164, in _render
    return self.nodelist.render(context)
           ~~~~~~~~~~~~~~~~~~~~^^^^^^^^^
  File "C:\Users\ASUS\AppData\Roaming\Python\Python314\site-packages\django\template\base.py", line 1018, in render
    return SafeString("".join([node.render_annotated(context) for node in self]))
                               ~~~~~~~~~~~~~~~~~~~~~^^^^^^^^^
  File "C:\Users\ASUS\AppData\Roaming\Python\Python314\site-packages\django\template\base.py", line 979, in render_annotated
    return self.render(context)
           ~~~~~~~~~~~^^^^^^^^^
  File "C:\Users\ASUS\AppData\Roaming\Python\Python314\site-packages\django\template\loader_tags.py", line 210, in render
    return template.render(context)
           ~~~~~~~~~~~~~~~^^^^^^^^^
  File "C:\Users\ASUS\AppData\Roaming\Python\Python314\site-packages\django\template\base.py", line 174, in render
    return self._render(context)
           ~~~~~~~~~~~~^^^^^^^^^
  File "C:\Users\ASUS\AppData\Roaming\Python\Python314\site-packages\django\template\base.py", line 164, in _render
    return self.nodelist.render(context)
           ~~~~~~~~~~~~~~~~~~~~^^^^^^^^^
  File "C:\Users\ASUS\AppData\Roaming\Python\Python314\site-packages\django\template\base.py", line 1018, in render
    return SafeString("".join([node.render_annotated(context) for node in self]))
                               ~~~~~~~~~~~~~~~~~~~~~^^^^^^^^^
  File "C:\Users\ASUS\AppData\Roaming\Python\Python314\site-packages\django\template\base.py", line 979, in render_annotated
    return self.render(context)
           ~~~~~~~~~~~^^^^^^^^^
  File "C:\Users\ASUS\AppData\Roaming\Python\Python314\site-packages\django\template\defaulttags.py", line 480, in render
    url = reverse(view_name, args=args, kwargs=kwargs, current_app=current_app)
  File "C:\Users\ASUS\AppData\Roaming\Python\Python314\site-packages\django\urls\base.py", line 98, in reverse
    resolved_url = resolver._reverse_with_prefix(view, prefix, *args, **kwargs)
  File "C:\Users\ASUS\AppData\Roaming\Python\Python314\site-packages\django\urls\resolvers.py", line 831, in _reverse_with_prefix
    raise NoReverseMatch(msg)
django.urls.exceptions.NoReverseMatch: Reverse for 'tools' not found. 'tools' is not a valid view function or pattern name.
Internal Server Error: /accounts/login/
Traceback (most recent call last):
  File "C:\Users\ASUS\AppData\Roaming\Python\Python314\site-packages\django\core\handlers\exception.py", line 55, in inner
    response = get_response(request)
  File "C:\Users\ASUS\AppData\Roaming\Python\Python314\site-packages\django\core\handlers\base.py", line 220, in _get_response
    response = response.render()
  File "C:\Users\ASUS\AppData\Roaming\Python\Python314\site-packages\django\template\response.py", line 114, in render
    self.content = self.rendered_content
                   ^^^^^^^^^^^^^^^^^^^^^
  File "C:\Users\ASUS\AppData\Roaming\Python\Python314\site-packages\django\template\response.py", line 92, in rendered_content
    return template.render(context, self._request)
           ~~~~~~~~~~~~~~~^^^^^^^^^^^^^^^^^^^^^^^^
  File "C:\Users\ASUS\AppData\Roaming\Python\Python314\site-packages\django\template\backends\django.py", line 107, in render
    return self.template.render(context)
           ~~~~~~~~~~~~~~~~~~~~^^^^^^^^^
  File "C:\Users\ASUS\AppData\Roaming\Python\Python314\site-packages\django\template\base.py", line 172, in render
    return self._render(context)
           ~~~~~~~~~~~~^^^^^^^^^
  File "C:\Users\ASUS\AppData\Roaming\Python\Python314\site-packages\django\template\base.py", line 164, in _render
    return self.nodelist.render(context)
           ~~~~~~~~~~~~~~~~~~~~^^^^^^^^^
  File "C:\Users\ASUS\AppData\Roaming\Python\Python314\site-packages\django\template\base.py", line 1018, in render
    return SafeString("".join([node.render_annotated(context) for node in self]))
                               ~~~~~~~~~~~~~~~~~~~~~^^^^^^^^^
  File "C:\Users\ASUS\AppData\Roaming\Python\Python314\site-packages\django\template\base.py", line 979, in render_annotated
    return self.render(context)
           ~~~~~~~~~~~^^^^^^^^^
  File "C:\Users\ASUS\AppData\Roaming\Python\Python314\site-packages\django\template\loader_tags.py", line 159, in render
    return compiled_parent._render(context)
           ~~~~~~~~~~~~~~~~~~~~~~~^^^^^^^^^
  File "C:\Users\ASUS\AppData\Roaming\Python\Python314\site-packages\django\template\base.py", line 164, in _render
    return self.nodelist.render(context)
           ~~~~~~~~~~~~~~~~~~~~^^^^^^^^^
  File "C:\Users\ASUS\AppData\Roaming\Python\Python314\site-packages\django\template\base.py", line 1018, in render
    return SafeString("".join([node.render_annotated(context) for node in self]))
                               ~~~~~~~~~~~~~~~~~~~~~^^^^^^^^^
  File "C:\Users\ASUS\AppData\Roaming\Python\Python314\site-packages\django\template\base.py", line 979, in render_annotated
    return self.render(context)
           ~~~~~~~~~~~^^^^^^^^^
  File "C:\Users\ASUS\AppData\Roaming\Python\Python314\site-packages\django\template\loader_tags.py", line 210, in render
    return template.render(context)
           ~~~~~~~~~~~~~~~^^^^^^^^^
  File "C:\Users\ASUS\AppData\Roaming\Python\Python314\site-packages\django\template\base.py", line 174, in render
    return self._render(context)
           ~~~~~~~~~~~~^^^^^^^^^
  File "C:\Users\ASUS\AppData\Roaming\Python\Python314\site-packages\django\template\base.py", line 164, in _render
    return self.nodelist.render(context)
           ~~~~~~~~~~~~~~~~~~~~^^^^^^^^^
  File "C:\Users\ASUS\AppData\Roaming\Python\Python314\site-packages\django\template\base.py", line 1018, in render
    return SafeString("".join([node.render_annotated(context) for node in self]))
                               ~~~~~~~~~~~~~~~~~~~~~^^^^^^^^^
  File "C:\Users\ASUS\AppData\Roaming\Python\Python314\site-packages\django\template\base.py", line 979, in render_annotated
    return self.render(context)
           ~~~~~~~~~~~^^^^^^^^^
  File "C:\Users\ASUS\AppData\Roaming\Python\Python314\site-packages\django\template\defaulttags.py", line 480, in render
    url = reverse(view_name, args=args, kwargs=kwargs, current_app=current_app)
  File "C:\Users\ASUS\AppData\Roaming\Python\Python314\site-packages\django\urls\base.py", line 98, in reverse
    resolved_url = resolver._reverse_with_prefix(view, prefix, *args, **kwargs)
  File "C:\Users\ASUS\AppData\Roaming\Python\Python314\site-packages\django\urls\resolvers.py", line 831, in _reverse_with_prefix
    raise NoReverseMatch(msg)
django.urls.exceptions.NoReverseMatch: Reverse for 'tools' not found. 'tools' is not a valid view function or pattern name.
Internal Server Error: /
Traceback (most recent call last):
  File "C:\Users\ASUS\AppData\Roaming\Python\Python314\site-packages\django\core\handlers\exception.py", line 55, in inner
    response = get_response(request)
  File "C:\Users\ASUS\AppData\Roaming\Python\Python314\site-packages\django\core\handlers\base.py", line 197, in _get_response
    response = wrapped_callback(request, *callback_args, **callback_kwargs)
  File "C:\Users\ASUS\Downloads\TRAINING PROJECT\TRAINING PROJECT\registrations\views.py", line 387, in registration_view
    return render(request, 'registration/index.html', context)
  File "C:\Users\ASUS\AppData\Roaming\Python\Python314\site-packages\django\shortcuts.py", line 25, in render
    content = loader.render_to_string(template_name, context, request, using=using)
  File "C:\Users\ASUS\AppData\Roaming\Python\Python314\site-packages\django\template\loader.py", line 62, in render_to_string
    return template.render(context, request)
           ~~~~~~~~~~~~~~~^^^^^^^^^^^^^^^^^^
  File "C:\Users\ASUS\AppData\Roaming\Python\Python314\site-packages\django\template\backends\django.py", line 107, in render
    return self.template.render(context)
           ~~~~~~~~~~~~~~~~~~~~^^^^^^^^^
  File "C:\Users\ASUS\AppData\Roaming\Python\Python314\site-packages\django\template\base.py", line 172, in render
    return self._render(context)
           ~~~~~~~~~~~~^^^^^^^^^
  File "C:\Users\ASUS\AppData\Roaming\Python\Python314\site-packages\django\template\base.py", line 164, in _render
    return self.nodelist.render(context)
           ~~~~~~~~~~~~~~~~~~~~^^^^^^^^^
  File "C:\Users\ASUS\AppData\Roaming\Python\Python314\site-packages\django\template\base.py", line 1018, in render
    return SafeString("".join([node.render_annotated(context) for node in self]))
                               ~~~~~~~~~~~~~~~~~~~~~^^^^^^^^^
  File "C:\Users\ASUS\AppData\Roaming\Python\Python314\site-packages\django\template\base.py", line 979, in render_annotated
    return self.render(context)
           ~~~~~~~~~~~^^^^^^^^^
  File "C:\Users\ASUS\AppData\Roaming\Python\Python314\site-packages\django\template\loader_tags.py", line 159, in render
    return compiled_parent._render(context)
           ~~~~~~~~~~~~~~~~~~~~~~~^^^^^^^^^
  File "C:\Users\ASUS\AppData\Roaming\Python\Python314\site-packages\django\template\base.py", line 164, in _render
    return self.nodelist.render(context)
           ~~~~~~~~~~~~~~~~~~~~^^^^^^^^^
  File "C:\Users\ASUS\AppData\Roaming\Python\Python314\site-packages\django\template\base.py", line 1018, in render
    return SafeString("".join([node.render_annotated(context) for node in self]))
                               ~~~~~~~~~~~~~~~~~~~~~^^^^^^^^^
  File "C:\Users\ASUS\AppData\Roaming\Python\Python314\site-packages\django\template\base.py", line 979, in render_annotated
    return self.render(context)
           ~~~~~~~~~~~^^^^^^^^^
  File "C:\Users\ASUS\AppData\Roaming\Python\Python314\site-packages\django\template\loader_tags.py", line 210, in render
    return template.render(context)
           ~~~~~~~~~~~~~~~^^^^^^^^^
  File "C:\Users\ASUS\AppData\Roaming\Python\Python314\site-packages\django\template\base.py", line 174, in render
    return self._render(context)
           ~~~~~~~~~~~~^^^^^^^^^
  File "C:\Users\ASUS\AppData\Roaming\Python\Python314\site-packages\django\template\base.py", line 164, in _render
    return self.nodelist.render(context)
           ~~~~~~~~~~~~~~~~~~~~^^^^^^^^^
  File "C:\Users\ASUS\AppData\Roaming\Python\Python314\site-packages\django\template\base.py", line 1018, in render
    return SafeString("".join([node.render_annotated(context) for node in self]))
                               ~~~~~~~~~~~~~~~~~~~~~^^^^^^^^^
  File "C:\Users\ASUS\AppData\Roaming\Python\Python314\site-packages\django\template\base.py", line 979, in render_annotated
    return self.render(context)
           ~~~~~~~~~~~^^^^^^^^^
  File "C:\Users\ASUS\AppData\Roaming\Python\Python314\site-packages\django\template\defaulttags.py", line 480, in render
    url = reverse(view_name, args=args, kwargs=kwargs, current_app=current_app)
  File "C:\Users\ASUS\AppData\Roaming\Python\Python314\site-packages\django\urls\base.py", line 98, in reverse
    resolved_url = resolver._reverse_with_prefix(view, prefix, *args, **kwargs)
  File "C:\Users\ASUS\AppData\Roaming\Python\Python314\site-packages\django\urls\resolvers.py", line 831, in _reverse_with_prefix
    raise NoReverseMatch(msg)
django.urls.exceptions.NoReverseMatch: Reverse for 'tools' not found. 'tools' is not a valid view function or pattern name.
Internal Server Error: /
Traceback (most recent call last):
  File "C:\Users\ASUS\Downloads\TRAINING PROJECT\TRAINING PROJECT\venv\Lib\site-packages\django\core\handlers\exception.py", line 55, in inner
    response = get_response(request)
  File "C:\Users\ASUS\Downloads\TRAINING PROJECT\TRAINING PROJECT\venv\Lib\site-packages\django\core\handlers\base.py", line 198, in _get_response
    response = wrapped_callback(request, *callback_args, **callback_kwargs)
  File "C:\Users\ASUS\Downloads\TRAINING PROJECT\TRAINING PROJECT\registrations\views.py", line 387, in registration_view
    return render(request, 'registration/index.html', context)
  File "C:\Users\ASUS\Downloads\TRAINING PROJECT\TRAINING PROJECT\venv\Lib\site-packages\django\shortcuts.py", line 25, in render
    content = loader.render_to_string(template_name, context, request, using=using)
  File "C:\Users\ASUS\Downloads\TRAINING PROJECT\TRAINING PROJECT\venv\Lib\site-packages\django\template\loader.py", line 62, in render_to_string
    return template.render(context, request)
           ~~~~~~~~~~~~~~~^^^^^^^^^^^^^^^^^^
  File "C:\Users\ASUS\Downloads\TRAINING PROJECT\TRAINING PROJECT\venv\Lib\site-packages\django\template\backends\django.py", line 107, in render
    return self.template.render(context)
           ~~~~~~~~~~~~~~~~~~~~^^^^^^^^^
  File "C:\Users\ASUS\Downloads\TRAINING PROJECT\TRAINING PROJECT\venv\Lib\site-packages\django\template\base.py", line 174, in render
    return self._render(context)
           ~~~~~~~~~~~~^^^^^^^^^
  File "C:\Users\ASUS\Downloads\TRAINING PROJECT\TRAINING PROJECT\venv\Lib\site-packages\django\template\base.py", line 166, in _render
    return self.nodelist.render(context)
           ~~~~~~~~~~~~~~~~~~~~^^^^^^^^^
  File "C:\Users\ASUS\Downloads\TRAINING PROJECT\TRAINING PROJECT\venv\Lib\site-packages\django\template\base.py", line 1091, in render
    return SafeString("".join([node.render_annotated(context) for node in self]))
                               ~~~~~~~~~~~~~~~~~~~~~^^^^^^^^^
  File "C:\Users\ASUS\Downloads\TRAINING PROJECT\TRAINING PROJECT\venv\Lib\site-packages\django\template\base.py", line 1052, in render_annotated
    return self.render(context)
           ~~~~~~~~~~~^^^^^^^^^
  File "C:\Users\ASUS\Downloads\TRAINING PROJECT\TRAINING PROJECT\venv\Lib\site-packages\django\template\loader_tags.py", line 160, in render
    return compiled_parent._render(context)
           ~~~~~~~~~~~~~~~~~~~~~~~^^^^^^^^^
  File "C:\Users\ASUS\Downloads\TRAINING PROJECT\TRAINING PROJECT\venv\Lib\site-packages\django\template\base.py", line 166, in _render
    return self.nodelist.render(context)
           ~~~~~~~~~~~~~~~~~~~~^^^^^^^^^
  File "C:\Users\ASUS\Downloads\TRAINING PROJECT\TRAINING PROJECT\venv\Lib\site-packages\django\template\base.py", line 1091, in render
    return SafeString("".join([node.render_annotated(context) for node in self]))
                               ~~~~~~~~~~~~~~~~~~~~~^^^^^^^^^
  File "C:\Users\ASUS\Downloads\TRAINING PROJECT\TRAINING PROJECT\venv\Lib\site-packages\django\template\base.py", line 1052, in render_annotated
    return self.render(context)
           ~~~~~~~~~~~^^^^^^^^^
  File "C:\Users\ASUS\Downloads\TRAINING PROJECT\TRAINING PROJECT\venv\Lib\site-packages\django\template\loader_tags.py", line 211, in render
    return template.render(context)
           ~~~~~~~~~~~~~~~^^^^^^^^^
  File "C:\Users\ASUS\Downloads\TRAINING PROJECT\TRAINING PROJECT\venv\Lib\site-packages\django\template\base.py", line 176, in render
    return self._render(context)
           ~~~~~~~~~~~~^^^^^^^^^
  File "C:\Users\ASUS\Downloads\TRAINING PROJECT\TRAINING PROJECT\venv\Lib\site-packages\django\template\base.py", line 166, in _render
    return self.nodelist.render(context)
           ~~~~~~~~~~~~~~~~~~~~^^^^^^^^^
  File "C:\Users\ASUS\Downloads\TRAINING PROJECT\TRAINING PROJECT\venv\Lib\site-packages\django\template\base.py", line 1091, in render
    return SafeString("".join([node.render_annotated(context) for node in self]))
                               ~~~~~~~~~~~~~~~~~~~~~^^^^^^^^^
  File "C:\Users\ASUS\Downloads\TRAINING PROJECT\TRAINING PROJECT\venv\Lib\site-packages\django\template\base.py", line 1052, in render_annotated
    return self.render(context)
           ~~~~~~~~~~~^^^^^^^^^
  File "C:\Users\ASUS\Downloads\TRAINING PROJECT\TRAINING PROJECT\venv\Lib\site-packages\django\template\defaulttags.py", line 511, in render
    url = reverse(view_name, args=args, kwargs=kwargs, current_app=current_app)
  File "C:\Users\ASUS\Downloads\TRAINING PROJECT\TRAINING PROJECT\venv\Lib\site-packages\django\urls\base.py", line 98, in reverse
    resolved_url = resolver._reverse_with_prefix(view, prefix, *args, **kwargs)
  File "C:\Users\ASUS\Downloads\TRAINING PROJECT\TRAINING PROJECT\venv\Lib\site-packages\django\urls\resolvers.py", line 842, in _reverse_with_prefix
    raise NoReverseMatch(msg)
django.urls.exceptions.NoReverseMatch: Reverse for 'tools' not found. 'tools' is not a valid view function or pattern name.
Internal Server Error: /registration/
Traceback (most recent call last):
  File "C:\Users\ASUS\Downloads\TRAINING PROJECT\TRAINING PROJECT\venv\Lib\site-packages\django\core\handlers\exception.py", line 55, in inner
    response = get_response(request)
  File "C:\Users\ASUS\Downloads\TRAINING PROJECT\TRAINING PROJECT\venv\Lib\site-packages\django\core\handlers\base.py", line 198, in _get_response
    response = wrapped_callback(request, *callback_args, **callback_kwargs)
  File "C:\Users\ASUS\Downloads\TRAINING PROJECT\TRAINING PROJECT\registrations\views.py", line 387, in registration_view
    return render(request, 'registration/index.html', context)
  File "C:\Users\ASUS\Downloads\TRAINING PROJECT\TRAINING PROJECT\venv\Lib\site-packages\django\shortcuts.py", line 25, in render
    content = loader.render_to_string(template_name, context, request, using=using)
  File "C:\Users\ASUS\Downloads\TRAINING PROJECT\TRAINING PROJECT\venv\Lib\site-packages\django\template\loader.py", line 62, in render_to_string
    return template.render(context, request)
           ~~~~~~~~~~~~~~~^^^^^^^^^^^^^^^^^^
  File "C:\Users\ASUS\Downloads\TRAINING PROJECT\TRAINING PROJECT\venv\Lib\site-packages\django\template\backends\django.py", line 107, in render
    return self.template.render(context)
           ~~~~~~~~~~~~~~~~~~~~^^^^^^^^^
  File "C:\Users\ASUS\Downloads\TRAINING PROJECT\TRAINING PROJECT\venv\Lib\site-packages\django\template\base.py", line 174, in render
    return self._render(context)
           ~~~~~~~~~~~~^^^^^^^^^
  File "C:\Users\ASUS\Downloads\TRAINING PROJECT\TRAINING PROJECT\venv\Lib\site-packages\django\template\base.py", line 166, in _render
    return self.nodelist.render(context)
           ~~~~~~~~~~~~~~~~~~~~^^^^^^^^^
  File "C:\Users\ASUS\Downloads\TRAINING PROJECT\TRAINING PROJECT\venv\Lib\site-packages\django\template\base.py", line 1091, in render
    return SafeString("".join([node.render_annotated(context) for node in self]))
                               ~~~~~~~~~~~~~~~~~~~~~^^^^^^^^^
  File "C:\Users\ASUS\Downloads\TRAINING PROJECT\TRAINING PROJECT\venv\Lib\site-packages\django\template\base.py", line 1052, in render_annotated
    return self.render(context)
           ~~~~~~~~~~~^^^^^^^^^
  File "C:\Users\ASUS\Downloads\TRAINING PROJECT\TRAINING PROJECT\venv\Lib\site-packages\django\template\loader_tags.py", line 160, in render
    return compiled_parent._render(context)
           ~~~~~~~~~~~~~~~~~~~~~~~^^^^^^^^^
  File "C:\Users\ASUS\Downloads\TRAINING PROJECT\TRAINING PROJECT\venv\Lib\site-packages\django\template\base.py", line 166, in _render
    return self.nodelist.render(context)
           ~~~~~~~~~~~~~~~~~~~~^^^^^^^^^
  File "C:\Users\ASUS\Downloads\TRAINING PROJECT\TRAINING PROJECT\venv\Lib\site-packages\django\template\base.py", line 1091, in render
    return SafeString("".join([node.render_annotated(context) for node in self]))
                               ~~~~~~~~~~~~~~~~~~~~~^^^^^^^^^
  File "C:\Users\ASUS\Downloads\TRAINING PROJECT\TRAINING PROJECT\venv\Lib\site-packages\django\template\base.py", line 1052, in render_annotated
    return self.render(context)
           ~~~~~~~~~~~^^^^^^^^^
  File "C:\Users\ASUS\Downloads\TRAINING PROJECT\TRAINING PROJECT\venv\Lib\site-packages\django\template\loader_tags.py", line 211, in render
    return template.render(context)
           ~~~~~~~~~~~~~~~^^^^^^^^^
  File "C:\Users\ASUS\Downloads\TRAINING PROJECT\TRAINING PROJECT\venv\Lib\site-packages\django\template\base.py", line 176, in render
    return self._render(context)
           ~~~~~~~~~~~~^^^^^^^^^
  File "C:\Users\ASUS\Downloads\TRAINING PROJECT\TRAINING PROJECT\venv\Lib\site-packages\django\template\base.py", line 166, in _render
    return self.nodelist.render(context)
           ~~~~~~~~~~~~~~~~~~~~^^^^^^^^^
  File "C:\Users\ASUS\Downloads\TRAINING PROJECT\TRAINING PROJECT\venv\Lib\site-packages\django\template\base.py", line 1091, in render
    return SafeString("".join([node.render_annotated(context) for node in self]))
                               ~~~~~~~~~~~~~~~~~~~~~^^^^^^^^^
  File "C:\Users\ASUS\Downloads\TRAINING PROJECT\TRAINING PROJECT\venv\Lib\site-packages\django\template\base.py", line 1052, in render_annotated
    return self.render(context)
           ~~~~~~~~~~~^^^^^^^^^
  File "C:\Users\ASUS\Downloads\TRAINING PROJECT\TRAINING PROJECT\venv\Lib\site-packages\django\template\defaulttags.py", line 511, in render
    url = reverse(view_name, args=args, kwargs=kwargs, current_app=current_app)
  File "C:\Users\ASUS\Downloads\TRAINING PROJECT\TRAINING PROJECT\venv\Lib\site-packages\django\urls\base.py", line 98, in reverse
    resolved_url = resolver._reverse_with_prefix(view, prefix, *args, **kwargs)
  File "C:\Users\ASUS\Downloads\TRAINING PROJECT\TRAINING PROJECT\venv\Lib\site-packages\django\urls\resolvers.py", line 842, in _reverse_with_prefix
    raise NoReverseMatch(msg)
django.urls.exceptions.NoReverseMatch: Reverse for 'tools' not found. 'tools' is not a valid view function or pattern name.
Internal Server Error: /accounts/login/
Traceback (most recent call last):
  File "C:\Users\ASUS\Downloads\TRAINING PROJECT\TRAINING PROJECT\venv\Lib\site-packages\django\core\handlers\exception.py", line 55, in inner
    response = get_response(request)
  File "C:\Users\ASUS\Downloads\TRAINING PROJECT\TRAINING PROJECT\venv\Lib\site-packages\django\core\handlers\base.py", line 221, in _get_response
    response = response.render()
  File "C:\Users\ASUS\Downloads\TRAINING PROJECT\TRAINING PROJECT\venv\Lib\site-packages\django\template\response.py", line 114, in render
    self.content = self.rendered_content
                   ^^^^^^^^^^^^^^^^^^^^^
  File "C:\Users\ASUS\Downloads\TRAINING PROJECT\TRAINING PROJECT\venv\Lib\site-packages\django\template\response.py", line 92, in rendered_content
    return template.render(context, self._request)
           ~~~~~~~~~~~~~~~^^^^^^^^^^^^^^^^^^^^^^^^
  File "C:\Users\ASUS\Downloads\TRAINING PROJECT\TRAINING PROJECT\venv\Lib\site-packages\django\template\backends\django.py", line 107, in render
    return self.template.render(context)
           ~~~~~~~~~~~~~~~~~~~~^^^^^^^^^
  File "C:\Users\ASUS\Downloads\TRAINING PROJECT\TRAINING PROJECT\venv\Lib\site-packages\django\template\base.py", line 174, in render
    return self._render(context)
           ~~~~~~~~~~~~^^^^^^^^^
  File "C:\Users\ASUS\Downloads\TRAINING PROJECT\TRAINING PROJECT\venv\Lib\site-packages\django\template\base.py", line 166, in _render
    return self.nodelist.render(context)
           ~~~~~~~~~~~~~~~~~~~~^^^^^^^^^
  File "C:\Users\ASUS\Downloads\TRAINING PROJECT\TRAINING PROJECT\venv\Lib\site-packages\django\template\base.py", line 1091, in render
    return SafeString("".join([node.render_annotated(context) for node in self]))
                               ~~~~~~~~~~~~~~~~~~~~~^^^^^^^^^
  File "C:\Users\ASUS\Downloads\TRAINING PROJECT\TRAINING PROJECT\venv\Lib\site-packages\django\template\base.py", line 1052, in render_annotated
    return self.render(context)
           ~~~~~~~~~~~^^^^^^^^^
  File "C:\Users\ASUS\Downloads\TRAINING PROJECT\TRAINING PROJECT\venv\Lib\site-packages\django\template\loader_tags.py", line 160, in render
    return compiled_parent._render(context)
           ~~~~~~~~~~~~~~~~~~~~~~~^^^^^^^^^
  File "C:\Users\ASUS\Downloads\TRAINING PROJECT\TRAINING PROJECT\venv\Lib\site-packages\django\template\base.py", line 166, in _render
    return self.nodelist.render(context)
           ~~~~~~~~~~~~~~~~~~~~^^^^^^^^^
  File "C:\Users\ASUS\Downloads\TRAINING PROJECT\TRAINING PROJECT\venv\Lib\site-packages\django\template\base.py", line 1091, in render
    return SafeString("".join([node.render_annotated(context) for node in self]))
                               ~~~~~~~~~~~~~~~~~~~~~^^^^^^^^^
  File "C:\Users\ASUS\Downloads\TRAINING PROJECT\TRAINING PROJECT\venv\Lib\site-packages\django\template\base.py", line 1052, in render_annotated
    return self.render(context)
           ~~~~~~~~~~~^^^^^^^^^
  File "C:\Users\ASUS\Downloads\TRAINING PROJECT\TRAINING PROJECT\venv\Lib\site-packages\django\template\loader_tags.py", line 211, in render
    return template.render(context)
           ~~~~~~~~~~~~~~~^^^^^^^^^
  File "C:\Users\ASUS\Downloads\TRAINING PROJECT\TRAINING PROJECT\venv\Lib\site-packages\django\template\base.py", line 176, in render
    return self._render(context)
           ~~~~~~~~~~~~^^^^^^^^^
  File "C:\Users\ASUS\Downloads\TRAINING PROJECT\TRAINING PROJECT\venv\Lib\site-packages\django\template\base.py", line 166, in _render
    return self.nodelist.render(context)
           ~~~~~~~~~~~~~~~~~~~~^^^^^^^^^
  File "C:\Users\ASUS\Downloads\TRAINING PROJECT\TRAINING PROJECT\venv\Lib\site-packages\django\template\base.py", line 1091, in render
    return SafeString("".join([node.render_annotated(context) for node in self]))
                               ~~~~~~~~~~~~~~~~~~~~~^^^^^^^^^
  File "C:\Users\ASUS\Downloads\TRAINING PROJECT\TRAINING PROJECT\venv\Lib\site-packages\django\template\base.py", line 1052, in render_annotated
    return self.render(context)
           ~~~~~~~~~~~^^^^^^^^^
  File "C:\Users\ASUS\Downloads\TRAINING PROJECT\TRAINING PROJECT\venv\Lib\site-packages\django\template\defaulttags.py", line 511, in render
    url = reverse(view_name, args=args, kwargs=kwargs, current_app=current_app)
  File "C:\Users\ASUS\Downloads\TRAINING PROJECT\TRAINING PROJECT\venv\Lib\site-packages\django\urls\base.py", line 98, in reverse
    resolved_url = resolver._reverse_with_prefix(view, prefix, *args, **kwargs)
  File "C:\Users\ASUS\Downloads\TRAINING PROJECT\TRAINING PROJECT\venv\Lib\site-packages\django\urls\resolvers.py", line 842, in _reverse_with_prefix
    raise NoReverseMatch(msg)
django.urls.exceptions.NoReverseMatch: Reverse for 'tools' not found. 'tools' is not a valid view function or pattern name.
Internal Server Error: /
Traceback (most recent call last):
  File "C:\Users\ASUS\Downloads\TRAINING PROJECT\TRAINING PROJECT\venv\Lib\site-packages\django\core\handlers\exception.py", line 55, in inner
    response = get_response(request)
  File "C:\Users\ASUS\Downloads\TRAINING PROJECT\TRAINING PROJECT\venv\Lib\site-packages\django\core\handlers\base.py", line 198, in _get_response
    response = wrapped_callback(request, *callback_args, **callback_kwargs)
  File "C:\Users\ASUS\Downloads\TRAINING PROJECT\TRAINING PROJECT\registrations\views.py", line 387, in registration_view
    return render(request, 'registration/index.html', context)
  File "C:\Users\ASUS\Downloads\TRAINING PROJECT\TRAINING PROJECT\venv\Lib\site-packages\django\shortcuts.py", line 25, in render
    content = loader.render_to_string(template_name, context, request, using=using)
  File "C:\Users\ASUS\Downloads\TRAINING PROJECT\TRAINING PROJECT\venv\Lib\site-packages\django\template\loader.py", line 62, in render_to_string
    return template.render(context, request)
           ~~~~~~~~~~~~~~~^^^^^^^^^^^^^^^^^^
  File "C:\Users\ASUS\Downloads\TRAINING PROJECT\TRAINING PROJECT\venv\Lib\site-packages\django\template\backends\django.py", line 107, in render
    return self.template.render(context)
           ~~~~~~~~~~~~~~~~~~~~^^^^^^^^^
  File "C:\Users\ASUS\Downloads\TRAINING PROJECT\TRAINING PROJECT\venv\Lib\site-packages\django\template\base.py", line 174, in render
    return self._render(context)
           ~~~~~~~~~~~~^^^^^^^^^
  File "C:\Users\ASUS\Downloads\TRAINING PROJECT\TRAINING PROJECT\venv\Lib\site-packages\django\template\base.py", line 166, in _render
    return self.nodelist.render(context)
           ~~~~~~~~~~~~~~~~~~~~^^^^^^^^^
  File "C:\Users\ASUS\Downloads\TRAINING PROJECT\TRAINING PROJECT\venv\Lib\site-packages\django\template\base.py", line 1091, in render
    return SafeString("".join([node.render_annotated(context) for node in self]))
                               ~~~~~~~~~~~~~~~~~~~~~^^^^^^^^^
  File "C:\Users\ASUS\Downloads\TRAINING PROJECT\TRAINING PROJECT\venv\Lib\site-packages\django\template\base.py", line 1052, in render_annotated
    return self.render(context)
           ~~~~~~~~~~~^^^^^^^^^
  File "C:\Users\ASUS\Downloads\TRAINING PROJECT\TRAINING PROJECT\venv\Lib\site-packages\django\template\loader_tags.py", line 160, in render
    return compiled_parent._render(context)
           ~~~~~~~~~~~~~~~~~~~~~~~^^^^^^^^^
  File "C:\Users\ASUS\Downloads\TRAINING PROJECT\TRAINING PROJECT\venv\Lib\site-packages\django\template\base.py", line 166, in _render
    return self.nodelist.render(context)
           ~~~~~~~~~~~~~~~~~~~~^^^^^^^^^
  File "C:\Users\ASUS\Downloads\TRAINING PROJECT\TRAINING PROJECT\venv\Lib\site-packages\django\template\base.py", line 1091, in render
    return SafeString("".join([node.render_annotated(context) for node in self]))
                               ~~~~~~~~~~~~~~~~~~~~~^^^^^^^^^
  File "C:\Users\ASUS\Downloads\TRAINING PROJECT\TRAINING PROJECT\venv\Lib\site-packages\django\template\base.py", line 1052, in render_annotated
    return self.render(context)
           ~~~~~~~~~~~^^^^^^^^^
  File "C:\Users\ASUS\Downloads\TRAINING PROJECT\TRAINING PROJECT\venv\Lib\site-packages\django\template\loader_tags.py", line 211, in render
    return template.render(context)
           ~~~~~~~~~~~~~~~^^^^^^^^^
  File "C:\Users\ASUS\Downloads\TRAINING PROJECT\TRAINING PROJECT\venv\Lib\site-packages\django\template\base.py", line 176, in render
    return self._render(context)
           ~~~~~~~~~~~~^^^^^^^^^
  File "C:\Users\ASUS\Downloads\TRAINING PROJECT\TRAINING PROJECT\venv\Lib\site-packages\django\template\base.py", line 166, in _render
    return self.nodelist.render(context)
           ~~~~~~~~~~~~~~~~~~~~^^^^^^^^^
  File "C:\Users\ASUS\Downloads\TRAINING PROJECT\TRAINING PROJECT\venv\Lib\site-packages\django\template\base.py", line 1091, in render
    return SafeString("".join([node.render_annotated(context) for node in self]))
                               ~~~~~~~~~~~~~~~~~~~~~^^^^^^^^^
  File "C:\Users\ASUS\Downloads\TRAINING PROJECT\TRAINING PROJECT\venv\Lib\site-packages\django\template\base.py", line 1052, in render_annotated
    return self.render(context)
           ~~~~~~~~~~~^^^^^^^^^
  File "C:\Users\ASUS\Downloads\TRAINING PROJECT\TRAINING PROJECT\venv\Lib\site-packages\django\template\defaulttags.py", line 511, in render
    url = reverse(view_name, args=args, kwargs=kwargs, current_app=current_app)
  File "C:\Users\ASUS\Downloads\TRAINING PROJECT\TRAINING PROJECT\venv\Lib\site-packages\django\urls\base.py", line 98, in reverse
    resolved_url = resolver._reverse_with_prefix(view, prefix, *args, **kwargs)
  File "C:\Users\ASUS\Downloads\TRAINING PROJECT\TRAINING PROJECT\venv\Lib\site-packages\django\urls\resolvers.py", line 842, in _reverse_with_prefix
    raise NoReverseMatch(msg)
django.urls.exceptions.NoReverseMatch: Reverse for 'tools' not found. 'tools' is not a valid view function or pattern name.
Internal Server Error: /dashboard/form-builder/preview/
Traceback (most recent call last):
  File "C:\Users\ASUS\Downloads\TRAINING PROJECT\TRAINING PROJECT\venv\Lib\site-packages\django\template\base.py", line 890, in __init__
    self.literal = float(var)
                   ~~~~~^^^^^
ValueError: could not convert string to float: 'field._preview_options'

During handling of the above exception, another exception occurred:

Traceback (most recent call last):
  File "C:\Users\ASUS\Downloads\TRAINING PROJECT\TRAINING PROJECT\venv\Lib\site-packages\django\template\base.py", line 906, in __init__
    self.literal = mark_safe(unescape_string_literal(var))
                             ~~~~~~~~~~~~~~~~~~~~~~~^^^^^
  File "C:\Users\ASUS\Downloads\TRAINING PROJECT\TRAINING PROJECT\venv\Lib\site-packages\django\utils\functional.py", line 231, in wrapper
    return func(*args, **kwargs)
  File "C:\Users\ASUS\Downloads\TRAINING PROJECT\TRAINING PROJECT\venv\Lib\site-packages\django\utils\text.py", line 458, in unescape_string_literal
    raise ValueError("Not a string literal: %r" % s)
ValueError: Not a string literal: 'field._preview_options'

During handling of the above exception, another exception occurred:

Traceback (most recent call last):
  File "C:\Users\ASUS\Downloads\TRAINING PROJECT\TRAINING PROJECT\venv\Lib\site-packages\django\core\handlers\exception.py", line 55, in inner
    response = get_response(request)
  File "C:\Users\ASUS\Downloads\TRAINING PROJECT\TRAINING PROJECT\venv\Lib\site-packages\django\core\handlers\base.py", line 198, in _get_response
    response = wrapped_callback(request, *callback_args, **callback_kwargs)
  File "C:\Users\ASUS\Downloads\TRAINING PROJECT\TRAINING PROJECT\venv\Lib\site-packages\django\contrib\auth\decorators.py", line 59, in _view_wrapper
    return view_func(request, *args, **kwargs)
  File "C:\Users\ASUS\Downloads\TRAINING PROJECT\TRAINING PROJECT\venv\Lib\site-packages\django\contrib\auth\decorators.py", line 59, in _view_wrapper
    return view_func(request, *args, **kwargs)
  File "C:\Users\ASUS\Downloads\TRAINING PROJECT\TRAINING PROJECT\dashboard\form_builder_views.py", line 463, in form_builder_preview
    return render(request, 'dashboard/form_builder/preview.html', {
        'title': 'Form Preview',
    ...<2 lines>...
        'fb_rules_json': context['fb_rules_json'],
    })
  File "C:\Users\ASUS\Downloads\TRAINING PROJECT\TRAINING PROJECT\venv\Lib\site-packages\django\shortcuts.py", line 25, in render
    content = loader.render_to_string(template_name, context, request, using=using)
  File "C:\Users\ASUS\Downloads\TRAINING PROJECT\TRAINING PROJECT\venv\Lib\site-packages\django\template\loader.py", line 61, in render_to_string
    template = get_template(template_name, using=using)
  File "C:\Users\ASUS\Downloads\TRAINING PROJECT\TRAINING PROJECT\venv\Lib\site-packages\django\template\loader.py", line 15, in get_template
    return engine.get_template(template_name)
           ~~~~~~~~~~~~~~~~~~~^^^^^^^^^^^^^^^
  File "C:\Users\ASUS\Downloads\TRAINING PROJECT\TRAINING PROJECT\venv\Lib\site-packages\django\template\backends\django.py", line 79, in get_template
    return Template(self.engine.get_template(template_name), self)
                    ~~~~~~~~~~~~~~~~~~~~~~~~^^^^^^^^^^^^^^^
  File "C:\Users\ASUS\Downloads\TRAINING PROJECT\TRAINING PROJECT\venv\Lib\site-packages\django\template\engine.py", line 186, in get_template
    template, origin = self.find_template(template_name)
                       ~~~~~~~~~~~~~~~~~~^^^^^^^^^^^^^^^
  File "C:\Users\ASUS\Downloads\TRAINING PROJECT\TRAINING PROJECT\venv\Lib\site-packages\django\template\engine.py", line 159, in find_template
    template = loader.get_template(name, skip=skip)
  File "C:\Users\ASUS\Downloads\TRAINING PROJECT\TRAINING PROJECT\venv\Lib\site-packages\django\template\loaders\cached.py", line 57, in get_template
    template = super().get_template(template_name, skip)
  File "C:\Users\ASUS\Downloads\TRAINING PROJECT\TRAINING PROJECT\venv\Lib\site-packages\django\template\loaders\base.py", line 28, in get_template
    return Template(
        contents,
    ...<2 lines>...
        self.engine,
    )
  File "C:\Users\ASUS\Downloads\TRAINING PROJECT\TRAINING PROJECT\venv\Lib\site-packages\django\template\base.py", line 157, in __init__
    self.nodelist = self.compile_nodelist()
                    ~~~~~~~~~~~~~~~~~~~~~^^
  File "C:\Users\ASUS\Downloads\TRAINING PROJECT\TRAINING PROJECT\venv\Lib\site-packages\django\template\base.py", line 199, in compile_nodelist
    nodelist = parser.parse()
  File "C:\Users\ASUS\Downloads\TRAINING PROJECT\TRAINING PROJECT\venv\Lib\site-packages\django\template\base.py", line 585, in parse
    raise self.error(token, e)
  File "C:\Users\ASUS\Downloads\TRAINING PROJECT\TRAINING PROJECT\venv\Lib\site-packages\django\template\base.py", line 583, in parse
    compiled_result = compile_func(self, token)
  File "C:\Users\ASUS\Downloads\TRAINING PROJECT\TRAINING PROJECT\venv\Lib\site-packages\django\template\loader_tags.py", line 307, in do_extends
    nodelist = parser.parse()
  File "C:\Users\ASUS\Downloads\TRAINING PROJECT\TRAINING PROJECT\venv\Lib\site-packages\django\template\base.py", line 585, in parse
    raise self.error(token, e)
  File "C:\Users\ASUS\Downloads\TRAINING PROJECT\TRAINING PROJECT\venv\Lib\site-packages\django\template\base.py", line 583, in parse
    compiled_result = compile_func(self, token)
  File "C:\Users\ASUS\Downloads\TRAINING PROJECT\TRAINING PROJECT\venv\Lib\site-packages\django\template\loader_tags.py", line 235, in do_block
    nodelist = parser.parse(("endblock",))
  File "C:\Users\ASUS\Downloads\TRAINING PROJECT\TRAINING PROJECT\venv\Lib\site-packages\django\template\base.py", line 585, in parse
    raise self.error(token, e)
  File "C:\Users\ASUS\Downloads\TRAINING PROJECT\TRAINING PROJECT\venv\Lib\site-packages\django\template\base.py", line 583, in parse
    compiled_result = compile_func(self, token)
  File "C:\Users\ASUS\Downloads\TRAINING PROJECT\TRAINING PROJECT\venv\Lib\site-packages\django\template\defaulttags.py", line 894, in do_for
    nodelist_loop = parser.parse(
        (
    ...<2 lines>...
        )
    )
  File "C:\Users\ASUS\Downloads\TRAINING PROJECT\TRAINING PROJECT\venv\Lib\site-packages\django\template\base.py", line 585, in parse
    raise self.error(token, e)
  File "C:\Users\ASUS\Downloads\TRAINING PROJECT\TRAINING PROJECT\venv\Lib\site-packages\django\template\base.py", line 583, in parse
    compiled_result = compile_func(self, token)
  File "C:\Users\ASUS\Downloads\TRAINING PROJECT\TRAINING PROJECT\venv\Lib\site-packages\django\template\defaulttags.py", line 894, in do_for
    nodelist_loop = parser.parse(
        (
    ...<2 lines>...
        )
    )
  File "C:\Users\ASUS\Downloads\TRAINING PROJECT\TRAINING PROJECT\venv\Lib\site-packages\django\template\base.py", line 585, in parse
    raise self.error(token, e)
  File "C:\Users\ASUS\Downloads\TRAINING PROJECT\TRAINING PROJECT\venv\Lib\site-packages\django\template\base.py", line 583, in parse
    compiled_result = compile_func(self, token)
  File "C:\Users\ASUS\Downloads\TRAINING PROJECT\TRAINING PROJECT\venv\Lib\site-packages\django\template\defaulttags.py", line 994, in do_if
    nodelist = parser.parse(("elif", "else", "endif"))
  File "C:\Users\ASUS\Downloads\TRAINING PROJECT\TRAINING PROJECT\venv\Lib\site-packages\django\template\base.py", line 585, in parse
    raise self.error(token, e)
  File "C:\Users\ASUS\Downloads\TRAINING PROJECT\TRAINING PROJECT\venv\Lib\site-packages\django\template\base.py", line 583, in parse
    compiled_result = compile_func(self, token)
  File "C:\Users\ASUS\Downloads\TRAINING PROJECT\TRAINING PROJECT\venv\Lib\site-packages\django\template\defaulttags.py", line 1002, in do_if
    nodelist = parser.parse(("elif", "else", "endif"))
  File "C:\Users\ASUS\Downloads\TRAINING PROJECT\TRAINING PROJECT\venv\Lib\site-packages\django\template\base.py", line 585, in parse
    raise self.error(token, e)
  File "C:\Users\ASUS\Downloads\TRAINING PROJECT\TRAINING PROJECT\venv\Lib\site-packages\django\template\base.py", line 583, in parse
    compiled_result = compile_func(self, token)
  File "C:\Users\ASUS\Downloads\TRAINING PROJECT\TRAINING PROJECT\venv\Lib\site-packages\django\template\defaulttags.py", line 893, in do_for
    sequence = parser.compile_filter(bits[in_index + 1])
  File "C:\Users\ASUS\Downloads\TRAINING PROJECT\TRAINING PROJECT\venv\Lib\site-packages\django\template\base.py", line 676, in compile_filter
    return FilterExpression(token, self)
  File "C:\Users\ASUS\Downloads\TRAINING PROJECT\TRAINING PROJECT\venv\Lib\site-packages\django\template\base.py", line 763, in __init__
    var_obj = Variable(var)
  File "C:\Users\ASUS\Downloads\TRAINING PROJECT\TRAINING PROJECT\venv\Lib\site-packages\django\template\base.py", line 911, in __init__
    raise TemplateSyntaxError(
    ...<2 lines>...
    )
django.template.exceptions.TemplateSyntaxError: Template: C:\Users\ASUS\Downloads\TRAINING PROJECT\TRAINING PROJECT\dashboard\templates\dashboard\form_builder\preview.html, Variables and attributes may not begin with underscores: 'field._preview_options'
Internal Server Error: /
Traceback (most recent call last):
  File "C:\Users\ASUS\AppData\Roaming\Python\Python314\site-packages\django\template\smartif.py", line 180, in translate_token
    op = OPERATORS[token]
         ~~~~~~~~~^^^^^^^
KeyError: 'fb_section_visible.document-uploads'

During handling of the above exception, another exception occurred:

Traceback (most recent call last):
  File "C:\Users\ASUS\AppData\Roaming\Python\Python314\site-packages\django\core\handlers\exception.py", line 55, in inner
    response = get_response(request)
  File "C:\Users\ASUS\AppData\Roaming\Python\Python314\site-packages\django\core\handlers\base.py", line 197, in _get_response
    response = wrapped_callback(request, *callback_args, **callback_kwargs)
  File "C:\Users\ASUS\Downloads\TRAINING PROJECT\TRAINING PROJECT\registrations\views.py", line 409, in registration_view
    return render(request, 'registration/index.html', context)
  File "C:\Users\ASUS\AppData\Roaming\Python\Python314\site-packages\django\shortcuts.py", line 25, in render
    content = loader.render_to_string(template_name, context, request, using=using)
  File "C:\Users\ASUS\AppData\Roaming\Python\Python314\site-packages\django\template\loader.py", line 61, in render_to_string
    template = get_template(template_name, using=using)
  File "C:\Users\ASUS\AppData\Roaming\Python\Python314\site-packages\django\template\loader.py", line 15, in get_template
    return engine.get_template(template_name)
           ~~~~~~~~~~~~~~~~~~~^^^^^^^^^^^^^^^
  File "C:\Users\ASUS\AppData\Roaming\Python\Python314\site-packages\django\template\backends\django.py", line 79, in get_template
    return Template(self.engine.get_template(template_name), self)
                    ~~~~~~~~~~~~~~~~~~~~~~~~^^^^^^^^^^^^^^^
  File "C:\Users\ASUS\AppData\Roaming\Python\Python314\site-packages\django\template\engine.py", line 177, in get_template
    template, origin = self.find_template(template_name)
                       ~~~~~~~~~~~~~~~~~~^^^^^^^^^^^^^^^
  File "C:\Users\ASUS\AppData\Roaming\Python\Python314\site-packages\django\template\engine.py", line 159, in find_template
    template = loader.get_template(name, skip=skip)
  File "C:\Users\ASUS\AppData\Roaming\Python\Python314\site-packages\django\template\loaders\cached.py", line 57, in get_template
    template = super().get_template(template_name, skip)
  File "C:\Users\ASUS\AppData\Roaming\Python\Python314\site-packages\django\template\loaders\base.py", line 28, in get_template
    return Template(
        contents,
    ...<2 lines>...
        self.engine,
    )
  File "C:\Users\ASUS\AppData\Roaming\Python\Python314\site-packages\django\template\base.py", line 155, in __init__
    self.nodelist = self.compile_nodelist()
                    ~~~~~~~~~~~~~~~~~~~~~^^
  File "C:\Users\ASUS\AppData\Roaming\Python\Python314\site-packages\django\template\base.py", line 197, in compile_nodelist
    nodelist = parser.parse()
  File "C:\Users\ASUS\AppData\Roaming\Python\Python314\site-packages\django\template\base.py", line 519, in parse
    raise self.error(token, e)
  File "C:\Users\ASUS\AppData\Roaming\Python\Python314\site-packages\django\template\base.py", line 517, in parse
    compiled_result = compile_func(self, token)
  File "C:\Users\ASUS\AppData\Roaming\Python\Python314\site-packages\django\template\loader_tags.py", line 299, in do_extends
    nodelist = parser.parse()
  File "C:\Users\ASUS\AppData\Roaming\Python\Python314\site-packages\django\template\base.py", line 519, in parse
    raise self.error(token, e)
  File "C:\Users\ASUS\AppData\Roaming\Python\Python314\site-packages\django\template\base.py", line 517, in parse
    compiled_result = compile_func(self, token)
  File "C:\Users\ASUS\AppData\Roaming\Python\Python314\site-packages\django\template\loader_tags.py", line 234, in do_block
    nodelist = parser.parse(("endblock",))
  File "C:\Users\ASUS\AppData\Roaming\Python\Python314\site-packages\django\template\base.py", line 519, in parse
    raise self.error(token, e)
  File "C:\Users\ASUS\AppData\Roaming\Python\Python314\site-packages\django\template\base.py", line 517, in parse
    compiled_result = compile_func(self, token)
  File "C:\Users\ASUS\AppData\Roaming\Python\Python314\site-packages\django\template\defaulttags.py", line 961, in do_if
    condition = TemplateIfParser(parser, bits).parse()
                ~~~~~~~~~~~~~~~~^^^^^^^^^^^^^^
  File "C:\Users\ASUS\AppData\Roaming\Python\Python314\site-packages\django\template\defaulttags.py", line 894, in __init__
    super().__init__(*args, **kwargs)
    ~~~~~~~~~~~~~~~~^^^^^^^^^^^^^^^^^
  File "C:\Users\ASUS\AppData\Roaming\Python\Python314\site-packages\django\template\smartif.py", line 171, in __init__
    mapped_tokens.append(self.translate_token(token))
                         ~~~~~~~~~~~~~~~~~~~~^^^^^^^
  File "C:\Users\ASUS\AppData\Roaming\Python\Python314\site-packages\django\template\smartif.py", line 182, in translate_token
    return self.create_var(token)
           ~~~~~~~~~~~~~~~^^^^^^^
  File "C:\Users\ASUS\AppData\Roaming\Python\Python314\site-packages\django\template\defaulttags.py", line 897, in create_var
    return TemplateLiteral(self.template_parser.compile_filter(value), value)
                           ~~~~~~~~~~~~~~~~~~~~~~~~~~~~~~~~~~~^^^^^^^
  File "C:\Users\ASUS\AppData\Roaming\Python\Python314\site-packages\django\template\base.py", line 610, in compile_filter
    return FilterExpression(token, self)
  File "C:\Users\ASUS\AppData\Roaming\Python\Python314\site-packages\django\template\base.py", line 711, in __init__
    raise TemplateSyntaxError(
    ...<2 lines>...
    )
django.template.exceptions.TemplateSyntaxError: Could not parse the remainder: '-uploads' from 'fb_section_visible.document-uploads'
Internal Server Error: /
Traceback (most recent call last):
  File "C:\Users\ASUS\AppData\Roaming\Python\Python314\site-packages\django\template\smartif.py", line 180, in translate_token
    op = OPERATORS[token]
         ~~~~~~~~~^^^^^^^
KeyError: 'fb_section_visible.document-uploads'

During handling of the above exception, another exception occurred:

Traceback (most recent call last):
  File "C:\Users\ASUS\AppData\Roaming\Python\Python314\site-packages\django\core\handlers\exception.py", line 55, in inner
    response = get_response(request)
  File "C:\Users\ASUS\AppData\Roaming\Python\Python314\site-packages\django\core\handlers\base.py", line 197, in _get_response
    response = wrapped_callback(request, *callback_args, **callback_kwargs)
  File "C:\Users\ASUS\Downloads\TRAINING PROJECT\TRAINING PROJECT\registrations\views.py", line 409, in registration_view
    return render(request, 'registration/index.html', context)
  File "C:\Users\ASUS\AppData\Roaming\Python\Python314\site-packages\django\shortcuts.py", line 25, in render
    content = loader.render_to_string(template_name, context, request, using=using)
  File "C:\Users\ASUS\AppData\Roaming\Python\Python314\site-packages\django\template\loader.py", line 61, in render_to_string
    template = get_template(template_name, using=using)
  File "C:\Users\ASUS\AppData\Roaming\Python\Python314\site-packages\django\template\loader.py", line 15, in get_template
    return engine.get_template(template_name)
           ~~~~~~~~~~~~~~~~~~~^^^^^^^^^^^^^^^
  File "C:\Users\ASUS\AppData\Roaming\Python\Python314\site-packages\django\template\backends\django.py", line 79, in get_template
    return Template(self.engine.get_template(template_name), self)
                    ~~~~~~~~~~~~~~~~~~~~~~~~^^^^^^^^^^^^^^^
  File "C:\Users\ASUS\AppData\Roaming\Python\Python314\site-packages\django\template\engine.py", line 177, in get_template
    template, origin = self.find_template(template_name)
                       ~~~~~~~~~~~~~~~~~~^^^^^^^^^^^^^^^
  File "C:\Users\ASUS\AppData\Roaming\Python\Python314\site-packages\django\template\engine.py", line 159, in find_template
    template = loader.get_template(name, skip=skip)
  File "C:\Users\ASUS\AppData\Roaming\Python\Python314\site-packages\django\template\loaders\cached.py", line 57, in get_template
    template = super().get_template(template_name, skip)
  File "C:\Users\ASUS\AppData\Roaming\Python\Python314\site-packages\django\template\loaders\base.py", line 28, in get_template
    return Template(
        contents,
    ...<2 lines>...
        self.engine,
    )
  File "C:\Users\ASUS\AppData\Roaming\Python\Python314\site-packages\django\template\base.py", line 155, in __init__
    self.nodelist = self.compile_nodelist()
                    ~~~~~~~~~~~~~~~~~~~~~^^
  File "C:\Users\ASUS\AppData\Roaming\Python\Python314\site-packages\django\template\base.py", line 197, in compile_nodelist
    nodelist = parser.parse()
  File "C:\Users\ASUS\AppData\Roaming\Python\Python314\site-packages\django\template\base.py", line 519, in parse
    raise self.error(token, e)
  File "C:\Users\ASUS\AppData\Roaming\Python\Python314\site-packages\django\template\base.py", line 517, in parse
    compiled_result = compile_func(self, token)
  File "C:\Users\ASUS\AppData\Roaming\Python\Python314\site-packages\django\template\loader_tags.py", line 299, in do_extends
    nodelist = parser.parse()
  File "C:\Users\ASUS\AppData\Roaming\Python\Python314\site-packages\django\template\base.py", line 519, in parse
    raise self.error(token, e)
  File "C:\Users\ASUS\AppData\Roaming\Python\Python314\site-packages\django\template\base.py", line 517, in parse
    compiled_result = compile_func(self, token)
  File "C:\Users\ASUS\AppData\Roaming\Python\Python314\site-packages\django\template\loader_tags.py", line 234, in do_block
    nodelist = parser.parse(("endblock",))
  File "C:\Users\ASUS\AppData\Roaming\Python\Python314\site-packages\django\template\base.py", line 519, in parse
    raise self.error(token, e)
  File "C:\Users\ASUS\AppData\Roaming\Python\Python314\site-packages\django\template\base.py", line 517, in parse
    compiled_result = compile_func(self, token)
  File "C:\Users\ASUS\AppData\Roaming\Python\Python314\site-packages\django\template\defaulttags.py", line 961, in do_if
    condition = TemplateIfParser(parser, bits).parse()
                ~~~~~~~~~~~~~~~~^^^^^^^^^^^^^^
  File "C:\Users\ASUS\AppData\Roaming\Python\Python314\site-packages\django\template\defaulttags.py", line 894, in __init__
    super().__init__(*args, **kwargs)
    ~~~~~~~~~~~~~~~~^^^^^^^^^^^^^^^^^
  File "C:\Users\ASUS\AppData\Roaming\Python\Python314\site-packages\django\template\smartif.py", line 171, in __init__
    mapped_tokens.append(self.translate_token(token))
                         ~~~~~~~~~~~~~~~~~~~~^^^^^^^
  File "C:\Users\ASUS\AppData\Roaming\Python\Python314\site-packages\django\template\smartif.py", line 182, in translate_token
    return self.create_var(token)
           ~~~~~~~~~~~~~~~^^^^^^^
  File "C:\Users\ASUS\AppData\Roaming\Python\Python314\site-packages\django\template\defaulttags.py", line 897, in create_var
    return TemplateLiteral(self.template_parser.compile_filter(value), value)
                           ~~~~~~~~~~~~~~~~~~~~~~~~~~~~~~~~~~~^^^^^^^
  File "C:\Users\ASUS\AppData\Roaming\Python\Python314\site-packages\django\template\base.py", line 610, in compile_filter
    return FilterExpression(token, self)
  File "C:\Users\ASUS\AppData\Roaming\Python\Python314\site-packages\django\template\base.py", line 711, in __init__
    raise TemplateSyntaxError(
    ...<2 lines>...
    )
django.template.exceptions.TemplateSyntaxError: Could not parse the remainder: '-uploads' from 'fb_section_visible.document-uploads'
Internal Server Error: /registration/
Traceback (most recent call last):
  File "C:\Users\ASUS\Downloads\TRAINING PROJECT\TRAINING PROJECT\venv\Lib\site-packages\django\template\smartif.py", line 181, in translate_token
    op = OPERATORS[token]
         ~~~~~~~~~^^^^^^^
KeyError: 'fb_section_visible.document-uploads'

During handling of the above exception, another exception occurred:

Traceback (most recent call last):
  File "C:\Users\ASUS\Downloads\TRAINING PROJECT\TRAINING PROJECT\venv\Lib\site-packages\django\template\base.py", line 890, in __init__
    self.literal = float(var)
                   ~~~~~^^^^^
ValueError: could not convert string to float: 'fb_section_visible.document-uploads'

During handling of the above exception, another exception occurred:

Traceback (most recent call last):
  File "C:\Users\ASUS\Downloads\TRAINING PROJECT\TRAINING PROJECT\venv\Lib\site-packages\django\template\base.py", line 906, in __init__
    self.literal = mark_safe(unescape_string_literal(var))
                             ~~~~~~~~~~~~~~~~~~~~~~~^^^^^
  File "C:\Users\ASUS\Downloads\TRAINING PROJECT\TRAINING PROJECT\venv\Lib\site-packages\django\utils\functional.py", line 231, in wrapper
    return func(*args, **kwargs)
  File "C:\Users\ASUS\Downloads\TRAINING PROJECT\TRAINING PROJECT\venv\Lib\site-packages\django\utils\text.py", line 458, in unescape_string_literal
    raise ValueError("Not a string literal: %r" % s)
ValueError: Not a string literal: 'fb_section_visible.document-uploads'

During handling of the above exception, another exception occurred:

Traceback (most recent call last):
  File "C:\Users\ASUS\Downloads\TRAINING PROJECT\TRAINING PROJECT\venv\Lib\site-packages\django\core\handlers\exception.py", line 55, in inner
    response = get_response(request)
  File "C:\Users\ASUS\Downloads\TRAINING PROJECT\TRAINING PROJECT\venv\Lib\site-packages\django\core\handlers\base.py", line 198, in _get_response
    response = wrapped_callback(request, *callback_args, **callback_kwargs)
  File "C:\Users\ASUS\Downloads\TRAINING PROJECT\TRAINING PROJECT\registrations\views.py", line 409, in registration_view
    return render(request, 'registration/index.html', context)
  File "C:\Users\ASUS\Downloads\TRAINING PROJECT\TRAINING PROJECT\venv\Lib\site-packages\django\shortcuts.py", line 25, in render
    content = loader.render_to_string(template_name, context, request, using=using)
  File "C:\Users\ASUS\Downloads\TRAINING PROJECT\TRAINING PROJECT\venv\Lib\site-packages\django\template\loader.py", line 61, in render_to_string
    template = get_template(template_name, using=using)
  File "C:\Users\ASUS\Downloads\TRAINING PROJECT\TRAINING PROJECT\venv\Lib\site-packages\django\template\loader.py", line 15, in get_template
    return engine.get_template(template_name)
           ~~~~~~~~~~~~~~~~~~~^^^^^^^^^^^^^^^
  File "C:\Users\ASUS\Downloads\TRAINING PROJECT\TRAINING PROJECT\venv\Lib\site-packages\django\template\backends\django.py", line 79, in get_template
    return Template(self.engine.get_template(template_name), self)
                    ~~~~~~~~~~~~~~~~~~~~~~~~^^^^^^^^^^^^^^^
  File "C:\Users\ASUS\Downloads\TRAINING PROJECT\TRAINING PROJECT\venv\Lib\site-packages\django\template\engine.py", line 186, in get_template
    template, origin = self.find_template(template_name)
                       ~~~~~~~~~~~~~~~~~~^^^^^^^^^^^^^^^
  File "C:\Users\ASUS\Downloads\TRAINING PROJECT\TRAINING PROJECT\venv\Lib\site-packages\django\template\engine.py", line 159, in find_template
    template = loader.get_template(name, skip=skip)
  File "C:\Users\ASUS\Downloads\TRAINING PROJECT\TRAINING PROJECT\venv\Lib\site-packages\django\template\loaders\cached.py", line 57, in get_template
    template = super().get_template(template_name, skip)
  File "C:\Users\ASUS\Downloads\TRAINING PROJECT\TRAINING PROJECT\venv\Lib\site-packages\django\template\loaders\base.py", line 28, in get_template
    return Template(
        contents,
    ...<2 lines>...
        self.engine,
    )
  File "C:\Users\ASUS\Downloads\TRAINING PROJECT\TRAINING PROJECT\venv\Lib\site-packages\django\template\base.py", line 157, in __init__
    self.nodelist = self.compile_nodelist()
                    ~~~~~~~~~~~~~~~~~~~~~^^
  File "C:\Users\ASUS\Downloads\TRAINING PROJECT\TRAINING PROJECT\venv\Lib\site-packages\django\template\base.py", line 199, in compile_nodelist
    nodelist = parser.parse()
  File "C:\Users\ASUS\Downloads\TRAINING PROJECT\TRAINING PROJECT\venv\Lib\site-packages\django\template\base.py", line 585, in parse
    raise self.error(token, e)
  File "C:\Users\ASUS\Downloads\TRAINING PROJECT\TRAINING PROJECT\venv\Lib\site-packages\django\template\base.py", line 583, in parse
    compiled_result = compile_func(self, token)
  File "C:\Users\ASUS\Downloads\TRAINING PROJECT\TRAINING PROJECT\venv\Lib\site-packages\django\template\loader_tags.py", line 307, in do_extends
    nodelist = parser.parse()
  File "C:\Users\ASUS\Downloads\TRAINING PROJECT\TRAINING PROJECT\venv\Lib\site-packages\django\template\base.py", line 585, in parse
    raise self.error(token, e)
  File "C:\Users\ASUS\Downloads\TRAINING PROJECT\TRAINING PROJECT\venv\Lib\site-packages\django\template\base.py", line 583, in parse
    compiled_result = compile_func(self, token)
  File "C:\Users\ASUS\Downloads\TRAINING PROJECT\TRAINING PROJECT\venv\Lib\site-packages\django\template\loader_tags.py", line 235, in do_block
    nodelist = parser.parse(("endblock",))
  File "C:\Users\ASUS\Downloads\TRAINING PROJECT\TRAINING PROJECT\venv\Lib\site-packages\django\template\base.py", line 585, in parse
    raise self.error(token, e)
  File "C:\Users\ASUS\Downloads\TRAINING PROJECT\TRAINING PROJECT\venv\Lib\site-packages\django\template\base.py", line 583, in parse
    compiled_result = compile_func(self, token)
  File "C:\Users\ASUS\Downloads\TRAINING PROJECT\TRAINING PROJECT\venv\Lib\site-packages\django\template\defaulttags.py", line 993, in do_if
    condition = TemplateIfParser(parser, bits).parse()
                ~~~~~~~~~~~~~~~~^^^^^^^^^^^^^^
  File "C:\Users\ASUS\Downloads\TRAINING PROJECT\TRAINING PROJECT\venv\Lib\site-packages\django\template\defaulttags.py", line 926, in __init__
    super().__init__(*args, **kwargs)
    ~~~~~~~~~~~~~~~~^^^^^^^^^^^^^^^^^
  File "C:\Users\ASUS\Downloads\TRAINING PROJECT\TRAINING PROJECT\venv\Lib\site-packages\django\template\smartif.py", line 172, in __init__
    mapped_tokens.append(self.translate_token(token))
                         ~~~~~~~~~~~~~~~~~~~~^^^^^^^
  File "C:\Users\ASUS\Downloads\TRAINING PROJECT\TRAINING PROJECT\venv\Lib\site-packages\django\template\smartif.py", line 183, in translate_token
    return self.create_var(token)
           ~~~~~~~~~~~~~~~^^^^^^^
  File "C:\Users\ASUS\Downloads\TRAINING PROJECT\TRAINING PROJECT\venv\Lib\site-packages\django\template\defaulttags.py", line 929, in create_var
    return TemplateLiteral(self.template_parser.compile_filter(value), value)
                           ~~~~~~~~~~~~~~~~~~~~~~~~~~~~~~~~~~~^^^^^^^
  File "C:\Users\ASUS\Downloads\TRAINING PROJECT\TRAINING PROJECT\venv\Lib\site-packages\django\template\base.py", line 676, in compile_filter
    return FilterExpression(token, self)
  File "C:\Users\ASUS\Downloads\TRAINING PROJECT\TRAINING PROJECT\venv\Lib\site-packages\django\template\base.py", line 763, in __init__
    var_obj = Variable(var)
  File "C:\Users\ASUS\Downloads\TRAINING PROJECT\TRAINING PROJECT\venv\Lib\site-packages\django\template\base.py", line 919, in __init__
    raise TemplateSyntaxError(
        "Invalid character ('%s') in variable name: '%s'" % (c, var)
    )
django.template.exceptions.TemplateSyntaxError: Template: C:\Users\ASUS\Downloads\TRAINING PROJECT\TRAINING PROJECT\templates\registration\index.html, Invalid character ('-') in variable name: 'fb_section_visible.document-uploads'
Internal Server Error: /admin/registrations/studentapplication/
Traceback (most recent call last):
  File "C:\Users\ASUS\Downloads\TRAINING PROJECT\TRAINING PROJECT\venv\Lib\site-packages\django\db\models\fields\__init__.py", line 2128, in get_prep_value
    return int(value)
ValueError: invalid literal for int() with base 10: ''

The above exception was the direct cause of the following exception:

Traceback (most recent call last):
  File "C:\Users\ASUS\Downloads\TRAINING PROJECT\TRAINING PROJECT\venv\Lib\site-packages\django\core\handlers\exception.py", line 55, in inner
    response = get_response(request)
  File "C:\Users\ASUS\Downloads\TRAINING PROJECT\TRAINING PROJECT\venv\Lib\site-packages\django\core\handlers\base.py", line 198, in _get_response
    response = wrapped_callback(request, *callback_args, **callback_kwargs)
  File "C:\Users\ASUS\Downloads\TRAINING PROJECT\TRAINING PROJECT\venv\Lib\site-packages\django\contrib\admin\options.py", line 711, in wrapper
    return self.admin_site.admin_view(view)(*args, **kwargs)
           ~~~~~~~~~~~~~~~~~~~~~~~~~~~~~~~~^^^^^^^^^^^^^^^^^
  File "C:\Users\ASUS\Downloads\TRAINING PROJECT\TRAINING PROJECT\venv\Lib\site-packages\django\utils\decorators.py", line 192, in _view_wrapper
    result = _process_exception(request, e)
  File "C:\Users\ASUS\Downloads\TRAINING PROJECT\TRAINING PROJECT\venv\Lib\site-packages\django\utils\decorators.py", line 190, in _view_wrapper
    response = view_func(request, *args, **kwargs)
  File "C:\Users\ASUS\Downloads\TRAINING PROJECT\TRAINING PROJECT\venv\Lib\site-packages\django\views\decorators\cache.py", line 80, in _view_wrapper
    response = view_func(request, *args, **kwargs)
  File "C:\Users\ASUS\Downloads\TRAINING PROJECT\TRAINING PROJECT\venv\Lib\site-packages\django\contrib\admin\sites.py", line 247, in inner
    return view(request, *args, **kwargs)
  File "C:\Users\ASUS\Downloads\TRAINING PROJECT\TRAINING PROJECT\venv\Lib\site-packages\django\utils\decorators.py", line 48, in _wrapper
    return bound_method(*args, **kwargs)
  File "C:\Users\ASUS\Downloads\TRAINING PROJECT\TRAINING PROJECT\venv\Lib\site-packages\django\utils\decorators.py", line 192, in _view_wrapper
    result = _process_exception(request, e)
  File "C:\Users\ASUS\Downloads\TRAINING PROJECT\TRAINING PROJECT\venv\Lib\site-packages\django\utils\decorators.py", line 190, in _view_wrapper
    response = view_func(request, *args, **kwargs)
  File "C:\Users\ASUS\Downloads\TRAINING PROJECT\TRAINING PROJECT\venv\Lib\site-packages\django\contrib\admin\options.py", line 2016, in changelist_view
    response = self.response_action(
        request, queryset=cl.get_queryset(request)
    )
  File "C:\Users\ASUS\Downloads\TRAINING PROJECT\TRAINING PROJECT\venv\Lib\site-packages\django\contrib\admin\options.py", line 1645, in response_action
    response = func(self, request, queryset)
  File "C:\Users\ASUS\Downloads\TRAINING PROJECT\TRAINING PROJECT\registrations\admin.py", line 479, in assign_training_partner
    partner = TrainingPartner.objects.filter(pk=request.POST.get('training_partner')).first()
              ~~~~~~~~~~~~~~~~~~~~~~~~~~~~~~^^^^^^^^^^^^^^^^^^^^^^^^^^^^^^^^^^^^^^^^^
  File "C:\Users\ASUS\Downloads\TRAINING PROJECT\TRAINING PROJECT\venv\Lib\site-packages\django\db\models\manager.py", line 87, in manager_method
    return getattr(self.get_queryset(), name)(*args, **kwargs)
           ~~~~~~~~~~~~~~~~~~~~~~~~~~~~~~~~~~^^^^^^^^^^^^^^^^^
  File "C:\Users\ASUS\Downloads\TRAINING PROJECT\TRAINING PROJECT\venv\Lib\site-packages\django\db\models\query.py", line 1542, in filter
    return self._filter_or_exclude(False, args, kwargs)
           ~~~~~~~~~~~~~~~~~~~~~~~^^^^^^^^^^^^^^^^^^^^^
  File "C:\Users\ASUS\Downloads\TRAINING PROJECT\TRAINING PROJECT\venv\Lib\site-packages\django\db\models\query.py", line 1560, in _filter_or_exclude
    clone._filter_or_exclude_inplace(negate, args, kwargs)
    ~~~~~~~~~~~~~~~~~~~~~~~~~~~~~~~~^^^^^^^^^^^^^^^^^^^^^^
  File "C:\Users\ASUS\Downloads\TRAINING PROJECT\TRAINING PROJECT\venv\Lib\site-packages\django\db\models\query.py", line 1570, in _filter_or_exclude_inplace
    self._query.add_q(Q(*args, **kwargs))
    ~~~~~~~~~~~~~~~~~^^^^^^^^^^^^^^^^^^^^
  File "C:\Users\ASUS\Downloads\TRAINING PROJECT\TRAINING PROJECT\venv\Lib\site-packages\django\db\models\sql\query.py", line 1676, in add_q
    clause, _ = self._add_q(q_object, can_reuse)
                ~~~~~~~~~~~^^^^^^^^^^^^^^^^^^^^^
  File "C:\Users\ASUS\Downloads\TRAINING PROJECT\TRAINING PROJECT\venv\Lib\site-packages\django\db\models\sql\query.py", line 1708, in _add_q
    child_clause, needed_inner = self.build_filter(
                                 ~~~~~~~~~~~~~~~~~^
        child,
        ^^^^^^
    ...<7 lines>...
        update_join_types=update_join_types,
        ^^^^^^^^^^^^^^^^^^^^^^^^^^^^^^^^^^^^
    )
    ^
  File "C:\Users\ASUS\Downloads\TRAINING PROJECT\TRAINING PROJECT\venv\Lib\site-packages\django\db\models\sql\query.py", line 1618, in build_filter
    condition = self.build_lookup(lookups, col, value)
  File "C:\Users\ASUS\Downloads\TRAINING PROJECT\TRAINING PROJECT\venv\Lib\site-packages\django\db\models\sql\query.py", line 1445, in build_lookup
    lookup = lookup_class(lhs, rhs)
  File "C:\Users\ASUS\Downloads\TRAINING PROJECT\TRAINING PROJECT\venv\Lib\site-packages\django\db\models\lookups.py", line 35, in __init__
    self.rhs = self.get_prep_lookup()
               ~~~~~~~~~~~~~~~~~~~~^^
  File "C:\Users\ASUS\Downloads\TRAINING PROJECT\TRAINING PROJECT\venv\Lib\site-packages\django\db\models\lookups.py", line 391, in get_prep_lookup
    return super().get_prep_lookup()
           ~~~~~~~~~~~~~~~~~~~~~~~^^
  File "C:\Users\ASUS\Downloads\TRAINING PROJECT\TRAINING PROJECT\venv\Lib\site-packages\django\db\models\lookups.py", line 93, in get_prep_lookup
    return self.lhs.output_field.get_prep_value(self.rhs)
           ~~~~~~~~~~~~~~~~~~~~~~~~~~~~~~~~~~~~^^^^^^^^^^
  File "C:\Users\ASUS\Downloads\TRAINING PROJECT\TRAINING PROJECT\venv\Lib\site-packages\django\db\models\fields\__init__.py", line 2130, in get_prep_value
    raise e.__class__(
        "Field '%s' expected a number but got %r." % (self.name, value),
    ) from e
ValueError: Field 'id' expected a number but got ''.
Internal Server Error: /admin/registrations/studentapplication/
Traceback (most recent call last):
  File "C:\Users\ASUS\Downloads\TRAINING PROJECT\TRAINING PROJECT\venv\Lib\site-packages\django\core\handlers\exception.py", line 55, in inner
    response = get_response(request)
  File "C:\Users\ASUS\Downloads\TRAINING PROJECT\TRAINING PROJECT\venv\Lib\site-packages\django\core\handlers\base.py", line 198, in _get_response
    response = wrapped_callback(request, *callback_args, **callback_kwargs)
  File "C:\Users\ASUS\Downloads\TRAINING PROJECT\TRAINING PROJECT\venv\Lib\site-packages\django\contrib\admin\options.py", line 711, in wrapper
    return self.admin_site.admin_view(view)(*args, **kwargs)
           ~~~~~~~~~~~~~~~~~~~~~~~~~~~~~~~~^^^^^^^^^^^^^^^^^
  File "C:\Users\ASUS\Downloads\TRAINING PROJECT\TRAINING PROJECT\venv\Lib\site-packages\django\utils\decorators.py", line 192, in _view_wrapper
    result = _process_exception(request, e)
  File "C:\Users\ASUS\Downloads\TRAINING PROJECT\TRAINING PROJECT\venv\Lib\site-packages\django\utils\decorators.py", line 190, in _view_wrapper
    response = view_func(request, *args, **kwargs)
  File "C:\Users\ASUS\Downloads\TRAINING PROJECT\TRAINING PROJECT\venv\Lib\site-packages\django\views\decorators\cache.py", line 80, in _view_wrapper
    response = view_func(request, *args, **kwargs)
  File "C:\Users\ASUS\Downloads\TRAINING PROJECT\TRAINING PROJECT\venv\Lib\site-packages\django\contrib\admin\sites.py", line 247, in inner
    return view(request, *args, **kwargs)
  File "C:\Users\ASUS\Downloads\TRAINING PROJECT\TRAINING PROJECT\venv\Lib\site-packages\django\utils\decorators.py", line 48, in _wrapper
    return bound_method(*args, **kwargs)
  File "C:\Users\ASUS\Downloads\TRAINING PROJECT\TRAINING PROJECT\venv\Lib\site-packages\django\utils\decorators.py", line 192, in _view_wrapper
    result = _process_exception(request, e)
  File "C:\Users\ASUS\Downloads\TRAINING PROJECT\TRAINING PROJECT\venv\Lib\site-packages\django\utils\decorators.py", line 190, in _view_wrapper
    response = view_func(request, *args, **kwargs)
  File "C:\Users\ASUS\Downloads\TRAINING PROJECT\TRAINING PROJECT\venv\Lib\site-packages\django\contrib\admin\options.py", line 2016, in changelist_view
    response = self.response_action(
        request, queryset=cl.get_queryset(request)
    )
  File "C:\Users\ASUS\Downloads\TRAINING PROJECT\TRAINING PROJECT\venv\Lib\site-packages\django\contrib\admin\options.py", line 1645, in response_action
    response = func(self, request, queryset)
  File "C:\Users\ASUS\Downloads\TRAINING PROJECT\TRAINING PROJECT\registrations\admin.py", line 940, in download_application_forms
    return self._zip_documents_response(
           ~~~~~~~~~~~~~~~~~~~~~~~~~~~~^
        queryset,
        ^^^^^^^^^
    ...<3 lines>...
                                 if app.acknowledgement_pdf and app.acknowledgement_pdf.name else None],
                                 ^^^^^^^^^^^^^^^^^^^^^^^^^^^^^^^^^^^^^^^^^^^^^^^^^^^^^^^^^^^^^^^^^^^^^^^
    )
    ^
  File "C:\Users\ASUS\Downloads\TRAINING PROJECT\TRAINING PROJECT\registrations\admin.py", line 919, in _zip_documents_response
    for arcname, path in extra_files(app):
        ^^^^^^^^^^^^^
TypeError: cannot unpack non-iterable NoneType object
Internal Server Error: /api/auto-save/
Traceback (most recent call last):
  File "C:\Users\ASUS\Downloads\TRAINING PROJECT\TRAINING PROJECT\venv\Lib\site-packages\django\db\backends\utils.py", line 105, in _execute
    return self.cursor.execute(sql, params)
           ~~~~~~~~~~~~~~~~~~~^^^^^^^^^^^^^
  File "C:\Users\ASUS\Downloads\TRAINING PROJECT\TRAINING PROJECT\venv\Lib\site-packages\django\db\backends\sqlite3\base.py", line 359, in execute
    return super().execute(query, params)
           ~~~~~~~~~~~~~~~^^^^^^^^^^^^^^^
sqlite3.IntegrityError: NOT NULL constraint failed: registrations_studentapplication.is_archived

The above exception was the direct cause of the following exception:

Traceback (most recent call last):
  File "C:\Users\ASUS\Downloads\TRAINING PROJECT\TRAINING PROJECT\venv\Lib\site-packages\django\core\handlers\exception.py", line 55, in inner
    response = get_response(request)
  File "C:\Users\ASUS\Downloads\TRAINING PROJECT\TRAINING PROJECT\venv\Lib\site-packages\django\core\handlers\base.py", line 198, in _get_response
    response = wrapped_callback(request, *callback_args, **callback_kwargs)
  File "C:\Users\ASUS\Downloads\TRAINING PROJECT\TRAINING PROJECT\registrations\views.py", line 958, in auto_save_field
    app.save()
    ~~~~~~~~^^
  File "C:\Users\ASUS\Downloads\TRAINING PROJECT\TRAINING PROJECT\venv\Lib\site-packages\django\db\models\base.py", line 874, in save
    self.save_base(
    ~~~~~~~~~~~~~~^
        using=using,
        ^^^^^^^^^^^^
    ...<2 lines>...
        update_fields=update_fields,
        ^^^^^^^^^^^^^^^^^^^^^^^^^^^^
    )
    ^
  File "C:\Users\ASUS\Downloads\TRAINING PROJECT\TRAINING PROJECT\venv\Lib\site-packages\django\db\models\base.py", line 966, in save_base
    updated = self._save_table(
        raw,
    ...<4 lines>...
        update_fields,
    )
  File "C:\Users\ASUS\Downloads\TRAINING PROJECT\TRAINING PROJECT\venv\Lib\site-packages\django\db\models\base.py", line 1169, in _save_table
    results = self._do_insert(
        cls._base_manager, using, insert_fields, returning_fields, raw
    )
  File "C:\Users\ASUS\Downloads\TRAINING PROJECT\TRAINING PROJECT\venv\Lib\site-packages\django\db\models\base.py", line 1220, in _do_insert
    return manager._insert(
           ~~~~~~~~~~~~~~~^
        [self],
        ^^^^^^^
    ...<3 lines>...
        raw=raw,
        ^^^^^^^^
    )
    ^
  File "C:\Users\ASUS\Downloads\TRAINING PROJECT\TRAINING PROJECT\venv\Lib\site-packages\django\db\models\manager.py", line 87, in manager_method
    return getattr(self.get_queryset(), name)(*args, **kwargs)
           ~~~~~~~~~~~~~~~~~~~~~~~~~~~~~~~~~~^^^^^^^^^^^^^^^^^
  File "C:\Users\ASUS\Downloads\TRAINING PROJECT\TRAINING PROJECT\venv\Lib\site-packages\django\db\models\query.py", line 1918, in _insert
    return query.get_compiler(using=using).execute_sql(returning_fields)
           ~~~~~~~~~~~~~~~~~~~~~~~~~~~~~~~~~~~~~~~~~~~^^^^^^^^^^^^^^^^^^
  File "C:\Users\ASUS\Downloads\TRAINING PROJECT\TRAINING PROJECT\venv\Lib\site-packages\django\db\models\sql\compiler.py", line 1925, in execute_sql
    cursor.execute(sql, params)
    ~~~~~~~~~~~~~~^^^^^^^^^^^^^
  File "C:\Users\ASUS\Downloads\TRAINING PROJECT\TRAINING PROJECT\venv\Lib\site-packages\django\db\backends\utils.py", line 122, in execute
    return super().execute(sql, params)
           ~~~~~~~~~~~~~~~^^^^^^^^^^^^^
  File "C:\Users\ASUS\Downloads\TRAINING PROJECT\TRAINING PROJECT\venv\Lib\site-packages\django\db\backends\utils.py", line 79, in execute
    return self._execute_with_wrappers(
           ~~~~~~~~~~~~~~~~~~~~~~~~~~~^
        sql, params, many=False, executor=self._execute
        ^^^^^^^^^^^^^^^^^^^^^^^^^^^^^^^^^^^^^^^^^^^^^^^
    )
    ^
  File "C:\Users\ASUS\Downloads\TRAINING PROJECT\TRAINING PROJECT\venv\Lib\site-packages\django\db\backends\utils.py", line 92, in _execute_with_wrappers
    return executor(sql, params, many, context)
  File "C:\Users\ASUS\Downloads\TRAINING PROJECT\TRAINING PROJECT\venv\Lib\site-packages\django\db\backends\utils.py", line 100, in _execute
    with self.db.wrap_database_errors:
         ^^^^^^^^^^^^^^^^^^^^^^^^^^^^
  File "C:\Users\ASUS\Downloads\TRAINING PROJECT\TRAINING PROJECT\venv\Lib\site-packages\django\db\utils.py", line 94, in __exit__
    raise dj_exc_value.with_traceback(traceback) from exc_value
  File "C:\Users\ASUS\Downloads\TRAINING PROJECT\TRAINING PROJECT\venv\Lib\site-packages\django\db\backends\utils.py", line 105, in _execute
    return self.cursor.execute(sql, params)
           ~~~~~~~~~~~~~~~~~~~^^^^^^^^^^^^^
  File "C:\Users\ASUS\Downloads\TRAINING PROJECT\TRAINING PROJECT\venv\Lib\site-packages\django\db\backends\sqlite3\base.py", line 359, in execute
    return super().execute(query, params)
           ~~~~~~~~~~~~~~~^^^^^^^^^^^^^^^
django.db.utils.IntegrityError: NOT NULL constraint failed: registrations_studentapplication.is_archived
Internal Server Error: /api/auto-save/
Traceback (most recent call last):
  File "C:\Users\ASUS\Downloads\TRAINING PROJECT\TRAINING PROJECT\venv\Lib\site-packages\django\db\backends\utils.py", line 105, in _execute
    return self.cursor.execute(sql, params)
           ~~~~~~~~~~~~~~~~~~~^^^^^^^^^^^^^
  File "C:\Users\ASUS\Downloads\TRAINING PROJECT\TRAINING PROJECT\venv\Lib\site-packages\django\db\backends\sqlite3\base.py", line 359, in execute
    return super().execute(query, params)
           ~~~~~~~~~~~~~~~^^^^^^^^^^^^^^^
sqlite3.IntegrityError: NOT NULL constraint failed: registrations_studentapplication.is_archived

The above exception was the direct cause of the following exception:

Traceback (most recent call last):
  File "C:\Users\ASUS\Downloads\TRAINING PROJECT\TRAINING PROJECT\venv\Lib\site-packages\django\core\handlers\exception.py", line 55, in inner
    response = get_response(request)
  File "C:\Users\ASUS\Downloads\TRAINING PROJECT\TRAINING PROJECT\venv\Lib\site-packages\django\core\handlers\base.py", line 198, in _get_response
    response = wrapped_callback(request, *callback_args, **callback_kwargs)
  File "C:\Users\ASUS\Downloads\TRAINING PROJECT\TRAINING PROJECT\registrations\views.py", line 958, in auto_save_field
    app.save()
    ~~~~~~~~^^
  File "C:\Users\ASUS\Downloads\TRAINING PROJECT\TRAINING PROJECT\venv\Lib\site-packages\django\db\models\base.py", line 874, in save
    self.save_base(
    ~~~~~~~~~~~~~~^
        using=using,
        ^^^^^^^^^^^^
    ...<2 lines>...
        update_fields=update_fields,
        ^^^^^^^^^^^^^^^^^^^^^^^^^^^^
    )
    ^
  File "C:\Users\ASUS\Downloads\TRAINING PROJECT\TRAINING PROJECT\venv\Lib\site-packages\django\db\models\base.py", line 966, in save_base
    updated = self._save_table(
        raw,
    ...<4 lines>...
        update_fields,
    )
  File "C:\Users\ASUS\Downloads\TRAINING PROJECT\TRAINING PROJECT\venv\Lib\site-packages\django\db\models\base.py", line 1169, in _save_table
    results = self._do_insert(
        cls._base_manager, using, insert_fields, returning_fields, raw
    )
  File "C:\Users\ASUS\Downloads\TRAINING PROJECT\TRAINING PROJECT\venv\Lib\site-packages\django\db\models\base.py", line 1220, in _do_insert
    return manager._insert(
           ~~~~~~~~~~~~~~~^
        [self],
        ^^^^^^^
    ...<3 lines>...
        raw=raw,
        ^^^^^^^^
    )
    ^
  File "C:\Users\ASUS\Downloads\TRAINING PROJECT\TRAINING PROJECT\venv\Lib\site-packages\django\db\models\manager.py", line 87, in manager_method
    return getattr(self.get_queryset(), name)(*args, **kwargs)
           ~~~~~~~~~~~~~~~~~~~~~~~~~~~~~~~~~~^^^^^^^^^^^^^^^^^
  File "C:\Users\ASUS\Downloads\TRAINING PROJECT\TRAINING PROJECT\venv\Lib\site-packages\django\db\models\query.py", line 1918, in _insert
    return query.get_compiler(using=using).execute_sql(returning_fields)
           ~~~~~~~~~~~~~~~~~~~~~~~~~~~~~~~~~~~~~~~~~~~^^^^^^^^^^^^^^^^^^
  File "C:\Users\ASUS\Downloads\TRAINING PROJECT\TRAINING PROJECT\venv\Lib\site-packages\django\db\models\sql\compiler.py", line 1925, in execute_sql
    cursor.execute(sql, params)
    ~~~~~~~~~~~~~~^^^^^^^^^^^^^
  File "C:\Users\ASUS\Downloads\TRAINING PROJECT\TRAINING PROJECT\venv\Lib\site-packages\django\db\backends\utils.py", line 122, in execute
    return super().execute(sql, params)
           ~~~~~~~~~~~~~~~^^^^^^^^^^^^^
  File "C:\Users\ASUS\Downloads\TRAINING PROJECT\TRAINING PROJECT\venv\Lib\site-packages\django\db\backends\utils.py", line 79, in execute
    return self._execute_with_wrappers(
           ~~~~~~~~~~~~~~~~~~~~~~~~~~~^
        sql, params, many=False, executor=self._execute
        ^^^^^^^^^^^^^^^^^^^^^^^^^^^^^^^^^^^^^^^^^^^^^^^
    )
    ^
  File "C:\Users\ASUS\Downloads\TRAINING PROJECT\TRAINING PROJECT\venv\Lib\site-packages\django\db\backends\utils.py", line 92, in _execute_with_wrappers
    return executor(sql, params, many, context)
  File "C:\Users\ASUS\Downloads\TRAINING PROJECT\TRAINING PROJECT\venv\Lib\site-packages\django\db\backends\utils.py", line 100, in _execute
    with self.db.wrap_database_errors:
         ^^^^^^^^^^^^^^^^^^^^^^^^^^^^
  File "C:\Users\ASUS\Downloads\TRAINING PROJECT\TRAINING PROJECT\venv\Lib\site-packages\django\db\utils.py", line 94, in __exit__
    raise dj_exc_value.with_traceback(traceback) from exc_value
  File "C:\Users\ASUS\Downloads\TRAINING PROJECT\TRAINING PROJECT\venv\Lib\site-packages\django\db\backends\utils.py", line 105, in _execute
    return self.cursor.execute(sql, params)
           ~~~~~~~~~~~~~~~~~~~^^^^^^^^^^^^^
  File "C:\Users\ASUS\Downloads\TRAINING PROJECT\TRAINING PROJECT\venv\Lib\site-packages\django\db\backends\sqlite3\base.py", line 359, in execute
    return super().execute(query, params)
           ~~~~~~~~~~~~~~~^^^^^^^^^^^^^^^
django.db.utils.IntegrityError: NOT NULL constraint failed: registrations_studentapplication.is_archived
Internal Server Error: /api/auto-save/
Traceback (most recent call last):
  File "C:\Users\ASUS\Downloads\TRAINING PROJECT\TRAINING PROJECT\venv\Lib\site-packages\django\db\backends\utils.py", line 105, in _execute
    return self.cursor.execute(sql, params)
           ~~~~~~~~~~~~~~~~~~~^^^^^^^^^^^^^
  File "C:\Users\ASUS\Downloads\TRAINING PROJECT\TRAINING PROJECT\venv\Lib\site-packages\django\db\backends\sqlite3\base.py", line 359, in execute
    return super().execute(query, params)
           ~~~~~~~~~~~~~~~^^^^^^^^^^^^^^^
sqlite3.IntegrityError: NOT NULL constraint failed: registrations_studentapplication.is_archived

The above exception was the direct cause of the following exception:

Traceback (most recent call last):
  File "C:\Users\ASUS\Downloads\TRAINING PROJECT\TRAINING PROJECT\venv\Lib\site-packages\django\core\handlers\exception.py", line 55, in inner
    response = get_response(request)
  File "C:\Users\ASUS\Downloads\TRAINING PROJECT\TRAINING PROJECT\venv\Lib\site-packages\django\core\handlers\base.py", line 198, in _get_response
    response = wrapped_callback(request, *callback_args, **callback_kwargs)
  File "C:\Users\ASUS\Downloads\TRAINING PROJECT\TRAINING PROJECT\registrations\views.py", line 958, in auto_save_field
    app.save()
    ~~~~~~~~^^
  File "C:\Users\ASUS\Downloads\TRAINING PROJECT\TRAINING PROJECT\venv\Lib\site-packages\django\db\models\base.py", line 874, in save
    self.save_base(
    ~~~~~~~~~~~~~~^
        using=using,
        ^^^^^^^^^^^^
    ...<2 lines>...
        update_fields=update_fields,
        ^^^^^^^^^^^^^^^^^^^^^^^^^^^^
    )
    ^
  File "C:\Users\ASUS\Downloads\TRAINING PROJECT\TRAINING PROJECT\venv\Lib\site-packages\django\db\models\base.py", line 966, in save_base
    updated = self._save_table(
        raw,
    ...<4 lines>...
        update_fields,
    )
  File "C:\Users\ASUS\Downloads\TRAINING PROJECT\TRAINING PROJECT\venv\Lib\site-packages\django\db\models\base.py", line 1169, in _save_table
    results = self._do_insert(
        cls._base_manager, using, insert_fields, returning_fields, raw
    )
  File "C:\Users\ASUS\Downloads\TRAINING PROJECT\TRAINING PROJECT\venv\Lib\site-packages\django\db\models\base.py", line 1220, in _do_insert
    return manager._insert(
           ~~~~~~~~~~~~~~~^
        [self],
        ^^^^^^^
    ...<3 lines>...
        raw=raw,
        ^^^^^^^^
    )
    ^
  File "C:\Users\ASUS\Downloads\TRAINING PROJECT\TRAINING PROJECT\venv\Lib\site-packages\django\db\models\manager.py", line 87, in manager_method
    return getattr(self.get_queryset(), name)(*args, **kwargs)
           ~~~~~~~~~~~~~~~~~~~~~~~~~~~~~~~~~~^^^^^^^^^^^^^^^^^
  File "C:\Users\ASUS\Downloads\TRAINING PROJECT\TRAINING PROJECT\venv\Lib\site-packages\django\db\models\query.py", line 1918, in _insert
    return query.get_compiler(using=using).execute_sql(returning_fields)
           ~~~~~~~~~~~~~~~~~~~~~~~~~~~~~~~~~~~~~~~~~~~^^^^^^^^^^^^^^^^^^
  File "C:\Users\ASUS\Downloads\TRAINING PROJECT\TRAINING PROJECT\venv\Lib\site-packages\django\db\models\sql\compiler.py", line 1925, in execute_sql
    cursor.execute(sql, params)
    ~~~~~~~~~~~~~~^^^^^^^^^^^^^
  File "C:\Users\ASUS\Downloads\TRAINING PROJECT\TRAINING PROJECT\venv\Lib\site-packages\django\db\backends\utils.py", line 122, in execute
    return super().execute(sql, params)
           ~~~~~~~~~~~~~~~^^^^^^^^^^^^^
  File "C:\Users\ASUS\Downloads\TRAINING PROJECT\TRAINING PROJECT\venv\Lib\site-packages\django\db\backends\utils.py", line 79, in execute
    return self._execute_with_wrappers(
           ~~~~~~~~~~~~~~~~~~~~~~~~~~~^
        sql, params, many=False, executor=self._execute
        ^^^^^^^^^^^^^^^^^^^^^^^^^^^^^^^^^^^^^^^^^^^^^^^
    )
    ^
  File "C:\Users\ASUS\Downloads\TRAINING PROJECT\TRAINING PROJECT\venv\Lib\site-packages\django\db\backends\utils.py", line 92, in _execute_with_wrappers
    return executor(sql, params, many, context)
  File "C:\Users\ASUS\Downloads\TRAINING PROJECT\TRAINING PROJECT\venv\Lib\site-packages\django\db\backends\utils.py", line 100, in _execute
    with self.db.wrap_database_errors:
         ^^^^^^^^^^^^^^^^^^^^^^^^^^^^
  File "C:\Users\ASUS\Downloads\TRAINING PROJECT\TRAINING PROJECT\venv\Lib\site-packages\django\db\utils.py", line 94, in __exit__
    raise dj_exc_value.with_traceback(traceback) from exc_value
  File "C:\Users\ASUS\Downloads\TRAINING PROJECT\TRAINING PROJECT\venv\Lib\site-packages\django\db\backends\utils.py", line 105, in _execute
    return self.cursor.execute(sql, params)
           ~~~~~~~~~~~~~~~~~~~^^^^^^^^^^^^^
  File "C:\Users\ASUS\Downloads\TRAINING PROJECT\TRAINING PROJECT\venv\Lib\site-packages\django\db\backends\sqlite3\base.py", line 359, in execute
    return super().execute(query, params)
           ~~~~~~~~~~~~~~~^^^^^^^^^^^^^^^
django.db.utils.IntegrityError: NOT NULL constraint failed: registrations_studentapplication.is_archived
Internal Server Error: /api/auto-save/
Traceback (most recent call last):
  File "C:\Users\ASUS\Downloads\TRAINING PROJECT\TRAINING PROJECT\venv\Lib\site-packages\django\db\backends\utils.py", line 105, in _execute
    return self.cursor.execute(sql, params)
           ~~~~~~~~~~~~~~~~~~~^^^^^^^^^^^^^
  File "C:\Users\ASUS\Downloads\TRAINING PROJECT\TRAINING PROJECT\venv\Lib\site-packages\django\db\backends\sqlite3\base.py", line 359, in execute
    return super().execute(query, params)
           ~~~~~~~~~~~~~~~^^^^^^^^^^^^^^^
sqlite3.IntegrityError: NOT NULL constraint failed: registrations_studentapplication.is_archived

The above exception was the direct cause of the following exception:

Traceback (most recent call last):
  File "C:\Users\ASUS\Downloads\TRAINING PROJECT\TRAINING PROJECT\venv\Lib\site-packages\django\core\handlers\exception.py", line 55, in inner
    response = get_response(request)
  File "C:\Users\ASUS\Downloads\TRAINING PROJECT\TRAINING PROJECT\venv\Lib\site-packages\django\core\handlers\base.py", line 198, in _get_response
    response = wrapped_callback(request, *callback_args, **callback_kwargs)
  File "C:\Users\ASUS\Downloads\TRAINING PROJECT\TRAINING PROJECT\registrations\views.py", line 958, in auto_save_field
    app.save()
    ~~~~~~~~^^
  File "C:\Users\ASUS\Downloads\TRAINING PROJECT\TRAINING PROJECT\venv\Lib\site-packages\django\db\models\base.py", line 874, in save
    self.save_base(
    ~~~~~~~~~~~~~~^
        using=using,
        ^^^^^^^^^^^^
    ...<2 lines>...
        update_fields=update_fields,
        ^^^^^^^^^^^^^^^^^^^^^^^^^^^^
    )
    ^
  File "C:\Users\ASUS\Downloads\TRAINING PROJECT\TRAINING PROJECT\venv\Lib\site-packages\django\db\models\base.py", line 966, in save_base
    updated = self._save_table(
        raw,
    ...<4 lines>...
        update_fields,
    )
  File "C:\Users\ASUS\Downloads\TRAINING PROJECT\TRAINING PROJECT\venv\Lib\site-packages\django\db\models\base.py", line 1169, in _save_table
    results = self._do_insert(
        cls._base_manager, using, insert_fields, returning_fields, raw
    )
  File "C:\Users\ASUS\Downloads\TRAINING PROJECT\TRAINING PROJECT\venv\Lib\site-packages\django\db\models\base.py", line 1220, in _do_insert
    return manager._insert(
           ~~~~~~~~~~~~~~~^
        [self],
        ^^^^^^^
    ...<3 lines>...
        raw=raw,
        ^^^^^^^^
    )
    ^
  File "C:\Users\ASUS\Downloads\TRAINING PROJECT\TRAINING PROJECT\venv\Lib\site-packages\django\db\models\manager.py", line 87, in manager_method
    return getattr(self.get_queryset(), name)(*args, **kwargs)
           ~~~~~~~~~~~~~~~~~~~~~~~~~~~~~~~~~~^^^^^^^^^^^^^^^^^
  File "C:\Users\ASUS\Downloads\TRAINING PROJECT\TRAINING PROJECT\venv\Lib\site-packages\django\db\models\query.py", line 1918, in _insert
    return query.get_compiler(using=using).execute_sql(returning_fields)
           ~~~~~~~~~~~~~~~~~~~~~~~~~~~~~~~~~~~~~~~~~~~^^^^^^^^^^^^^^^^^^
  File "C:\Users\ASUS\Downloads\TRAINING PROJECT\TRAINING PROJECT\venv\Lib\site-packages\django\db\models\sql\compiler.py", line 1925, in execute_sql
    cursor.execute(sql, params)
    ~~~~~~~~~~~~~~^^^^^^^^^^^^^
  File "C:\Users\ASUS\Downloads\TRAINING PROJECT\TRAINING PROJECT\venv\Lib\site-packages\django\db\backends\utils.py", line 122, in execute
    return super().execute(sql, params)
           ~~~~~~~~~~~~~~~^^^^^^^^^^^^^
  File "C:\Users\ASUS\Downloads\TRAINING PROJECT\TRAINING PROJECT\venv\Lib\site-packages\django\db\backends\utils.py", line 79, in execute
    return self._execute_with_wrappers(
           ~~~~~~~~~~~~~~~~~~~~~~~~~~~^
        sql, params, many=False, executor=self._execute
        ^^^^^^^^^^^^^^^^^^^^^^^^^^^^^^^^^^^^^^^^^^^^^^^
    )
    ^
  File "C:\Users\ASUS\Downloads\TRAINING PROJECT\TRAINING PROJECT\venv\Lib\site-packages\django\db\backends\utils.py", line 92, in _execute_with_wrappers
    return executor(sql, params, many, context)
  File "C:\Users\ASUS\Downloads\TRAINING PROJECT\TRAINING PROJECT\venv\Lib\site-packages\django\db\backends\utils.py", line 100, in _execute
    with self.db.wrap_database_errors:
         ^^^^^^^^^^^^^^^^^^^^^^^^^^^^
  File "C:\Users\ASUS\Downloads\TRAINING PROJECT\TRAINING PROJECT\venv\Lib\site-packages\django\db\utils.py", line 94, in __exit__
    raise dj_exc_value.with_traceback(traceback) from exc_value
  File "C:\Users\ASUS\Downloads\TRAINING PROJECT\TRAINING PROJECT\venv\Lib\site-packages\django\db\backends\utils.py", line 105, in _execute
    return self.cursor.execute(sql, params)
           ~~~~~~~~~~~~~~~~~~~^^^^^^^^^^^^^
  File "C:\Users\ASUS\Downloads\TRAINING PROJECT\TRAINING PROJECT\venv\Lib\site-packages\django\db\backends\sqlite3\base.py", line 359, in execute
    return super().execute(query, params)
           ~~~~~~~~~~~~~~~^^^^^^^^^^^^^^^
django.db.utils.IntegrityError: NOT NULL constraint failed: registrations_studentapplication.is_archived
Internal Server Error: /api/auto-save/
Traceback (most recent call last):
  File "C:\Users\ASUS\Downloads\TRAINING PROJECT\TRAINING PROJECT\venv\Lib\site-packages\django\db\backends\utils.py", line 105, in _execute
    return self.cursor.execute(sql, params)
           ~~~~~~~~~~~~~~~~~~~^^^^^^^^^^^^^
  File "C:\Users\ASUS\Downloads\TRAINING PROJECT\TRAINING PROJECT\venv\Lib\site-packages\django\db\backends\sqlite3\base.py", line 359, in execute
    return super().execute(query, params)
           ~~~~~~~~~~~~~~~^^^^^^^^^^^^^^^
sqlite3.IntegrityError: NOT NULL constraint failed: registrations_studentapplication.is_archived

The above exception was the direct cause of the following exception:

Traceback (most recent call last):
  File "C:\Users\ASUS\Downloads\TRAINING PROJECT\TRAINING PROJECT\venv\Lib\site-packages\django\core\handlers\exception.py", line 55, in inner
    response = get_response(request)
  File "C:\Users\ASUS\Downloads\TRAINING PROJECT\TRAINING PROJECT\venv\Lib\site-packages\django\core\handlers\base.py", line 198, in _get_response
    response = wrapped_callback(request, *callback_args, **callback_kwargs)
  File "C:\Users\ASUS\Downloads\TRAINING PROJECT\TRAINING PROJECT\registrations\views.py", line 958, in auto_save_field
    app.save()
    ~~~~~~~~^^
  File "C:\Users\ASUS\Downloads\TRAINING PROJECT\TRAINING PROJECT\venv\Lib\site-packages\django\db\models\base.py", line 874, in save
    self.save_base(
    ~~~~~~~~~~~~~~^
        using=using,
        ^^^^^^^^^^^^
    ...<2 lines>...
        update_fields=update_fields,
        ^^^^^^^^^^^^^^^^^^^^^^^^^^^^
    )
    ^
  File "C:\Users\ASUS\Downloads\TRAINING PROJECT\TRAINING PROJECT\venv\Lib\site-packages\django\db\models\base.py", line 966, in save_base
    updated = self._save_table(
        raw,
    ...<4 lines>...
        update_fields,
    )
  File "C:\Users\ASUS\Downloads\TRAINING PROJECT\TRAINING PROJECT\venv\Lib\site-packages\django\db\models\base.py", line 1169, in _save_table
    results = self._do_insert(
        cls._base_manager, using, insert_fields, returning_fields, raw
    )
  File "C:\Users\ASUS\Downloads\TRAINING PROJECT\TRAINING PROJECT\venv\Lib\site-packages\django\db\models\base.py", line 1220, in _do_insert
    return manager._insert(
           ~~~~~~~~~~~~~~~^
        [self],
        ^^^^^^^
    ...<3 lines>...
        raw=raw,
        ^^^^^^^^
    )
    ^
  File "C:\Users\ASUS\Downloads\TRAINING PROJECT\TRAINING PROJECT\venv\Lib\site-packages\django\db\models\manager.py", line 87, in manager_method
    return getattr(self.get_queryset(), name)(*args, **kwargs)
           ~~~~~~~~~~~~~~~~~~~~~~~~~~~~~~~~~~^^^^^^^^^^^^^^^^^
  File "C:\Users\ASUS\Downloads\TRAINING PROJECT\TRAINING PROJECT\venv\Lib\site-packages\django\db\models\query.py", line 1918, in _insert
    return query.get_compiler(using=using).execute_sql(returning_fields)
           ~~~~~~~~~~~~~~~~~~~~~~~~~~~~~~~~~~~~~~~~~~~^^^^^^^^^^^^^^^^^^
  File "C:\Users\ASUS\Downloads\TRAINING PROJECT\TRAINING PROJECT\venv\Lib\site-packages\django\db\models\sql\compiler.py", line 1925, in execute_sql
    cursor.execute(sql, params)
    ~~~~~~~~~~~~~~^^^^^^^^^^^^^
  File "C:\Users\ASUS\Downloads\TRAINING PROJECT\TRAINING PROJECT\venv\Lib\site-packages\django\db\backends\utils.py", line 122, in execute
    return super().execute(sql, params)
           ~~~~~~~~~~~~~~~^^^^^^^^^^^^^
  File "C:\Users\ASUS\Downloads\TRAINING PROJECT\TRAINING PROJECT\venv\Lib\site-packages\django\db\backends\utils.py", line 79, in execute
    return self._execute_with_wrappers(
           ~~~~~~~~~~~~~~~~~~~~~~~~~~~^
        sql, params, many=False, executor=self._execute
        ^^^^^^^^^^^^^^^^^^^^^^^^^^^^^^^^^^^^^^^^^^^^^^^
    )
    ^
  File "C:\Users\ASUS\Downloads\TRAINING PROJECT\TRAINING PROJECT\venv\Lib\site-packages\django\db\backends\utils.py", line 92, in _execute_with_wrappers
    return executor(sql, params, many, context)
  File "C:\Users\ASUS\Downloads\TRAINING PROJECT\TRAINING PROJECT\venv\Lib\site-packages\django\db\backends\utils.py", line 100, in _execute
    with self.db.wrap_database_errors:
         ^^^^^^^^^^^^^^^^^^^^^^^^^^^^
  File "C:\Users\ASUS\Downloads\TRAINING PROJECT\TRAINING PROJECT\venv\Lib\site-packages\django\db\utils.py", line 94, in __exit__
    raise dj_exc_value.with_traceback(traceback) from exc_value
  File "C:\Users\ASUS\Downloads\TRAINING PROJECT\TRAINING PROJECT\venv\Lib\site-packages\django\db\backends\utils.py", line 105, in _execute
    return self.cursor.execute(sql, params)
           ~~~~~~~~~~~~~~~~~~~^^^^^^^^^^^^^
  File "C:\Users\ASUS\Downloads\TRAINING PROJECT\TRAINING PROJECT\venv\Lib\site-packages\django\db\backends\sqlite3\base.py", line 359, in execute
    return super().execute(query, params)
           ~~~~~~~~~~~~~~~^^^^^^^^^^^^^^^
django.db.utils.IntegrityError: NOT NULL constraint failed: registrations_studentapplication.is_archived
Internal Server Error: /api/auto-save/
Traceback (most recent call last):
  File "C:\Users\ASUS\Downloads\TRAINING PROJECT\TRAINING PROJECT\venv\Lib\site-packages\django\db\backends\utils.py", line 105, in _execute
    return self.cursor.execute(sql, params)
           ~~~~~~~~~~~~~~~~~~~^^^^^^^^^^^^^
  File "C:\Users\ASUS\Downloads\TRAINING PROJECT\TRAINING PROJECT\venv\Lib\site-packages\django\db\backends\sqlite3\base.py", line 359, in execute
    return super().execute(query, params)
           ~~~~~~~~~~~~~~~^^^^^^^^^^^^^^^
sqlite3.IntegrityError: NOT NULL constraint failed: registrations_studentapplication.is_archived

The above exception was the direct cause of the following exception:

Traceback (most recent call last):
  File "C:\Users\ASUS\Downloads\TRAINING PROJECT\TRAINING PROJECT\venv\Lib\site-packages\django\core\handlers\exception.py", line 55, in inner
    response = get_response(request)
  File "C:\Users\ASUS\Downloads\TRAINING PROJECT\TRAINING PROJECT\venv\Lib\site-packages\django\core\handlers\base.py", line 198, in _get_response
    response = wrapped_callback(request, *callback_args, **callback_kwargs)
  File "C:\Users\ASUS\Downloads\TRAINING PROJECT\TRAINING PROJECT\registrations\views.py", line 958, in auto_save_field
    app.save()
    ~~~~~~~~^^
  File "C:\Users\ASUS\Downloads\TRAINING PROJECT\TRAINING PROJECT\venv\Lib\site-packages\django\db\models\base.py", line 874, in save
    self.save_base(
    ~~~~~~~~~~~~~~^
        using=using,
        ^^^^^^^^^^^^
    ...<2 lines>...
        update_fields=update_fields,
        ^^^^^^^^^^^^^^^^^^^^^^^^^^^^
    )
    ^
  File "C:\Users\ASUS\Downloads\TRAINING PROJECT\TRAINING PROJECT\venv\Lib\site-packages\django\db\models\base.py", line 966, in save_base
    updated = self._save_table(
        raw,
    ...<4 lines>...
        update_fields,
    )
  File "C:\Users\ASUS\Downloads\TRAINING PROJECT\TRAINING PROJECT\venv\Lib\site-packages\django\db\models\base.py", line 1169, in _save_table
    results = self._do_insert(
        cls._base_manager, using, insert_fields, returning_fields, raw
    )
  File "C:\Users\ASUS\Downloads\TRAINING PROJECT\TRAINING PROJECT\venv\Lib\site-packages\django\db\models\base.py", line 1220, in _do_insert
    return manager._insert(
           ~~~~~~~~~~~~~~~^
        [self],
        ^^^^^^^
    ...<3 lines>...
        raw=raw,
        ^^^^^^^^
    )
    ^
  File "C:\Users\ASUS\Downloads\TRAINING PROJECT\TRAINING PROJECT\venv\Lib\site-packages\django\db\models\manager.py", line 87, in manager_method
    return getattr(self.get_queryset(), name)(*args, **kwargs)
           ~~~~~~~~~~~~~~~~~~~~~~~~~~~~~~~~~~^^^^^^^^^^^^^^^^^
  File "C:\Users\ASUS\Downloads\TRAINING PROJECT\TRAINING PROJECT\venv\Lib\site-packages\django\db\models\query.py", line 1918, in _insert
    return query.get_compiler(using=using).execute_sql(returning_fields)
           ~~~~~~~~~~~~~~~~~~~~~~~~~~~~~~~~~~~~~~~~~~~^^^^^^^^^^^^^^^^^^
  File "C:\Users\ASUS\Downloads\TRAINING PROJECT\TRAINING PROJECT\venv\Lib\site-packages\django\db\models\sql\compiler.py", line 1925, in execute_sql
    cursor.execute(sql, params)
    ~~~~~~~~~~~~~~^^^^^^^^^^^^^
  File "C:\Users\ASUS\Downloads\TRAINING PROJECT\TRAINING PROJECT\venv\Lib\site-packages\django\db\backends\utils.py", line 122, in execute
    return super().execute(sql, params)
           ~~~~~~~~~~~~~~~^^^^^^^^^^^^^
  File "C:\Users\ASUS\Downloads\TRAINING PROJECT\TRAINING PROJECT\venv\Lib\site-packages\django\db\backends\utils.py", line 79, in execute
    return self._execute_with_wrappers(
           ~~~~~~~~~~~~~~~~~~~~~~~~~~~^
        sql, params, many=False, executor=self._execute
        ^^^^^^^^^^^^^^^^^^^^^^^^^^^^^^^^^^^^^^^^^^^^^^^
    )
    ^
  File "C:\Users\ASUS\Downloads\TRAINING PROJECT\TRAINING PROJECT\venv\Lib\site-packages\django\db\backends\utils.py", line 92, in _execute_with_wrappers
    return executor(sql, params, many, context)
  File "C:\Users\ASUS\Downloads\TRAINING PROJECT\TRAINING PROJECT\venv\Lib\site-packages\django\db\backends\utils.py", line 100, in _execute
    with self.db.wrap_database_errors:
         ^^^^^^^^^^^^^^^^^^^^^^^^^^^^
  File "C:\Users\ASUS\Downloads\TRAINING PROJECT\TRAINING PROJECT\venv\Lib\site-packages\django\db\utils.py", line 94, in __exit__
    raise dj_exc_value.with_traceback(traceback) from exc_value
  File "C:\Users\ASUS\Downloads\TRAINING PROJECT\TRAINING PROJECT\venv\Lib\site-packages\django\db\backends\utils.py", line 105, in _execute
    return self.cursor.execute(sql, params)
           ~~~~~~~~~~~~~~~~~~~^^^^^^^^^^^^^
  File "C:\Users\ASUS\Downloads\TRAINING PROJECT\TRAINING PROJECT\venv\Lib\site-packages\django\db\backends\sqlite3\base.py", line 359, in execute
    return super().execute(query, params)
           ~~~~~~~~~~~~~~~^^^^^^^^^^^^^^^
django.db.utils.IntegrityError: NOT NULL constraint failed: registrations_studentapplication.is_archived
Internal Server Error: /api/auto-save/
Traceback (most recent call last):
  File "C:\Users\ASUS\Downloads\TRAINING PROJECT\TRAINING PROJECT\venv\Lib\site-packages\django\db\backends\utils.py", line 105, in _execute
    return self.cursor.execute(sql, params)
           ~~~~~~~~~~~~~~~~~~~^^^^^^^^^^^^^
  File "C:\Users\ASUS\Downloads\TRAINING PROJECT\TRAINING PROJECT\venv\Lib\site-packages\django\db\backends\sqlite3\base.py", line 359, in execute
    return super().execute(query, params)
           ~~~~~~~~~~~~~~~^^^^^^^^^^^^^^^
sqlite3.IntegrityError: NOT NULL constraint failed: registrations_studentapplication.is_archived

The above exception was the direct cause of the following exception:

Traceback (most recent call last):
  File "C:\Users\ASUS\Downloads\TRAINING PROJECT\TRAINING PROJECT\venv\Lib\site-packages\django\core\handlers\exception.py", line 55, in inner
    response = get_response(request)
  File "C:\Users\ASUS\Downloads\TRAINING PROJECT\TRAINING PROJECT\venv\Lib\site-packages\django\core\handlers\base.py", line 198, in _get_response
    response = wrapped_callback(request, *callback_args, **callback_kwargs)
  File "C:\Users\ASUS\Downloads\TRAINING PROJECT\TRAINING PROJECT\registrations\views.py", line 958, in auto_save_field
    app.save()
    ~~~~~~~~^^
  File "C:\Users\ASUS\Downloads\TRAINING PROJECT\TRAINING PROJECT\venv\Lib\site-packages\django\db\models\base.py", line 874, in save
    self.save_base(
    ~~~~~~~~~~~~~~^
        using=using,
        ^^^^^^^^^^^^
    ...<2 lines>...
        update_fields=update_fields,
        ^^^^^^^^^^^^^^^^^^^^^^^^^^^^
    )
    ^
  File "C:\Users\ASUS\Downloads\TRAINING PROJECT\TRAINING PROJECT\venv\Lib\site-packages\django\db\models\base.py", line 966, in save_base
    updated = self._save_table(
        raw,
    ...<4 lines>...
        update_fields,
    )
  File "C:\Users\ASUS\Downloads\TRAINING PROJECT\TRAINING PROJECT\venv\Lib\site-packages\django\db\models\base.py", line 1169, in _save_table
    results = self._do_insert(
        cls._base_manager, using, insert_fields, returning_fields, raw
    )
  File "C:\Users\ASUS\Downloads\TRAINING PROJECT\TRAINING PROJECT\venv\Lib\site-packages\django\db\models\base.py", line 1220, in _do_insert
    return manager._insert(
           ~~~~~~~~~~~~~~~^
        [self],
        ^^^^^^^
    ...<3 lines>...
        raw=raw,
        ^^^^^^^^
    )
    ^
  File "C:\Users\ASUS\Downloads\TRAINING PROJECT\TRAINING PROJECT\venv\Lib\site-packages\django\db\models\manager.py", line 87, in manager_method
    return getattr(self.get_queryset(), name)(*args, **kwargs)
           ~~~~~~~~~~~~~~~~~~~~~~~~~~~~~~~~~~^^^^^^^^^^^^^^^^^
  File "C:\Users\ASUS\Downloads\TRAINING PROJECT\TRAINING PROJECT\venv\Lib\site-packages\django\db\models\query.py", line 1918, in _insert
    return query.get_compiler(using=using).execute_sql(returning_fields)
           ~~~~~~~~~~~~~~~~~~~~~~~~~~~~~~~~~~~~~~~~~~~^^^^^^^^^^^^^^^^^^
  File "C:\Users\ASUS\Downloads\TRAINING PROJECT\TRAINING PROJECT\venv\Lib\site-packages\django\db\models\sql\compiler.py", line 1925, in execute_sql
    cursor.execute(sql, params)
    ~~~~~~~~~~~~~~^^^^^^^^^^^^^
  File "C:\Users\ASUS\Downloads\TRAINING PROJECT\TRAINING PROJECT\venv\Lib\site-packages\django\db\backends\utils.py", line 122, in execute
    return super().execute(sql, params)
           ~~~~~~~~~~~~~~~^^^^^^^^^^^^^
  File "C:\Users\ASUS\Downloads\TRAINING PROJECT\TRAINING PROJECT\venv\Lib\site-packages\django\db\backends\utils.py", line 79, in execute
    return self._execute_with_wrappers(
           ~~~~~~~~~~~~~~~~~~~~~~~~~~~^
        sql, params, many=False, executor=self._execute
        ^^^^^^^^^^^^^^^^^^^^^^^^^^^^^^^^^^^^^^^^^^^^^^^
    )
    ^
  File "C:\Users\ASUS\Downloads\TRAINING PROJECT\TRAINING PROJECT\venv\Lib\site-packages\django\db\backends\utils.py", line 92, in _execute_with_wrappers
    return executor(sql, params, many, context)
  File "C:\Users\ASUS\Downloads\TRAINING PROJECT\TRAINING PROJECT\venv\Lib\site-packages\django\db\backends\utils.py", line 100, in _execute
    with self.db.wrap_database_errors:
         ^^^^^^^^^^^^^^^^^^^^^^^^^^^^
  File "C:\Users\ASUS\Downloads\TRAINING PROJECT\TRAINING PROJECT\venv\Lib\site-packages\django\db\utils.py", line 94, in __exit__
    raise dj_exc_value.with_traceback(traceback) from exc_value
  File "C:\Users\ASUS\Downloads\TRAINING PROJECT\TRAINING PROJECT\venv\Lib\site-packages\django\db\backends\utils.py", line 105, in _execute
    return self.cursor.execute(sql, params)
           ~~~~~~~~~~~~~~~~~~~^^^^^^^^^^^^^
  File "C:\Users\ASUS\Downloads\TRAINING PROJECT\TRAINING PROJECT\venv\Lib\site-packages\django\db\backends\sqlite3\base.py", line 359, in execute
    return super().execute(query, params)
           ~~~~~~~~~~~~~~~^^^^^^^^^^^^^^^
django.db.utils.IntegrityError: NOT NULL constraint failed: registrations_studentapplication.is_archived
Internal Server Error: /api/auto-save/
Traceback (most recent call last):
  File "C:\Users\ASUS\Downloads\TRAINING PROJECT\TRAINING PROJECT\venv\Lib\site-packages\django\db\backends\utils.py", line 105, in _execute
    return self.cursor.execute(sql, params)
           ~~~~~~~~~~~~~~~~~~~^^^^^^^^^^^^^
  File "C:\Users\ASUS\Downloads\TRAINING PROJECT\TRAINING PROJECT\venv\Lib\site-packages\django\db\backends\sqlite3\base.py", line 359, in execute
    return super().execute(query, params)
           ~~~~~~~~~~~~~~~^^^^^^^^^^^^^^^
sqlite3.IntegrityError: NOT NULL constraint failed: registrations_studentapplication.is_archived

The above exception was the direct cause of the following exception:

Traceback (most recent call last):
  File "C:\Users\ASUS\Downloads\TRAINING PROJECT\TRAINING PROJECT\venv\Lib\site-packages\django\core\handlers\exception.py", line 55, in inner
    response = get_response(request)
  File "C:\Users\ASUS\Downloads\TRAINING PROJECT\TRAINING PROJECT\venv\Lib\site-packages\django\core\handlers\base.py", line 198, in _get_response
    response = wrapped_callback(request, *callback_args, **callback_kwargs)
  File "C:\Users\ASUS\Downloads\TRAINING PROJECT\TRAINING PROJECT\registrations\views.py", line 958, in auto_save_field
    app.save()
    ~~~~~~~~^^
  File "C:\Users\ASUS\Downloads\TRAINING PROJECT\TRAINING PROJECT\venv\Lib\site-packages\django\db\models\base.py", line 874, in save
    self.save_base(
    ~~~~~~~~~~~~~~^
        using=using,
        ^^^^^^^^^^^^
    ...<2 lines>...
        update_fields=update_fields,
        ^^^^^^^^^^^^^^^^^^^^^^^^^^^^
    )
    ^
  File "C:\Users\ASUS\Downloads\TRAINING PROJECT\TRAINING PROJECT\venv\Lib\site-packages\django\db\models\base.py", line 966, in save_base
    updated = self._save_table(
        raw,
    ...<4 lines>...
        update_fields,
    )
  File "C:\Users\ASUS\Downloads\TRAINING PROJECT\TRAINING PROJECT\venv\Lib\site-packages\django\db\models\base.py", line 1169, in _save_table
    results = self._do_insert(
        cls._base_manager, using, insert_fields, returning_fields, raw
    )
  File "C:\Users\ASUS\Downloads\TRAINING PROJECT\TRAINING PROJECT\venv\Lib\site-packages\django\db\models\base.py", line 1220, in _do_insert
    return manager._insert(
           ~~~~~~~~~~~~~~~^
        [self],
        ^^^^^^^
    ...<3 lines>...
        raw=raw,
        ^^^^^^^^
    )
    ^
  File "C:\Users\ASUS\Downloads\TRAINING PROJECT\TRAINING PROJECT\venv\Lib\site-packages\django\db\models\manager.py", line 87, in manager_method
    return getattr(self.get_queryset(), name)(*args, **kwargs)
           ~~~~~~~~~~~~~~~~~~~~~~~~~~~~~~~~~~^^^^^^^^^^^^^^^^^
  File "C:\Users\ASUS\Downloads\TRAINING PROJECT\TRAINING PROJECT\venv\Lib\site-packages\django\db\models\query.py", line 1918, in _insert
    return query.get_compiler(using=using).execute_sql(returning_fields)
           ~~~~~~~~~~~~~~~~~~~~~~~~~~~~~~~~~~~~~~~~~~~^^^^^^^^^^^^^^^^^^
  File "C:\Users\ASUS\Downloads\TRAINING PROJECT\TRAINING PROJECT\venv\Lib\site-packages\django\db\models\sql\compiler.py", line 1925, in execute_sql
    cursor.execute(sql, params)
    ~~~~~~~~~~~~~~^^^^^^^^^^^^^
  File "C:\Users\ASUS\Downloads\TRAINING PROJECT\TRAINING PROJECT\venv\Lib\site-packages\django\db\backends\utils.py", line 122, in execute
    return super().execute(sql, params)
           ~~~~~~~~~~~~~~~^^^^^^^^^^^^^
  File "C:\Users\ASUS\Downloads\TRAINING PROJECT\TRAINING PROJECT\venv\Lib\site-packages\django\db\backends\utils.py", line 79, in execute
    return self._execute_with_wrappers(
           ~~~~~~~~~~~~~~~~~~~~~~~~~~~^
        sql, params, many=False, executor=self._execute
        ^^^^^^^^^^^^^^^^^^^^^^^^^^^^^^^^^^^^^^^^^^^^^^^
    )
    ^
  File "C:\Users\ASUS\Downloads\TRAINING PROJECT\TRAINING PROJECT\venv\Lib\site-packages\django\db\backends\utils.py", line 92, in _execute_with_wrappers
    return executor(sql, params, many, context)
  File "C:\Users\ASUS\Downloads\TRAINING PROJECT\TRAINING PROJECT\venv\Lib\site-packages\django\db\backends\utils.py", line 100, in _execute
    with self.db.wrap_database_errors:
         ^^^^^^^^^^^^^^^^^^^^^^^^^^^^
  File "C:\Users\ASUS\Downloads\TRAINING PROJECT\TRAINING PROJECT\venv\Lib\site-packages\django\db\utils.py", line 94, in __exit__
    raise dj_exc_value.with_traceback(traceback) from exc_value
  File "C:\Users\ASUS\Downloads\TRAINING PROJECT\TRAINING PROJECT\venv\Lib\site-packages\django\db\backends\utils.py", line 105, in _execute
    return self.cursor.execute(sql, params)
           ~~~~~~~~~~~~~~~~~~~^^^^^^^^^^^^^
  File "C:\Users\ASUS\Downloads\TRAINING PROJECT\TRAINING PROJECT\venv\Lib\site-packages\django\db\backends\sqlite3\base.py", line 359, in execute
    return super().execute(query, params)
           ~~~~~~~~~~~~~~~^^^^^^^^^^^^^^^
django.db.utils.IntegrityError: NOT NULL constraint failed: registrations_studentapplication.is_archived
Internal Server Error: /api/auto-save/
Traceback (most recent call last):
  File "C:\Users\ASUS\Downloads\TRAINING PROJECT\TRAINING PROJECT\venv\Lib\site-packages\django\db\backends\utils.py", line 105, in _execute
    return self.cursor.execute(sql, params)
           ~~~~~~~~~~~~~~~~~~~^^^^^^^^^^^^^
  File "C:\Users\ASUS\Downloads\TRAINING PROJECT\TRAINING PROJECT\venv\Lib\site-packages\django\db\backends\sqlite3\base.py", line 359, in execute
    return super().execute(query, params)
           ~~~~~~~~~~~~~~~^^^^^^^^^^^^^^^
sqlite3.IntegrityError: NOT NULL constraint failed: registrations_studentapplication.is_archived

The above exception was the direct cause of the following exception:

Traceback (most recent call last):
  File "C:\Users\ASUS\Downloads\TRAINING PROJECT\TRAINING PROJECT\venv\Lib\site-packages\django\core\handlers\exception.py", line 55, in inner
    response = get_response(request)
  File "C:\Users\ASUS\Downloads\TRAINING PROJECT\TRAINING PROJECT\venv\Lib\site-packages\django\core\handlers\base.py", line 198, in _get_response
    response = wrapped_callback(request, *callback_args, **callback_kwargs)
  File "C:\Users\ASUS\Downloads\TRAINING PROJECT\TRAINING PROJECT\registrations\views.py", line 958, in auto_save_field
    app.save()
    ~~~~~~~~^^
  File "C:\Users\ASUS\Downloads\TRAINING PROJECT\TRAINING PROJECT\venv\Lib\site-packages\django\db\models\base.py", line 874, in save
    self.save_base(
    ~~~~~~~~~~~~~~^
        using=using,
        ^^^^^^^^^^^^
    ...<2 lines>...
        update_fields=update_fields,
        ^^^^^^^^^^^^^^^^^^^^^^^^^^^^
    )
    ^
  File "C:\Users\ASUS\Downloads\TRAINING PROJECT\TRAINING PROJECT\venv\Lib\site-packages\django\db\models\base.py", line 966, in save_base
    updated = self._save_table(
        raw,
    ...<4 lines>...
        update_fields,
    )
  File "C:\Users\ASUS\Downloads\TRAINING PROJECT\TRAINING PROJECT\venv\Lib\site-packages\django\db\models\base.py", line 1169, in _save_table
    results = self._do_insert(
        cls._base_manager, using, insert_fields, returning_fields, raw
    )
  File "C:\Users\ASUS\Downloads\TRAINING PROJECT\TRAINING PROJECT\venv\Lib\site-packages\django\db\models\base.py", line 1220, in _do_insert
    return manager._insert(
           ~~~~~~~~~~~~~~~^
        [self],
        ^^^^^^^
    ...<3 lines>...
        raw=raw,
        ^^^^^^^^
    )
    ^
  File "C:\Users\ASUS\Downloads\TRAINING PROJECT\TRAINING PROJECT\venv\Lib\site-packages\django\db\models\manager.py", line 87, in manager_method
    return getattr(self.get_queryset(), name)(*args, **kwargs)
           ~~~~~~~~~~~~~~~~~~~~~~~~~~~~~~~~~~^^^^^^^^^^^^^^^^^
  File "C:\Users\ASUS\Downloads\TRAINING PROJECT\TRAINING PROJECT\venv\Lib\site-packages\django\db\models\query.py", line 1918, in _insert
    return query.get_compiler(using=using).execute_sql(returning_fields)
           ~~~~~~~~~~~~~~~~~~~~~~~~~~~~~~~~~~~~~~~~~~~^^^^^^^^^^^^^^^^^^
  File "C:\Users\ASUS\Downloads\TRAINING PROJECT\TRAINING PROJECT\venv\Lib\site-packages\django\db\models\sql\compiler.py", line 1925, in execute_sql
    cursor.execute(sql, params)
    ~~~~~~~~~~~~~~^^^^^^^^^^^^^
  File "C:\Users\ASUS\Downloads\TRAINING PROJECT\TRAINING PROJECT\venv\Lib\site-packages\django\db\backends\utils.py", line 122, in execute
    return super().execute(sql, params)
           ~~~~~~~~~~~~~~~^^^^^^^^^^^^^
  File "C:\Users\ASUS\Downloads\TRAINING PROJECT\TRAINING PROJECT\venv\Lib\site-packages\django\db\backends\utils.py", line 79, in execute
    return self._execute_with_wrappers(
           ~~~~~~~~~~~~~~~~~~~~~~~~~~~^
        sql, params, many=False, executor=self._execute
        ^^^^^^^^^^^^^^^^^^^^^^^^^^^^^^^^^^^^^^^^^^^^^^^
    )
    ^
  File "C:\Users\ASUS\Downloads\TRAINING PROJECT\TRAINING PROJECT\venv\Lib\site-packages\django\db\backends\utils.py", line 92, in _execute_with_wrappers
    return executor(sql, params, many, context)
  File "C:\Users\ASUS\Downloads\TRAINING PROJECT\TRAINING PROJECT\venv\Lib\site-packages\django\db\backends\utils.py", line 100, in _execute
    with self.db.wrap_database_errors:
         ^^^^^^^^^^^^^^^^^^^^^^^^^^^^
  File "C:\Users\ASUS\Downloads\TRAINING PROJECT\TRAINING PROJECT\venv\Lib\site-packages\django\db\utils.py", line 94, in __exit__
    raise dj_exc_value.with_traceback(traceback) from exc_value
  File "C:\Users\ASUS\Downloads\TRAINING PROJECT\TRAINING PROJECT\venv\Lib\site-packages\django\db\backends\utils.py", line 105, in _execute
    return self.cursor.execute(sql, params)
           ~~~~~~~~~~~~~~~~~~~^^^^^^^^^^^^^
  File "C:\Users\ASUS\Downloads\TRAINING PROJECT\TRAINING PROJECT\venv\Lib\site-packages\django\db\backends\sqlite3\base.py", line 359, in execute
    return super().execute(query, params)
           ~~~~~~~~~~~~~~~^^^^^^^^^^^^^^^
django.db.utils.IntegrityError: NOT NULL constraint failed: registrations_studentapplication.is_archived
Internal Server Error: /api/auto-save/
Traceback (most recent call last):
  File "C:\Users\ASUS\Downloads\TRAINING PROJECT\TRAINING PROJECT\venv\Lib\site-packages\django\db\backends\utils.py", line 105, in _execute
    return self.cursor.execute(sql, params)
           ~~~~~~~~~~~~~~~~~~~^^^^^^^^^^^^^
  File "C:\Users\ASUS\Downloads\TRAINING PROJECT\TRAINING PROJECT\venv\Lib\site-packages\django\db\backends\sqlite3\base.py", line 359, in execute
    return super().execute(query, params)
           ~~~~~~~~~~~~~~~^^^^^^^^^^^^^^^
sqlite3.IntegrityError: NOT NULL constraint failed: registrations_studentapplication.is_archived

The above exception was the direct cause of the following exception:

Traceback (most recent call last):
  File "C:\Users\ASUS\Downloads\TRAINING PROJECT\TRAINING PROJECT\venv\Lib\site-packages\django\core\handlers\exception.py", line 55, in inner
    response = get_response(request)
  File "C:\Users\ASUS\Downloads\TRAINING PROJECT\TRAINING PROJECT\venv\Lib\site-packages\django\core\handlers\base.py", line 198, in _get_response
    response = wrapped_callback(request, *callback_args, **callback_kwargs)
  File "C:\Users\ASUS\Downloads\TRAINING PROJECT\TRAINING PROJECT\registrations\views.py", line 958, in auto_save_field
    app.save()
    ~~~~~~~~^^
  File "C:\Users\ASUS\Downloads\TRAINING PROJECT\TRAINING PROJECT\venv\Lib\site-packages\django\db\models\base.py", line 874, in save
    self.save_base(
    ~~~~~~~~~~~~~~^
        using=using,
        ^^^^^^^^^^^^
    ...<2 lines>...
        update_fields=update_fields,
        ^^^^^^^^^^^^^^^^^^^^^^^^^^^^
    )
    ^
  File "C:\Users\ASUS\Downloads\TRAINING PROJECT\TRAINING PROJECT\venv\Lib\site-packages\django\db\models\base.py", line 966, in save_base
    updated = self._save_table(
        raw,
    ...<4 lines>...
        update_fields,
    )
  File "C:\Users\ASUS\Downloads\TRAINING PROJECT\TRAINING PROJECT\venv\Lib\site-packages\django\db\models\base.py", line 1169, in _save_table
    results = self._do_insert(
        cls._base_manager, using, insert_fields, returning_fields, raw
    )
  File "C:\Users\ASUS\Downloads\TRAINING PROJECT\TRAINING PROJECT\venv\Lib\site-packages\django\db\models\base.py", line 1220, in _do_insert
    return manager._insert(
           ~~~~~~~~~~~~~~~^
        [self],
        ^^^^^^^
    ...<3 lines>...
        raw=raw,
        ^^^^^^^^
    )
    ^
  File "C:\Users\ASUS\Downloads\TRAINING PROJECT\TRAINING PROJECT\venv\Lib\site-packages\django\db\models\manager.py", line 87, in manager_method
    return getattr(self.get_queryset(), name)(*args, **kwargs)
           ~~~~~~~~~~~~~~~~~~~~~~~~~~~~~~~~~~^^^^^^^^^^^^^^^^^
  File "C:\Users\ASUS\Downloads\TRAINING PROJECT\TRAINING PROJECT\venv\Lib\site-packages\django\db\models\query.py", line 1918, in _insert
    return query.get_compiler(using=using).execute_sql(returning_fields)
           ~~~~~~~~~~~~~~~~~~~~~~~~~~~~~~~~~~~~~~~~~~~^^^^^^^^^^^^^^^^^^
  File "C:\Users\ASUS\Downloads\TRAINING PROJECT\TRAINING PROJECT\venv\Lib\site-packages\django\db\models\sql\compiler.py", line 1925, in execute_sql
    cursor.execute(sql, params)
    ~~~~~~~~~~~~~~^^^^^^^^^^^^^
  File "C:\Users\ASUS\Downloads\TRAINING PROJECT\TRAINING PROJECT\venv\Lib\site-packages\django\db\backends\utils.py", line 122, in execute
    return super().execute(sql, params)
           ~~~~~~~~~~~~~~~^^^^^^^^^^^^^
  File "C:\Users\ASUS\Downloads\TRAINING PROJECT\TRAINING PROJECT\venv\Lib\site-packages\django\db\backends\utils.py", line 79, in execute
    return self._execute_with_wrappers(
           ~~~~~~~~~~~~~~~~~~~~~~~~~~~^
        sql, params, many=False, executor=self._execute
        ^^^^^^^^^^^^^^^^^^^^^^^^^^^^^^^^^^^^^^^^^^^^^^^
    )
    ^
  File "C:\Users\ASUS\Downloads\TRAINING PROJECT\TRAINING PROJECT\venv\Lib\site-packages\django\db\backends\utils.py", line 92, in _execute_with_wrappers
    return executor(sql, params, many, context)
  File "C:\Users\ASUS\Downloads\TRAINING PROJECT\TRAINING PROJECT\venv\Lib\site-packages\django\db\backends\utils.py", line 100, in _execute
    with self.db.wrap_database_errors:
         ^^^^^^^^^^^^^^^^^^^^^^^^^^^^
  File "C:\Users\ASUS\Downloads\TRAINING PROJECT\TRAINING PROJECT\venv\Lib\site-packages\django\db\utils.py", line 94, in __exit__
    raise dj_exc_value.with_traceback(traceback) from exc_value
  File "C:\Users\ASUS\Downloads\TRAINING PROJECT\TRAINING PROJECT\venv\Lib\site-packages\django\db\backends\utils.py", line 105, in _execute
    return self.cursor.execute(sql, params)
           ~~~~~~~~~~~~~~~~~~~^^^^^^^^^^^^^
  File "C:\Users\ASUS\Downloads\TRAINING PROJECT\TRAINING PROJECT\venv\Lib\site-packages\django\db\backends\sqlite3\base.py", line 359, in execute
    return super().execute(query, params)
           ~~~~~~~~~~~~~~~^^^^^^^^^^^^^^^
django.db.utils.IntegrityError: NOT NULL constraint failed: registrations_studentapplication.is_archived
Internal Server Error: /api/auto-save/
Traceback (most recent call last):
  File "C:\Users\ASUS\Downloads\TRAINING PROJECT\TRAINING PROJECT\venv\Lib\site-packages\django\db\backends\utils.py", line 105, in _execute
    return self.cursor.execute(sql, params)
           ~~~~~~~~~~~~~~~~~~~^^^^^^^^^^^^^
  File "C:\Users\ASUS\Downloads\TRAINING PROJECT\TRAINING PROJECT\venv\Lib\site-packages\django\db\backends\sqlite3\base.py", line 359, in execute
    return super().execute(query, params)
           ~~~~~~~~~~~~~~~^^^^^^^^^^^^^^^
sqlite3.IntegrityError: NOT NULL constraint failed: registrations_studentapplication.is_archived

The above exception was the direct cause of the following exception:

Traceback (most recent call last):
  File "C:\Users\ASUS\Downloads\TRAINING PROJECT\TRAINING PROJECT\venv\Lib\site-packages\django\core\handlers\exception.py", line 55, in inner
    response = get_response(request)
  File "C:\Users\ASUS\Downloads\TRAINING PROJECT\TRAINING PROJECT\venv\Lib\site-packages\django\core\handlers\base.py", line 198, in _get_response
    response = wrapped_callback(request, *callback_args, **callback_kwargs)
  File "C:\Users\ASUS\Downloads\TRAINING PROJECT\TRAINING PROJECT\registrations\views.py", line 958, in auto_save_field
    app.save()
    ~~~~~~~~^^
  File "C:\Users\ASUS\Downloads\TRAINING PROJECT\TRAINING PROJECT\venv\Lib\site-packages\django\db\models\base.py", line 874, in save
    self.save_base(
    ~~~~~~~~~~~~~~^
        using=using,
        ^^^^^^^^^^^^
    ...<2 lines>...
        update_fields=update_fields,
        ^^^^^^^^^^^^^^^^^^^^^^^^^^^^
    )
    ^
  File "C:\Users\ASUS\Downloads\TRAINING PROJECT\TRAINING PROJECT\venv\Lib\site-packages\django\db\models\base.py", line 966, in save_base
    updated = self._save_table(
        raw,
    ...<4 lines>...
        update_fields,
    )
  File "C:\Users\ASUS\Downloads\TRAINING PROJECT\TRAINING PROJECT\venv\Lib\site-packages\django\db\models\base.py", line 1169, in _save_table
    results = self._do_insert(
        cls._base_manager, using, insert_fields, returning_fields, raw
    )
  File "C:\Users\ASUS\Downloads\TRAINING PROJECT\TRAINING PROJECT\venv\Lib\site-packages\django\db\models\base.py", line 1220, in _do_insert
    return manager._insert(
           ~~~~~~~~~~~~~~~^
        [self],
        ^^^^^^^
    ...<3 lines>...
        raw=raw,
        ^^^^^^^^
    )
    ^
  File "C:\Users\ASUS\Downloads\TRAINING PROJECT\TRAINING PROJECT\venv\Lib\site-packages\django\db\models\manager.py", line 87, in manager_method
    return getattr(self.get_queryset(), name)(*args, **kwargs)
           ~~~~~~~~~~~~~~~~~~~~~~~~~~~~~~~~~~^^^^^^^^^^^^^^^^^
  File "C:\Users\ASUS\Downloads\TRAINING PROJECT\TRAINING PROJECT\venv\Lib\site-packages\django\db\models\query.py", line 1918, in _insert
    return query.get_compiler(using=using).execute_sql(returning_fields)
           ~~~~~~~~~~~~~~~~~~~~~~~~~~~~~~~~~~~~~~~~~~~^^^^^^^^^^^^^^^^^^
  File "C:\Users\ASUS\Downloads\TRAINING PROJECT\TRAINING PROJECT\venv\Lib\site-packages\django\db\models\sql\compiler.py", line 1925, in execute_sql
    cursor.execute(sql, params)
    ~~~~~~~~~~~~~~^^^^^^^^^^^^^
  File "C:\Users\ASUS\Downloads\TRAINING PROJECT\TRAINING PROJECT\venv\Lib\site-packages\django\db\backends\utils.py", line 122, in execute
    return super().execute(sql, params)
           ~~~~~~~~~~~~~~~^^^^^^^^^^^^^
  File "C:\Users\ASUS\Downloads\TRAINING PROJECT\TRAINING PROJECT\venv\Lib\site-packages\django\db\backends\utils.py", line 79, in execute
    return self._execute_with_wrappers(
           ~~~~~~~~~~~~~~~~~~~~~~~~~~~^
        sql, params, many=False, executor=self._execute
        ^^^^^^^^^^^^^^^^^^^^^^^^^^^^^^^^^^^^^^^^^^^^^^^
    )
    ^
  File "C:\Users\ASUS\Downloads\TRAINING PROJECT\TRAINING PROJECT\venv\Lib\site-packages\django\db\backends\utils.py", line 92, in _execute_with_wrappers
    return executor(sql, params, many, context)
  File "C:\Users\ASUS\Downloads\TRAINING PROJECT\TRAINING PROJECT\venv\Lib\site-packages\django\db\backends\utils.py", line 100, in _execute
    with self.db.wrap_database_errors:
         ^^^^^^^^^^^^^^^^^^^^^^^^^^^^
  File "C:\Users\ASUS\Downloads\TRAINING PROJECT\TRAINING PROJECT\venv\Lib\site-packages\django\db\utils.py", line 94, in __exit__
    raise dj_exc_value.with_traceback(traceback) from exc_value
  File "C:\Users\ASUS\Downloads\TRAINING PROJECT\TRAINING PROJECT\venv\Lib\site-packages\django\db\backends\utils.py", line 105, in _execute
    return self.cursor.execute(sql, params)
           ~~~~~~~~~~~~~~~~~~~^^^^^^^^^^^^^
  File "C:\Users\ASUS\Downloads\TRAINING PROJECT\TRAINING PROJECT\venv\Lib\site-packages\django\db\backends\sqlite3\base.py", line 359, in execute
    return super().execute(query, params)
           ~~~~~~~~~~~~~~~^^^^^^^^^^^^^^^
django.db.utils.IntegrityError: NOT NULL constraint failed: registrations_studentapplication.is_archived
Internal Server Error: /api/auto-save/
Traceback (most recent call last):
  File "C:\Users\ASUS\Downloads\TRAINING PROJECT\TRAINING PROJECT\venv\Lib\site-packages\django\db\backends\utils.py", line 105, in _execute
    return self.cursor.execute(sql, params)
           ~~~~~~~~~~~~~~~~~~~^^^^^^^^^^^^^
  File "C:\Users\ASUS\Downloads\TRAINING PROJECT\TRAINING PROJECT\venv\Lib\site-packages\django\db\backends\sqlite3\base.py", line 359, in execute
    return super().execute(query, params)
           ~~~~~~~~~~~~~~~^^^^^^^^^^^^^^^
sqlite3.IntegrityError: NOT NULL constraint failed: registrations_studentapplication.is_archived

The above exception was the direct cause of the following exception:

Traceback (most recent call last):
  File "C:\Users\ASUS\Downloads\TRAINING PROJECT\TRAINING PROJECT\venv\Lib\site-packages\django\core\handlers\exception.py", line 55, in inner
    response = get_response(request)
  File "C:\Users\ASUS\Downloads\TRAINING PROJECT\TRAINING PROJECT\venv\Lib\site-packages\django\core\handlers\base.py", line 198, in _get_response
    response = wrapped_callback(request, *callback_args, **callback_kwargs)
  File "C:\Users\ASUS\Downloads\TRAINING PROJECT\TRAINING PROJECT\registrations\views.py", line 958, in auto_save_field
    app.save()
    ~~~~~~~~^^
  File "C:\Users\ASUS\Downloads\TRAINING PROJECT\TRAINING PROJECT\venv\Lib\site-packages\django\db\models\base.py", line 874, in save
    self.save_base(
    ~~~~~~~~~~~~~~^
        using=using,
        ^^^^^^^^^^^^
    ...<2 lines>...
        update_fields=update_fields,
        ^^^^^^^^^^^^^^^^^^^^^^^^^^^^
    )
    ^
  File "C:\Users\ASUS\Downloads\TRAINING PROJECT\TRAINING PROJECT\venv\Lib\site-packages\django\db\models\base.py", line 966, in save_base
    updated = self._save_table(
        raw,
    ...<4 lines>...
        update_fields,
    )
  File "C:\Users\ASUS\Downloads\TRAINING PROJECT\TRAINING PROJECT\venv\Lib\site-packages\django\db\models\base.py", line 1169, in _save_table
    results = self._do_insert(
        cls._base_manager, using, insert_fields, returning_fields, raw
    )
  File "C:\Users\ASUS\Downloads\TRAINING PROJECT\TRAINING PROJECT\venv\Lib\site-packages\django\db\models\base.py", line 1220, in _do_insert
    return manager._insert(
           ~~~~~~~~~~~~~~~^
        [self],
        ^^^^^^^
    ...<3 lines>...
        raw=raw,
        ^^^^^^^^
    )
    ^
  File "C:\Users\ASUS\Downloads\TRAINING PROJECT\TRAINING PROJECT\venv\Lib\site-packages\django\db\models\manager.py", line 87, in manager_method
    return getattr(self.get_queryset(), name)(*args, **kwargs)
           ~~~~~~~~~~~~~~~~~~~~~~~~~~~~~~~~~~^^^^^^^^^^^^^^^^^
  File "C:\Users\ASUS\Downloads\TRAINING PROJECT\TRAINING PROJECT\venv\Lib\site-packages\django\db\models\query.py", line 1918, in _insert
    return query.get_compiler(using=using).execute_sql(returning_fields)
           ~~~~~~~~~~~~~~~~~~~~~~~~~~~~~~~~~~~~~~~~~~~^^^^^^^^^^^^^^^^^^
  File "C:\Users\ASUS\Downloads\TRAINING PROJECT\TRAINING PROJECT\venv\Lib\site-packages\django\db\models\sql\compiler.py", line 1925, in execute_sql
    cursor.execute(sql, params)
    ~~~~~~~~~~~~~~^^^^^^^^^^^^^
  File "C:\Users\ASUS\Downloads\TRAINING PROJECT\TRAINING PROJECT\venv\Lib\site-packages\django\db\backends\utils.py", line 122, in execute
    return super().execute(sql, params)
           ~~~~~~~~~~~~~~~^^^^^^^^^^^^^
  File "C:\Users\ASUS\Downloads\TRAINING PROJECT\TRAINING PROJECT\venv\Lib\site-packages\django\db\backends\utils.py", line 79, in execute
    return self._execute_with_wrappers(
           ~~~~~~~~~~~~~~~~~~~~~~~~~~~^
        sql, params, many=False, executor=self._execute
        ^^^^^^^^^^^^^^^^^^^^^^^^^^^^^^^^^^^^^^^^^^^^^^^
    )
    ^
  File "C:\Users\ASUS\Downloads\TRAINING PROJECT\TRAINING PROJECT\venv\Lib\site-packages\django\db\backends\utils.py", line 92, in _execute_with_wrappers
    return executor(sql, params, many, context)
  File "C:\Users\ASUS\Downloads\TRAINING PROJECT\TRAINING PROJECT\venv\Lib\site-packages\django\db\backends\utils.py", line 100, in _execute
    with self.db.wrap_database_errors:
         ^^^^^^^^^^^^^^^^^^^^^^^^^^^^
  File "C:\Users\ASUS\Downloads\TRAINING PROJECT\TRAINING PROJECT\venv\Lib\site-packages\django\db\utils.py", line 94, in __exit__
    raise dj_exc_value.with_traceback(traceback) from exc_value
  File "C:\Users\ASUS\Downloads\TRAINING PROJECT\TRAINING PROJECT\venv\Lib\site-packages\django\db\backends\utils.py", line 105, in _execute
    return self.cursor.execute(sql, params)
           ~~~~~~~~~~~~~~~~~~~^^^^^^^^^^^^^
  File "C:\Users\ASUS\Downloads\TRAINING PROJECT\TRAINING PROJECT\venv\Lib\site-packages\django\db\backends\sqlite3\base.py", line 359, in execute
    return super().execute(query, params)
           ~~~~~~~~~~~~~~~^^^^^^^^^^^^^^^
django.db.utils.IntegrityError: NOT NULL constraint failed: registrations_studentapplication.is_archived
Internal Server Error: /api/auto-save/
Traceback (most recent call last):
  File "C:\Users\ASUS\Downloads\TRAINING PROJECT\TRAINING PROJECT\venv\Lib\site-packages\django\db\backends\utils.py", line 105, in _execute
    return self.cursor.execute(sql, params)
           ~~~~~~~~~~~~~~~~~~~^^^^^^^^^^^^^
  File "C:\Users\ASUS\Downloads\TRAINING PROJECT\TRAINING PROJECT\venv\Lib\site-packages\django\db\backends\sqlite3\base.py", line 359, in execute
    return super().execute(query, params)
           ~~~~~~~~~~~~~~~^^^^^^^^^^^^^^^
sqlite3.IntegrityError: NOT NULL constraint failed: registrations_studentapplication.is_archived

The above exception was the direct cause of the following exception:

Traceback (most recent call last):
  File "C:\Users\ASUS\Downloads\TRAINING PROJECT\TRAINING PROJECT\venv\Lib\site-packages\django\core\handlers\exception.py", line 55, in inner
    response = get_response(request)
  File "C:\Users\ASUS\Downloads\TRAINING PROJECT\TRAINING PROJECT\venv\Lib\site-packages\django\core\handlers\base.py", line 198, in _get_response
    response = wrapped_callback(request, *callback_args, **callback_kwargs)
  File "C:\Users\ASUS\Downloads\TRAINING PROJECT\TRAINING PROJECT\registrations\views.py", line 958, in auto_save_field
    app.save()
    ~~~~~~~~^^
  File "C:\Users\ASUS\Downloads\TRAINING PROJECT\TRAINING PROJECT\venv\Lib\site-packages\django\db\models\base.py", line 874, in save
    self.save_base(
    ~~~~~~~~~~~~~~^
        using=using,
        ^^^^^^^^^^^^
    ...<2 lines>...
        update_fields=update_fields,
        ^^^^^^^^^^^^^^^^^^^^^^^^^^^^
    )
    ^
  File "C:\Users\ASUS\Downloads\TRAINING PROJECT\TRAINING PROJECT\venv\Lib\site-packages\django\db\models\base.py", line 966, in save_base
    updated = self._save_table(
        raw,
    ...<4 lines>...
        update_fields,
    )
  File "C:\Users\ASUS\Downloads\TRAINING PROJECT\TRAINING PROJECT\venv\Lib\site-packages\django\db\models\base.py", line 1169, in _save_table
    results = self._do_insert(
        cls._base_manager, using, insert_fields, returning_fields, raw
    )
  File "C:\Users\ASUS\Downloads\TRAINING PROJECT\TRAINING PROJECT\venv\Lib\site-packages\django\db\models\base.py", line 1220, in _do_insert
    return manager._insert(
           ~~~~~~~~~~~~~~~^
        [self],
        ^^^^^^^
    ...<3 lines>...
        raw=raw,
        ^^^^^^^^
    )
    ^
  File "C:\Users\ASUS\Downloads\TRAINING PROJECT\TRAINING PROJECT\venv\Lib\site-packages\django\db\models\manager.py", line 87, in manager_method
    return getattr(self.get_queryset(), name)(*args, **kwargs)
           ~~~~~~~~~~~~~~~~~~~~~~~~~~~~~~~~~~^^^^^^^^^^^^^^^^^
  File "C:\Users\ASUS\Downloads\TRAINING PROJECT\TRAINING PROJECT\venv\Lib\site-packages\django\db\models\query.py", line 1918, in _insert
    return query.get_compiler(using=using).execute_sql(returning_fields)
           ~~~~~~~~~~~~~~~~~~~~~~~~~~~~~~~~~~~~~~~~~~~^^^^^^^^^^^^^^^^^^
  File "C:\Users\ASUS\Downloads\TRAINING PROJECT\TRAINING PROJECT\venv\Lib\site-packages\django\db\models\sql\compiler.py", line 1925, in execute_sql
    cursor.execute(sql, params)
    ~~~~~~~~~~~~~~^^^^^^^^^^^^^
  File "C:\Users\ASUS\Downloads\TRAINING PROJECT\TRAINING PROJECT\venv\Lib\site-packages\django\db\backends\utils.py", line 122, in execute
    return super().execute(sql, params)
           ~~~~~~~~~~~~~~~^^^^^^^^^^^^^
  File "C:\Users\ASUS\Downloads\TRAINING PROJECT\TRAINING PROJECT\venv\Lib\site-packages\django\db\backends\utils.py", line 79, in execute
    return self._execute_with_wrappers(
           ~~~~~~~~~~~~~~~~~~~~~~~~~~~^
        sql, params, many=False, executor=self._execute
        ^^^^^^^^^^^^^^^^^^^^^^^^^^^^^^^^^^^^^^^^^^^^^^^
    )
    ^
  File "C:\Users\ASUS\Downloads\TRAINING PROJECT\TRAINING PROJECT\venv\Lib\site-packages\django\db\backends\utils.py", line 92, in _execute_with_wrappers
    return executor(sql, params, many, context)
  File "C:\Users\ASUS\Downloads\TRAINING PROJECT\TRAINING PROJECT\venv\Lib\site-packages\django\db\backends\utils.py", line 100, in _execute
    with self.db.wrap_database_errors:
         ^^^^^^^^^^^^^^^^^^^^^^^^^^^^
  File "C:\Users\ASUS\Downloads\TRAINING PROJECT\TRAINING PROJECT\venv\Lib\site-packages\django\db\utils.py", line 94, in __exit__
    raise dj_exc_value.with_traceback(traceback) from exc_value
  File "C:\Users\ASUS\Downloads\TRAINING PROJECT\TRAINING PROJECT\venv\Lib\site-packages\django\db\backends\utils.py", line 105, in _execute
    return self.cursor.execute(sql, params)
           ~~~~~~~~~~~~~~~~~~~^^^^^^^^^^^^^
  File "C:\Users\ASUS\Downloads\TRAINING PROJECT\TRAINING PROJECT\venv\Lib\site-packages\django\db\backends\sqlite3\base.py", line 359, in execute
    return super().execute(query, params)
           ~~~~~~~~~~~~~~~^^^^^^^^^^^^^^^
django.db.utils.IntegrityError: NOT NULL constraint failed: registrations_studentapplication.is_archived
Internal Server Error: /api/auto-save/
Traceback (most recent call last):
  File "C:\Users\ASUS\Downloads\TRAINING PROJECT\TRAINING PROJECT\venv\Lib\site-packages\django\db\backends\utils.py", line 105, in _execute
    return self.cursor.execute(sql, params)
           ~~~~~~~~~~~~~~~~~~~^^^^^^^^^^^^^
  File "C:\Users\ASUS\Downloads\TRAINING PROJECT\TRAINING PROJECT\venv\Lib\site-packages\django\db\backends\sqlite3\base.py", line 359, in execute
    return super().execute(query, params)
           ~~~~~~~~~~~~~~~^^^^^^^^^^^^^^^
sqlite3.IntegrityError: NOT NULL constraint failed: registrations_studentapplication.is_archived

The above exception was the direct cause of the following exception:

Traceback (most recent call last):
  File "C:\Users\ASUS\Downloads\TRAINING PROJECT\TRAINING PROJECT\venv\Lib\site-packages\django\core\handlers\exception.py", line 55, in inner
    response = get_response(request)
  File "C:\Users\ASUS\Downloads\TRAINING PROJECT\TRAINING PROJECT\venv\Lib\site-packages\django\core\handlers\base.py", line 198, in _get_response
    response = wrapped_callback(request, *callback_args, **callback_kwargs)
  File "C:\Users\ASUS\Downloads\TRAINING PROJECT\TRAINING PROJECT\registrations\views.py", line 958, in auto_save_field
    app.save()
    ~~~~~~~~^^
  File "C:\Users\ASUS\Downloads\TRAINING PROJECT\TRAINING PROJECT\venv\Lib\site-packages\django\db\models\base.py", line 874, in save
    self.save_base(
    ~~~~~~~~~~~~~~^
        using=using,
        ^^^^^^^^^^^^
    ...<2 lines>...
        update_fields=update_fields,
        ^^^^^^^^^^^^^^^^^^^^^^^^^^^^
    )
    ^
  File "C:\Users\ASUS\Downloads\TRAINING PROJECT\TRAINING PROJECT\venv\Lib\site-packages\django\db\models\base.py", line 966, in save_base
    updated = self._save_table(
        raw,
    ...<4 lines>...
        update_fields,
    )
  File "C:\Users\ASUS\Downloads\TRAINING PROJECT\TRAINING PROJECT\venv\Lib\site-packages\django\db\models\base.py", line 1169, in _save_table
    results = self._do_insert(
        cls._base_manager, using, insert_fields, returning_fields, raw
    )
  File "C:\Users\ASUS\Downloads\TRAINING PROJECT\TRAINING PROJECT\venv\Lib\site-packages\django\db\models\base.py", line 1220, in _do_insert
    return manager._insert(
           ~~~~~~~~~~~~~~~^
        [self],
        ^^^^^^^
    ...<3 lines>...
        raw=raw,
        ^^^^^^^^
    )
    ^
  File "C:\Users\ASUS\Downloads\TRAINING PROJECT\TRAINING PROJECT\venv\Lib\site-packages\django\db\models\manager.py", line 87, in manager_method
    return getattr(self.get_queryset(), name)(*args, **kwargs)
           ~~~~~~~~~~~~~~~~~~~~~~~~~~~~~~~~~~^^^^^^^^^^^^^^^^^
  File "C:\Users\ASUS\Downloads\TRAINING PROJECT\TRAINING PROJECT\venv\Lib\site-packages\django\db\models\query.py", line 1918, in _insert
    return query.get_compiler(using=using).execute_sql(returning_fields)
           ~~~~~~~~~~~~~~~~~~~~~~~~~~~~~~~~~~~~~~~~~~~^^^^^^^^^^^^^^^^^^
  File "C:\Users\ASUS\Downloads\TRAINING PROJECT\TRAINING PROJECT\venv\Lib\site-packages\django\db\models\sql\compiler.py", line 1925, in execute_sql
    cursor.execute(sql, params)
    ~~~~~~~~~~~~~~^^^^^^^^^^^^^
  File "C:\Users\ASUS\Downloads\TRAINING PROJECT\TRAINING PROJECT\venv\Lib\site-packages\django\db\backends\utils.py", line 122, in execute
    return super().execute(sql, params)
           ~~~~~~~~~~~~~~~^^^^^^^^^^^^^
  File "C:\Users\ASUS\Downloads\TRAINING PROJECT\TRAINING PROJECT\venv\Lib\site-packages\django\db\backends\utils.py", line 79, in execute
    return self._execute_with_wrappers(
           ~~~~~~~~~~~~~~~~~~~~~~~~~~~^
        sql, params, many=False, executor=self._execute
        ^^^^^^^^^^^^^^^^^^^^^^^^^^^^^^^^^^^^^^^^^^^^^^^
    )
    ^
  File "C:\Users\ASUS\Downloads\TRAINING PROJECT\TRAINING PROJECT\venv\Lib\site-packages\django\db\backends\utils.py", line 92, in _execute_with_wrappers
    return executor(sql, params, many, context)
  File "C:\Users\ASUS\Downloads\TRAINING PROJECT\TRAINING PROJECT\venv\Lib\site-packages\django\db\backends\utils.py", line 100, in _execute
    with self.db.wrap_database_errors:
         ^^^^^^^^^^^^^^^^^^^^^^^^^^^^
  File "C:\Users\ASUS\Downloads\TRAINING PROJECT\TRAINING PROJECT\venv\Lib\site-packages\django\db\utils.py", line 94, in __exit__
    raise dj_exc_value.with_traceback(traceback) from exc_value
  File "C:\Users\ASUS\Downloads\TRAINING PROJECT\TRAINING PROJECT\venv\Lib\site-packages\django\db\backends\utils.py", line 105, in _execute
    return self.cursor.execute(sql, params)
           ~~~~~~~~~~~~~~~~~~~^^^^^^^^^^^^^
  File "C:\Users\ASUS\Downloads\TRAINING PROJECT\TRAINING PROJECT\venv\Lib\site-packages\django\db\backends\sqlite3\base.py", line 359, in execute
    return super().execute(query, params)
           ~~~~~~~~~~~~~~~^^^^^^^^^^^^^^^
django.db.utils.IntegrityError: NOT NULL constraint failed: registrations_studentapplication.is_archived
Internal Server Error: /api/auto-save/
Traceback (most recent call last):
  File "C:\Users\ASUS\Downloads\TRAINING PROJECT\TRAINING PROJECT\venv\Lib\site-packages\django\db\backends\utils.py", line 105, in _execute
    return self.cursor.execute(sql, params)
           ~~~~~~~~~~~~~~~~~~~^^^^^^^^^^^^^
  File "C:\Users\ASUS\Downloads\TRAINING PROJECT\TRAINING PROJECT\venv\Lib\site-packages\django\db\backends\sqlite3\base.py", line 359, in execute
    return super().execute(query, params)
           ~~~~~~~~~~~~~~~^^^^^^^^^^^^^^^
sqlite3.IntegrityError: NOT NULL constraint failed: registrations_studentapplication.is_archived

The above exception was the direct cause of the following exception:

Traceback (most recent call last):
  File "C:\Users\ASUS\Downloads\TRAINING PROJECT\TRAINING PROJECT\venv\Lib\site-packages\django\core\handlers\exception.py", line 55, in inner
    response = get_response(request)
  File "C:\Users\ASUS\Downloads\TRAINING PROJECT\TRAINING PROJECT\venv\Lib\site-packages\django\core\handlers\base.py", line 198, in _get_response
    response = wrapped_callback(request, *callback_args, **callback_kwargs)
  File "C:\Users\ASUS\Downloads\TRAINING PROJECT\TRAINING PROJECT\registrations\views.py", line 958, in auto_save_field
    app.save()
    ~~~~~~~~^^
  File "C:\Users\ASUS\Downloads\TRAINING PROJECT\TRAINING PROJECT\venv\Lib\site-packages\django\db\models\base.py", line 874, in save
    self.save_base(
    ~~~~~~~~~~~~~~^
        using=using,
        ^^^^^^^^^^^^
    ...<2 lines>...
        update_fields=update_fields,
        ^^^^^^^^^^^^^^^^^^^^^^^^^^^^
    )
    ^
  File "C:\Users\ASUS\Downloads\TRAINING PROJECT\TRAINING PROJECT\venv\Lib\site-packages\django\db\models\base.py", line 966, in save_base
    updated = self._save_table(
        raw,
    ...<4 lines>...
        update_fields,
    )
  File "C:\Users\ASUS\Downloads\TRAINING PROJECT\TRAINING PROJECT\venv\Lib\site-packages\django\db\models\base.py", line 1169, in _save_table
    results = self._do_insert(
        cls._base_manager, using, insert_fields, returning_fields, raw
    )
  File "C:\Users\ASUS\Downloads\TRAINING PROJECT\TRAINING PROJECT\venv\Lib\site-packages\django\db\models\base.py", line 1220, in _do_insert
    return manager._insert(
           ~~~~~~~~~~~~~~~^
        [self],
        ^^^^^^^
    ...<3 lines>...
        raw=raw,
        ^^^^^^^^
    )
    ^
  File "C:\Users\ASUS\Downloads\TRAINING PROJECT\TRAINING PROJECT\venv\Lib\site-packages\django\db\models\manager.py", line 87, in manager_method
    return getattr(self.get_queryset(), name)(*args, **kwargs)
           ~~~~~~~~~~~~~~~~~~~~~~~~~~~~~~~~~~^^^^^^^^^^^^^^^^^
  File "C:\Users\ASUS\Downloads\TRAINING PROJECT\TRAINING PROJECT\venv\Lib\site-packages\django\db\models\query.py", line 1918, in _insert
    return query.get_compiler(using=using).execute_sql(returning_fields)
           ~~~~~~~~~~~~~~~~~~~~~~~~~~~~~~~~~~~~~~~~~~~^^^^^^^^^^^^^^^^^^
  File "C:\Users\ASUS\Downloads\TRAINING PROJECT\TRAINING PROJECT\venv\Lib\site-packages\django\db\models\sql\compiler.py", line 1925, in execute_sql
    cursor.execute(sql, params)
    ~~~~~~~~~~~~~~^^^^^^^^^^^^^
  File "C:\Users\ASUS\Downloads\TRAINING PROJECT\TRAINING PROJECT\venv\Lib\site-packages\django\db\backends\utils.py", line 122, in execute
    return super().execute(sql, params)
           ~~~~~~~~~~~~~~~^^^^^^^^^^^^^
  File "C:\Users\ASUS\Downloads\TRAINING PROJECT\TRAINING PROJECT\venv\Lib\site-packages\django\db\backends\utils.py", line 79, in execute
    return self._execute_with_wrappers(
           ~~~~~~~~~~~~~~~~~~~~~~~~~~~^
        sql, params, many=False, executor=self._execute
        ^^^^^^^^^^^^^^^^^^^^^^^^^^^^^^^^^^^^^^^^^^^^^^^
    )
    ^
  File "C:\Users\ASUS\Downloads\TRAINING PROJECT\TRAINING PROJECT\venv\Lib\site-packages\django\db\backends\utils.py", line 92, in _execute_with_wrappers
    return executor(sql, params, many, context)
  File "C:\Users\ASUS\Downloads\TRAINING PROJECT\TRAINING PROJECT\venv\Lib\site-packages\django\db\backends\utils.py", line 100, in _execute
    with self.db.wrap_database_errors:
         ^^^^^^^^^^^^^^^^^^^^^^^^^^^^
  File "C:\Users\ASUS\Downloads\TRAINING PROJECT\TRAINING PROJECT\venv\Lib\site-packages\django\db\utils.py", line 94, in __exit__
    raise dj_exc_value.with_traceback(traceback) from exc_value
  File "C:\Users\ASUS\Downloads\TRAINING PROJECT\TRAINING PROJECT\venv\Lib\site-packages\django\db\backends\utils.py", line 105, in _execute
    return self.cursor.execute(sql, params)
           ~~~~~~~~~~~~~~~~~~~^^^^^^^^^^^^^
  File "C:\Users\ASUS\Downloads\TRAINING PROJECT\TRAINING PROJECT\venv\Lib\site-packages\django\db\backends\sqlite3\base.py", line 359, in execute
    return super().execute(query, params)
           ~~~~~~~~~~~~~~~^^^^^^^^^^^^^^^
django.db.utils.IntegrityError: NOT NULL constraint failed: registrations_studentapplication.is_archived
Internal Server Error: /api/auto-save/
Traceback (most recent call last):
  File "C:\Users\ASUS\Downloads\TRAINING PROJECT\TRAINING PROJECT\venv\Lib\site-packages\django\db\backends\utils.py", line 105, in _execute
    return self.cursor.execute(sql, params)
           ~~~~~~~~~~~~~~~~~~~^^^^^^^^^^^^^
  File "C:\Users\ASUS\Downloads\TRAINING PROJECT\TRAINING PROJECT\venv\Lib\site-packages\django\db\backends\sqlite3\base.py", line 359, in execute
    return super().execute(query, params)
           ~~~~~~~~~~~~~~~^^^^^^^^^^^^^^^
sqlite3.IntegrityError: NOT NULL constraint failed: registrations_studentapplication.is_archived

The above exception was the direct cause of the following exception:

Traceback (most recent call last):
  File "C:\Users\ASUS\Downloads\TRAINING PROJECT\TRAINING PROJECT\venv\Lib\site-packages\django\core\handlers\exception.py", line 55, in inner
    response = get_response(request)
  File "C:\Users\ASUS\Downloads\TRAINING PROJECT\TRAINING PROJECT\venv\Lib\site-packages\django\core\handlers\base.py", line 198, in _get_response
    response = wrapped_callback(request, *callback_args, **callback_kwargs)
  File "C:\Users\ASUS\Downloads\TRAINING PROJECT\TRAINING PROJECT\registrations\views.py", line 958, in auto_save_field
    app.save()
    ~~~~~~~~^^
  File "C:\Users\ASUS\Downloads\TRAINING PROJECT\TRAINING PROJECT\venv\Lib\site-packages\django\db\models\base.py", line 874, in save
    self.save_base(
    ~~~~~~~~~~~~~~^
        using=using,
        ^^^^^^^^^^^^
    ...<2 lines>...
        update_fields=update_fields,
        ^^^^^^^^^^^^^^^^^^^^^^^^^^^^
    )
    ^
  File "C:\Users\ASUS\Downloads\TRAINING PROJECT\TRAINING PROJECT\venv\Lib\site-packages\django\db\models\base.py", line 966, in save_base
    updated = self._save_table(
        raw,
    ...<4 lines>...
        update_fields,
    )
  File "C:\Users\ASUS\Downloads\TRAINING PROJECT\TRAINING PROJECT\venv\Lib\site-packages\django\db\models\base.py", line 1169, in _save_table
    results = self._do_insert(
        cls._base_manager, using, insert_fields, returning_fields, raw
    )
  File "C:\Users\ASUS\Downloads\TRAINING PROJECT\TRAINING PROJECT\venv\Lib\site-packages\django\db\models\base.py", line 1220, in _do_insert
    return manager._insert(
           ~~~~~~~~~~~~~~~^
        [self],
        ^^^^^^^
    ...<3 lines>...
        raw=raw,
        ^^^^^^^^
    )
    ^
  File "C:\Users\ASUS\Downloads\TRAINING PROJECT\TRAINING PROJECT\venv\Lib\site-packages\django\db\models\manager.py", line 87, in manager_method
    return getattr(self.get_queryset(), name)(*args, **kwargs)
           ~~~~~~~~~~~~~~~~~~~~~~~~~~~~~~~~~~^^^^^^^^^^^^^^^^^
  File "C:\Users\ASUS\Downloads\TRAINING PROJECT\TRAINING PROJECT\venv\Lib\site-packages\django\db\models\query.py", line 1918, in _insert
    return query.get_compiler(using=using).execute_sql(returning_fields)
           ~~~~~~~~~~~~~~~~~~~~~~~~~~~~~~~~~~~~~~~~~~~^^^^^^^^^^^^^^^^^^
  File "C:\Users\ASUS\Downloads\TRAINING PROJECT\TRAINING PROJECT\venv\Lib\site-packages\django\db\models\sql\compiler.py", line 1925, in execute_sql
    cursor.execute(sql, params)
    ~~~~~~~~~~~~~~^^^^^^^^^^^^^
  File "C:\Users\ASUS\Downloads\TRAINING PROJECT\TRAINING PROJECT\venv\Lib\site-packages\django\db\backends\utils.py", line 122, in execute
    return super().execute(sql, params)
           ~~~~~~~~~~~~~~~^^^^^^^^^^^^^
  File "C:\Users\ASUS\Downloads\TRAINING PROJECT\TRAINING PROJECT\venv\Lib\site-packages\django\db\backends\utils.py", line 79, in execute
    return self._execute_with_wrappers(
           ~~~~~~~~~~~~~~~~~~~~~~~~~~~^
        sql, params, many=False, executor=self._execute
        ^^^^^^^^^^^^^^^^^^^^^^^^^^^^^^^^^^^^^^^^^^^^^^^
    )
    ^
  File "C:\Users\ASUS\Downloads\TRAINING PROJECT\TRAINING PROJECT\venv\Lib\site-packages\django\db\backends\utils.py", line 92, in _execute_with_wrappers
    return executor(sql, params, many, context)
  File "C:\Users\ASUS\Downloads\TRAINING PROJECT\TRAINING PROJECT\venv\Lib\site-packages\django\db\backends\utils.py", line 100, in _execute
    with self.db.wrap_database_errors:
         ^^^^^^^^^^^^^^^^^^^^^^^^^^^^
  File "C:\Users\ASUS\Downloads\TRAINING PROJECT\TRAINING PROJECT\venv\Lib\site-packages\django\db\utils.py", line 94, in __exit__
    raise dj_exc_value.with_traceback(traceback) from exc_value
  File "C:\Users\ASUS\Downloads\TRAINING PROJECT\TRAINING PROJECT\venv\Lib\site-packages\django\db\backends\utils.py", line 105, in _execute
    return self.cursor.execute(sql, params)
           ~~~~~~~~~~~~~~~~~~~^^^^^^^^^^^^^
  File "C:\Users\ASUS\Downloads\TRAINING PROJECT\TRAINING PROJECT\venv\Lib\site-packages\django\db\backends\sqlite3\base.py", line 359, in execute
    return super().execute(query, params)
           ~~~~~~~~~~~~~~~^^^^^^^^^^^^^^^
django.db.utils.IntegrityError: NOT NULL constraint failed: registrations_studentapplication.is_archived
Internal Server Error: /api/auto-save/
Traceback (most recent call last):
  File "C:\Users\ASUS\Downloads\TRAINING PROJECT\TRAINING PROJECT\venv\Lib\site-packages\django\db\backends\utils.py", line 105, in _execute
    return self.cursor.execute(sql, params)
           ~~~~~~~~~~~~~~~~~~~^^^^^^^^^^^^^
  File "C:\Users\ASUS\Downloads\TRAINING PROJECT\TRAINING PROJECT\venv\Lib\site-packages\django\db\backends\sqlite3\base.py", line 359, in execute
    return super().execute(query, params)
           ~~~~~~~~~~~~~~~^^^^^^^^^^^^^^^
sqlite3.IntegrityError: NOT NULL constraint failed: registrations_studentapplication.is_archived

The above exception was the direct cause of the following exception:

Traceback (most recent call last):
  File "C:\Users\ASUS\Downloads\TRAINING PROJECT\TRAINING PROJECT\venv\Lib\site-packages\django\core\handlers\exception.py", line 55, in inner
    response = get_response(request)
  File "C:\Users\ASUS\Downloads\TRAINING PROJECT\TRAINING PROJECT\venv\Lib\site-packages\django\core\handlers\base.py", line 198, in _get_response
    response = wrapped_callback(request, *callback_args, **callback_kwargs)
  File "C:\Users\ASUS\Downloads\TRAINING PROJECT\TRAINING PROJECT\registrations\views.py", line 958, in auto_save_field
    app.save()
    ~~~~~~~~^^
  File "C:\Users\ASUS\Downloads\TRAINING PROJECT\TRAINING PROJECT\venv\Lib\site-packages\django\db\models\base.py", line 874, in save
    self.save_base(
    ~~~~~~~~~~~~~~^
        using=using,
        ^^^^^^^^^^^^
    ...<2 lines>...
        update_fields=update_fields,
        ^^^^^^^^^^^^^^^^^^^^^^^^^^^^
    )
    ^
  File "C:\Users\ASUS\Downloads\TRAINING PROJECT\TRAINING PROJECT\venv\Lib\site-packages\django\db\models\base.py", line 966, in save_base
    updated = self._save_table(
        raw,
    ...<4 lines>...
        update_fields,
    )
  File "C:\Users\ASUS\Downloads\TRAINING PROJECT\TRAINING PROJECT\venv\Lib\site-packages\django\db\models\base.py", line 1169, in _save_table
    results = self._do_insert(
        cls._base_manager, using, insert_fields, returning_fields, raw
    )
  File "C:\Users\ASUS\Downloads\TRAINING PROJECT\TRAINING PROJECT\venv\Lib\site-packages\django\db\models\base.py", line 1220, in _do_insert
    return manager._insert(
           ~~~~~~~~~~~~~~~^
        [self],
        ^^^^^^^
    ...<3 lines>...
        raw=raw,
        ^^^^^^^^
    )
    ^
  File "C:\Users\ASUS\Downloads\TRAINING PROJECT\TRAINING PROJECT\venv\Lib\site-packages\django\db\models\manager.py", line 87, in manager_method
    return getattr(self.get_queryset(), name)(*args, **kwargs)
           ~~~~~~~~~~~~~~~~~~~~~~~~~~~~~~~~~~^^^^^^^^^^^^^^^^^
  File "C:\Users\ASUS\Downloads\TRAINING PROJECT\TRAINING PROJECT\venv\Lib\site-packages\django\db\models\query.py", line 1918, in _insert
    return query.get_compiler(using=using).execute_sql(returning_fields)
           ~~~~~~~~~~~~~~~~~~~~~~~~~~~~~~~~~~~~~~~~~~~^^^^^^^^^^^^^^^^^^
  File "C:\Users\ASUS\Downloads\TRAINING PROJECT\TRAINING PROJECT\venv\Lib\site-packages\django\db\models\sql\compiler.py", line 1925, in execute_sql
    cursor.execute(sql, params)
    ~~~~~~~~~~~~~~^^^^^^^^^^^^^
  File "C:\Users\ASUS\Downloads\TRAINING PROJECT\TRAINING PROJECT\venv\Lib\site-packages\django\db\backends\utils.py", line 122, in execute
    return super().execute(sql, params)
           ~~~~~~~~~~~~~~~^^^^^^^^^^^^^
  File "C:\Users\ASUS\Downloads\TRAINING PROJECT\TRAINING PROJECT\venv\Lib\site-packages\django\db\backends\utils.py", line 79, in execute
    return self._execute_with_wrappers(
           ~~~~~~~~~~~~~~~~~~~~~~~~~~~^
        sql, params, many=False, executor=self._execute
        ^^^^^^^^^^^^^^^^^^^^^^^^^^^^^^^^^^^^^^^^^^^^^^^
    )
    ^
  File "C:\Users\ASUS\Downloads\TRAINING PROJECT\TRAINING PROJECT\venv\Lib\site-packages\django\db\backends\utils.py", line 92, in _execute_with_wrappers
    return executor(sql, params, many, context)
  File "C:\Users\ASUS\Downloads\TRAINING PROJECT\TRAINING PROJECT\venv\Lib\site-packages\django\db\backends\utils.py", line 100, in _execute
    with self.db.wrap_database_errors:
         ^^^^^^^^^^^^^^^^^^^^^^^^^^^^
  File "C:\Users\ASUS\Downloads\TRAINING PROJECT\TRAINING PROJECT\venv\Lib\site-packages\django\db\utils.py", line 94, in __exit__
    raise dj_exc_value.with_traceback(traceback) from exc_value
  File "C:\Users\ASUS\Downloads\TRAINING PROJECT\TRAINING PROJECT\venv\Lib\site-packages\django\db\backends\utils.py", line 105, in _execute
    return self.cursor.execute(sql, params)
           ~~~~~~~~~~~~~~~~~~~^^^^^^^^^^^^^
  File "C:\Users\ASUS\Downloads\TRAINING PROJECT\TRAINING PROJECT\venv\Lib\site-packages\django\db\backends\sqlite3\base.py", line 359, in execute
    return super().execute(query, params)
           ~~~~~~~~~~~~~~~^^^^^^^^^^^^^^^
django.db.utils.IntegrityError: NOT NULL constraint failed: registrations_studentapplication.is_archived
Internal Server Error: /api/auto-save/
Traceback (most recent call last):
  File "C:\Users\ASUS\Downloads\TRAINING PROJECT\TRAINING PROJECT\venv\Lib\site-packages\django\db\backends\utils.py", line 105, in _execute
    return self.cursor.execute(sql, params)
           ~~~~~~~~~~~~~~~~~~~^^^^^^^^^^^^^
  File "C:\Users\ASUS\Downloads\TRAINING PROJECT\TRAINING PROJECT\venv\Lib\site-packages\django\db\backends\sqlite3\base.py", line 359, in execute
    return super().execute(query, params)
           ~~~~~~~~~~~~~~~^^^^^^^^^^^^^^^
sqlite3.IntegrityError: NOT NULL constraint failed: registrations_studentapplication.is_archived

The above exception was the direct cause of the following exception:

Traceback (most recent call last):
  File "C:\Users\ASUS\Downloads\TRAINING PROJECT\TRAINING PROJECT\venv\Lib\site-packages\django\core\handlers\exception.py", line 55, in inner
    response = get_response(request)
  File "C:\Users\ASUS\Downloads\TRAINING PROJECT\TRAINING PROJECT\venv\Lib\site-packages\django\core\handlers\base.py", line 198, in _get_response
    response = wrapped_callback(request, *callback_args, **callback_kwargs)
  File "C:\Users\ASUS\Downloads\TRAINING PROJECT\TRAINING PROJECT\registrations\views.py", line 958, in auto_save_field
    app.save()
    ~~~~~~~~^^
  File "C:\Users\ASUS\Downloads\TRAINING PROJECT\TRAINING PROJECT\venv\Lib\site-packages\django\db\models\base.py", line 874, in save
    self.save_base(
    ~~~~~~~~~~~~~~^
        using=using,
        ^^^^^^^^^^^^
    ...<2 lines>...
        update_fields=update_fields,
        ^^^^^^^^^^^^^^^^^^^^^^^^^^^^
    )
    ^
  File "C:\Users\ASUS\Downloads\TRAINING PROJECT\TRAINING PROJECT\venv\Lib\site-packages\django\db\models\base.py", line 966, in save_base
    updated = self._save_table(
        raw,
    ...<4 lines>...
        update_fields,
    )
  File "C:\Users\ASUS\Downloads\TRAINING PROJECT\TRAINING PROJECT\venv\Lib\site-packages\django\db\models\base.py", line 1169, in _save_table
    results = self._do_insert(
        cls._base_manager, using, insert_fields, returning_fields, raw
    )
  File "C:\Users\ASUS\Downloads\TRAINING PROJECT\TRAINING PROJECT\venv\Lib\site-packages\django\db\models\base.py", line 1220, in _do_insert
    return manager._insert(
           ~~~~~~~~~~~~~~~^
        [self],
        ^^^^^^^
    ...<3 lines>...
        raw=raw,
        ^^^^^^^^
    )
    ^
  File "C:\Users\ASUS\Downloads\TRAINING PROJECT\TRAINING PROJECT\venv\Lib\site-packages\django\db\models\manager.py", line 87, in manager_method
    return getattr(self.get_queryset(), name)(*args, **kwargs)
           ~~~~~~~~~~~~~~~~~~~~~~~~~~~~~~~~~~^^^^^^^^^^^^^^^^^
  File "C:\Users\ASUS\Downloads\TRAINING PROJECT\TRAINING PROJECT\venv\Lib\site-packages\django\db\models\query.py", line 1918, in _insert
    return query.get_compiler(using=using).execute_sql(returning_fields)
           ~~~~~~~~~~~~~~~~~~~~~~~~~~~~~~~~~~~~~~~~~~~^^^^^^^^^^^^^^^^^^
  File "C:\Users\ASUS\Downloads\TRAINING PROJECT\TRAINING PROJECT\venv\Lib\site-packages\django\db\models\sql\compiler.py", line 1925, in execute_sql
    cursor.execute(sql, params)
    ~~~~~~~~~~~~~~^^^^^^^^^^^^^
  File "C:\Users\ASUS\Downloads\TRAINING PROJECT\TRAINING PROJECT\venv\Lib\site-packages\django\db\backends\utils.py", line 122, in execute
    return super().execute(sql, params)
           ~~~~~~~~~~~~~~~^^^^^^^^^^^^^
  File "C:\Users\ASUS\Downloads\TRAINING PROJECT\TRAINING PROJECT\venv\Lib\site-packages\django\db\backends\utils.py", line 79, in execute
    return self._execute_with_wrappers(
           ~~~~~~~~~~~~~~~~~~~~~~~~~~~^
        sql, params, many=False, executor=self._execute
        ^^^^^^^^^^^^^^^^^^^^^^^^^^^^^^^^^^^^^^^^^^^^^^^
    )
    ^
  File "C:\Users\ASUS\Downloads\TRAINING PROJECT\TRAINING PROJECT\venv\Lib\site-packages\django\db\backends\utils.py", line 92, in _execute_with_wrappers
    return executor(sql, params, many, context)
  File "C:\Users\ASUS\Downloads\TRAINING PROJECT\TRAINING PROJECT\venv\Lib\site-packages\django\db\backends\utils.py", line 100, in _execute
    with self.db.wrap_database_errors:
         ^^^^^^^^^^^^^^^^^^^^^^^^^^^^
  File "C:\Users\ASUS\Downloads\TRAINING PROJECT\TRAINING PROJECT\venv\Lib\site-packages\django\db\utils.py", line 94, in __exit__
    raise dj_exc_value.with_traceback(traceback) from exc_value
  File "C:\Users\ASUS\Downloads\TRAINING PROJECT\TRAINING PROJECT\venv\Lib\site-packages\django\db\backends\utils.py", line 105, in _execute
    return self.cursor.execute(sql, params)
           ~~~~~~~~~~~~~~~~~~~^^^^^^^^^^^^^
  File "C:\Users\ASUS\Downloads\TRAINING PROJECT\TRAINING PROJECT\venv\Lib\site-packages\django\db\backends\sqlite3\base.py", line 359, in execute
    return super().execute(query, params)
           ~~~~~~~~~~~~~~~^^^^^^^^^^^^^^^
django.db.utils.IntegrityError: NOT NULL constraint failed: registrations_studentapplication.is_archived
Internal Server Error: /api/auto-save/
Traceback (most recent call last):
  File "C:\Users\ASUS\Downloads\TRAINING PROJECT\TRAINING PROJECT\venv\Lib\site-packages\django\db\backends\utils.py", line 105, in _execute
    return self.cursor.execute(sql, params)
           ~~~~~~~~~~~~~~~~~~~^^^^^^^^^^^^^
  File "C:\Users\ASUS\Downloads\TRAINING PROJECT\TRAINING PROJECT\venv\Lib\site-packages\django\db\backends\sqlite3\base.py", line 359, in execute
    return super().execute(query, params)
           ~~~~~~~~~~~~~~~^^^^^^^^^^^^^^^
sqlite3.IntegrityError: NOT NULL constraint failed: registrations_studentapplication.is_archived

The above exception was the direct cause of the following exception:

Traceback (most recent call last):
  File "C:\Users\ASUS\Downloads\TRAINING PROJECT\TRAINING PROJECT\venv\Lib\site-packages\django\core\handlers\exception.py", line 55, in inner
    response = get_response(request)
  File "C:\Users\ASUS\Downloads\TRAINING PROJECT\TRAINING PROJECT\venv\Lib\site-packages\django\core\handlers\base.py", line 198, in _get_response
    response = wrapped_callback(request, *callback_args, **callback_kwargs)
  File "C:\Users\ASUS\Downloads\TRAINING PROJECT\TRAINING PROJECT\registrations\views.py", line 958, in auto_save_field
    app.save()
    ~~~~~~~~^^
  File "C:\Users\ASUS\Downloads\TRAINING PROJECT\TRAINING PROJECT\venv\Lib\site-packages\django\db\models\base.py", line 874, in save
    self.save_base(
    ~~~~~~~~~~~~~~^
        using=using,
        ^^^^^^^^^^^^
    ...<2 lines>...
        update_fields=update_fields,
        ^^^^^^^^^^^^^^^^^^^^^^^^^^^^
    )
    ^
  File "C:\Users\ASUS\Downloads\TRAINING PROJECT\TRAINING PROJECT\venv\Lib\site-packages\django\db\models\base.py", line 966, in save_base
    updated = self._save_table(
        raw,
    ...<4 lines>...
        update_fields,
    )
  File "C:\Users\ASUS\Downloads\TRAINING PROJECT\TRAINING PROJECT\venv\Lib\site-packages\django\db\models\base.py", line 1169, in _save_table
    results = self._do_insert(
        cls._base_manager, using, insert_fields, returning_fields, raw
    )
  File "C:\Users\ASUS\Downloads\TRAINING PROJECT\TRAINING PROJECT\venv\Lib\site-packages\django\db\models\base.py", line 1220, in _do_insert
    return manager._insert(
           ~~~~~~~~~~~~~~~^
        [self],
        ^^^^^^^
    ...<3 lines>...
        raw=raw,
        ^^^^^^^^
    )
    ^
  File "C:\Users\ASUS\Downloads\TRAINING PROJECT\TRAINING PROJECT\venv\Lib\site-packages\django\db\models\manager.py", line 87, in manager_method
    return getattr(self.get_queryset(), name)(*args, **kwargs)
           ~~~~~~~~~~~~~~~~~~~~~~~~~~~~~~~~~~^^^^^^^^^^^^^^^^^
  File "C:\Users\ASUS\Downloads\TRAINING PROJECT\TRAINING PROJECT\venv\Lib\site-packages\django\db\models\query.py", line 1918, in _insert
    return query.get_compiler(using=using).execute_sql(returning_fields)
           ~~~~~~~~~~~~~~~~~~~~~~~~~~~~~~~~~~~~~~~~~~~^^^^^^^^^^^^^^^^^^
  File "C:\Users\ASUS\Downloads\TRAINING PROJECT\TRAINING PROJECT\venv\Lib\site-packages\django\db\models\sql\compiler.py", line 1925, in execute_sql
    cursor.execute(sql, params)
    ~~~~~~~~~~~~~~^^^^^^^^^^^^^
  File "C:\Users\ASUS\Downloads\TRAINING PROJECT\TRAINING PROJECT\venv\Lib\site-packages\django\db\backends\utils.py", line 122, in execute
    return super().execute(sql, params)
           ~~~~~~~~~~~~~~~^^^^^^^^^^^^^
  File "C:\Users\ASUS\Downloads\TRAINING PROJECT\TRAINING PROJECT\venv\Lib\site-packages\django\db\backends\utils.py", line 79, in execute
    return self._execute_with_wrappers(
           ~~~~~~~~~~~~~~~~~~~~~~~~~~~^
        sql, params, many=False, executor=self._execute
        ^^^^^^^^^^^^^^^^^^^^^^^^^^^^^^^^^^^^^^^^^^^^^^^
    )
    ^
  File "C:\Users\ASUS\Downloads\TRAINING PROJECT\TRAINING PROJECT\venv\Lib\site-packages\django\db\backends\utils.py", line 92, in _execute_with_wrappers
    return executor(sql, params, many, context)
  File "C:\Users\ASUS\Downloads\TRAINING PROJECT\TRAINING PROJECT\venv\Lib\site-packages\django\db\backends\utils.py", line 100, in _execute
    with self.db.wrap_database_errors:
         ^^^^^^^^^^^^^^^^^^^^^^^^^^^^
  File "C:\Users\ASUS\Downloads\TRAINING PROJECT\TRAINING PROJECT\venv\Lib\site-packages\django\db\utils.py", line 94, in __exit__
    raise dj_exc_value.with_traceback(traceback) from exc_value
  File "C:\Users\ASUS\Downloads\TRAINING PROJECT\TRAINING PROJECT\venv\Lib\site-packages\django\db\backends\utils.py", line 105, in _execute
    return self.cursor.execute(sql, params)
           ~~~~~~~~~~~~~~~~~~~^^^^^^^^^^^^^
  File "C:\Users\ASUS\Downloads\TRAINING PROJECT\TRAINING PROJECT\venv\Lib\site-packages\django\db\backends\sqlite3\base.py", line 359, in execute
    return super().execute(query, params)
           ~~~~~~~~~~~~~~~^^^^^^^^^^^^^^^
django.db.utils.IntegrityError: NOT NULL constraint failed: registrations_studentapplication.is_archived
Internal Server Error: /api/auto-save/
Traceback (most recent call last):
  File "C:\Users\ASUS\Downloads\TRAINING PROJECT\TRAINING PROJECT\venv\Lib\site-packages\django\db\backends\utils.py", line 105, in _execute
    return self.cursor.execute(sql, params)
           ~~~~~~~~~~~~~~~~~~~^^^^^^^^^^^^^
  File "C:\Users\ASUS\Downloads\TRAINING PROJECT\TRAINING PROJECT\venv\Lib\site-packages\django\db\backends\sqlite3\base.py", line 359, in execute
    return super().execute(query, params)
           ~~~~~~~~~~~~~~~^^^^^^^^^^^^^^^
sqlite3.IntegrityError: NOT NULL constraint failed: registrations_studentapplication.is_archived

The above exception was the direct cause of the following exception:

Traceback (most recent call last):
  File "C:\Users\ASUS\Downloads\TRAINING PROJECT\TRAINING PROJECT\venv\Lib\site-packages\django\core\handlers\exception.py", line 55, in inner
    response = get_response(request)
  File "C:\Users\ASUS\Downloads\TRAINING PROJECT\TRAINING PROJECT\venv\Lib\site-packages\django\core\handlers\base.py", line 198, in _get_response
    response = wrapped_callback(request, *callback_args, **callback_kwargs)
  File "C:\Users\ASUS\Downloads\TRAINING PROJECT\TRAINING PROJECT\registrations\views.py", line 958, in auto_save_field
    app.save()
    ~~~~~~~~^^
  File "C:\Users\ASUS\Downloads\TRAINING PROJECT\TRAINING PROJECT\venv\Lib\site-packages\django\db\models\base.py", line 874, in save
    self.save_base(
    ~~~~~~~~~~~~~~^
        using=using,
        ^^^^^^^^^^^^
    ...<2 lines>...
        update_fields=update_fields,
        ^^^^^^^^^^^^^^^^^^^^^^^^^^^^
    )
    ^
  File "C:\Users\ASUS\Downloads\TRAINING PROJECT\TRAINING PROJECT\venv\Lib\site-packages\django\db\models\base.py", line 966, in save_base
    updated = self._save_table(
        raw,
    ...<4 lines>...
        update_fields,
    )
  File "C:\Users\ASUS\Downloads\TRAINING PROJECT\TRAINING PROJECT\venv\Lib\site-packages\django\db\models\base.py", line 1169, in _save_table
    results = self._do_insert(
        cls._base_manager, using, insert_fields, returning_fields, raw
    )
  File "C:\Users\ASUS\Downloads\TRAINING PROJECT\TRAINING PROJECT\venv\Lib\site-packages\django\db\models\base.py", line 1220, in _do_insert
    return manager._insert(
           ~~~~~~~~~~~~~~~^
        [self],
        ^^^^^^^
    ...<3 lines>...
        raw=raw,
        ^^^^^^^^
    )
    ^
  File "C:\Users\ASUS\Downloads\TRAINING PROJECT\TRAINING PROJECT\venv\Lib\site-packages\django\db\models\manager.py", line 87, in manager_method
    return getattr(self.get_queryset(), name)(*args, **kwargs)
           ~~~~~~~~~~~~~~~~~~~~~~~~~~~~~~~~~~^^^^^^^^^^^^^^^^^
  File "C:\Users\ASUS\Downloads\TRAINING PROJECT\TRAINING PROJECT\venv\Lib\site-packages\django\db\models\query.py", line 1918, in _insert
    return query.get_compiler(using=using).execute_sql(returning_fields)
           ~~~~~~~~~~~~~~~~~~~~~~~~~~~~~~~~~~~~~~~~~~~^^^^^^^^^^^^^^^^^^
  File "C:\Users\ASUS\Downloads\TRAINING PROJECT\TRAINING PROJECT\venv\Lib\site-packages\django\db\models\sql\compiler.py", line 1925, in execute_sql
    cursor.execute(sql, params)
    ~~~~~~~~~~~~~~^^^^^^^^^^^^^
  File "C:\Users\ASUS\Downloads\TRAINING PROJECT\TRAINING PROJECT\venv\Lib\site-packages\django\db\backends\utils.py", line 122, in execute
    return super().execute(sql, params)
           ~~~~~~~~~~~~~~~^^^^^^^^^^^^^
  File "C:\Users\ASUS\Downloads\TRAINING PROJECT\TRAINING PROJECT\venv\Lib\site-packages\django\db\backends\utils.py", line 79, in execute
    return self._execute_with_wrappers(
           ~~~~~~~~~~~~~~~~~~~~~~~~~~~^
        sql, params, many=False, executor=self._execute
        ^^^^^^^^^^^^^^^^^^^^^^^^^^^^^^^^^^^^^^^^^^^^^^^
    )
    ^
  File "C:\Users\ASUS\Downloads\TRAINING PROJECT\TRAINING PROJECT\venv\Lib\site-packages\django\db\backends\utils.py", line 92, in _execute_with_wrappers
    return executor(sql, params, many, context)
  File "C:\Users\ASUS\Downloads\TRAINING PROJECT\TRAINING PROJECT\venv\Lib\site-packages\django\db\backends\utils.py", line 100, in _execute
    with self.db.wrap_database_errors:
         ^^^^^^^^^^^^^^^^^^^^^^^^^^^^
  File "C:\Users\ASUS\Downloads\TRAINING PROJECT\TRAINING PROJECT\venv\Lib\site-packages\django\db\utils.py", line 94, in __exit__
    raise dj_exc_value.with_traceback(traceback) from exc_value
  File "C:\Users\ASUS\Downloads\TRAINING PROJECT\TRAINING PROJECT\venv\Lib\site-packages\django\db\backends\utils.py", line 105, in _execute
    return self.cursor.execute(sql, params)
           ~~~~~~~~~~~~~~~~~~~^^^^^^^^^^^^^
  File "C:\Users\ASUS\Downloads\TRAINING PROJECT\TRAINING PROJECT\venv\Lib\site-packages\django\db\backends\sqlite3\base.py", line 359, in execute
    return super().execute(query, params)
           ~~~~~~~~~~~~~~~^^^^^^^^^^^^^^^
django.db.utils.IntegrityError: NOT NULL constraint failed: registrations_studentapplication.is_archived
Internal Server Error: /api/auto-save/
Traceback (most recent call last):
  File "C:\Users\ASUS\Downloads\TRAINING PROJECT\TRAINING PROJECT\venv\Lib\site-packages\django\db\backends\utils.py", line 105, in _execute
    return self.cursor.execute(sql, params)
           ~~~~~~~~~~~~~~~~~~~^^^^^^^^^^^^^
  File "C:\Users\ASUS\Downloads\TRAINING PROJECT\TRAINING PROJECT\venv\Lib\site-packages\django\db\backends\sqlite3\base.py", line 359, in execute
    return super().execute(query, params)
           ~~~~~~~~~~~~~~~^^^^^^^^^^^^^^^
sqlite3.IntegrityError: NOT NULL constraint failed: registrations_studentapplication.is_archived

The above exception was the direct cause of the following exception:

Traceback (most recent call last):
  File "C:\Users\ASUS\Downloads\TRAINING PROJECT\TRAINING PROJECT\venv\Lib\site-packages\django\core\handlers\exception.py", line 55, in inner
    response = get_response(request)
  File "C:\Users\ASUS\Downloads\TRAINING PROJECT\TRAINING PROJECT\venv\Lib\site-packages\django\core\handlers\base.py", line 198, in _get_response
    response = wrapped_callback(request, *callback_args, **callback_kwargs)
  File "C:\Users\ASUS\Downloads\TRAINING PROJECT\TRAINING PROJECT\registrations\views.py", line 958, in auto_save_field
    app.save()
    ~~~~~~~~^^
  File "C:\Users\ASUS\Downloads\TRAINING PROJECT\TRAINING PROJECT\venv\Lib\site-packages\django\db\models\base.py", line 874, in save
    self.save_base(
    ~~~~~~~~~~~~~~^
        using=using,
        ^^^^^^^^^^^^
    ...<2 lines>...
        update_fields=update_fields,
        ^^^^^^^^^^^^^^^^^^^^^^^^^^^^
    )
    ^
  File "C:\Users\ASUS\Downloads\TRAINING PROJECT\TRAINING PROJECT\venv\Lib\site-packages\django\db\models\base.py", line 966, in save_base
    updated = self._save_table(
        raw,
    ...<4 lines>...
        update_fields,
    )
  File "C:\Users\ASUS\Downloads\TRAINING PROJECT\TRAINING PROJECT\venv\Lib\site-packages\django\db\models\base.py", line 1169, in _save_table
    results = self._do_insert(
        cls._base_manager, using, insert_fields, returning_fields, raw
    )
  File "C:\Users\ASUS\Downloads\TRAINING PROJECT\TRAINING PROJECT\venv\Lib\site-packages\django\db\models\base.py", line 1220, in _do_insert
    return manager._insert(
           ~~~~~~~~~~~~~~~^
        [self],
        ^^^^^^^
    ...<3 lines>...
        raw=raw,
        ^^^^^^^^
    )
    ^
  File "C:\Users\ASUS\Downloads\TRAINING PROJECT\TRAINING PROJECT\venv\Lib\site-packages\django\db\models\manager.py", line 87, in manager_method
    return getattr(self.get_queryset(), name)(*args, **kwargs)
           ~~~~~~~~~~~~~~~~~~~~~~~~~~~~~~~~~~^^^^^^^^^^^^^^^^^
  File "C:\Users\ASUS\Downloads\TRAINING PROJECT\TRAINING PROJECT\venv\Lib\site-packages\django\db\models\query.py", line 1918, in _insert
    return query.get_compiler(using=using).execute_sql(returning_fields)
           ~~~~~~~~~~~~~~~~~~~~~~~~~~~~~~~~~~~~~~~~~~~^^^^^^^^^^^^^^^^^^
  File "C:\Users\ASUS\Downloads\TRAINING PROJECT\TRAINING PROJECT\venv\Lib\site-packages\django\db\models\sql\compiler.py", line 1925, in execute_sql
    cursor.execute(sql, params)
    ~~~~~~~~~~~~~~^^^^^^^^^^^^^
  File "C:\Users\ASUS\Downloads\TRAINING PROJECT\TRAINING PROJECT\venv\Lib\site-packages\django\db\backends\utils.py", line 122, in execute
    return super().execute(sql, params)
           ~~~~~~~~~~~~~~~^^^^^^^^^^^^^
  File "C:\Users\ASUS\Downloads\TRAINING PROJECT\TRAINING PROJECT\venv\Lib\site-packages\django\db\backends\utils.py", line 79, in execute
    return self._execute_with_wrappers(
           ~~~~~~~~~~~~~~~~~~~~~~~~~~~^
        sql, params, many=False, executor=self._execute
        ^^^^^^^^^^^^^^^^^^^^^^^^^^^^^^^^^^^^^^^^^^^^^^^
    )
    ^
  File "C:\Users\ASUS\Downloads\TRAINING PROJECT\TRAINING PROJECT\venv\Lib\site-packages\django\db\backends\utils.py", line 92, in _execute_with_wrappers
    return executor(sql, params, many, context)
  File "C:\Users\ASUS\Downloads\TRAINING PROJECT\TRAINING PROJECT\venv\Lib\site-packages\django\db\backends\utils.py", line 100, in _execute
    with self.db.wrap_database_errors:
         ^^^^^^^^^^^^^^^^^^^^^^^^^^^^
  File "C:\Users\ASUS\Downloads\TRAINING PROJECT\TRAINING PROJECT\venv\Lib\site-packages\django\db\utils.py", line 94, in __exit__
    raise dj_exc_value.with_traceback(traceback) from exc_value
  File "C:\Users\ASUS\Downloads\TRAINING PROJECT\TRAINING PROJECT\venv\Lib\site-packages\django\db\backends\utils.py", line 105, in _execute
    return self.cursor.execute(sql, params)
           ~~~~~~~~~~~~~~~~~~~^^^^^^^^^^^^^
  File "C:\Users\ASUS\Downloads\TRAINING PROJECT\TRAINING PROJECT\venv\Lib\site-packages\django\db\backends\sqlite3\base.py", line 359, in execute
    return super().execute(query, params)
           ~~~~~~~~~~~~~~~^^^^^^^^^^^^^^^
django.db.utils.IntegrityError: NOT NULL constraint failed: registrations_studentapplication.is_archived
Internal Server Error: /api/auto-save/
Traceback (most recent call last):
  File "C:\Users\ASUS\Downloads\TRAINING PROJECT\TRAINING PROJECT\venv\Lib\site-packages\django\db\backends\utils.py", line 105, in _execute
    return self.cursor.execute(sql, params)
           ~~~~~~~~~~~~~~~~~~~^^^^^^^^^^^^^
  File "C:\Users\ASUS\Downloads\TRAINING PROJECT\TRAINING PROJECT\venv\Lib\site-packages\django\db\backends\sqlite3\base.py", line 359, in execute
    return super().execute(query, params)
           ~~~~~~~~~~~~~~~^^^^^^^^^^^^^^^
sqlite3.IntegrityError: NOT NULL constraint failed: registrations_studentapplication.is_archived

The above exception was the direct cause of the following exception:

Traceback (most recent call last):
  File "C:\Users\ASUS\Downloads\TRAINING PROJECT\TRAINING PROJECT\venv\Lib\site-packages\django\core\handlers\exception.py", line 55, in inner
    response = get_response(request)
  File "C:\Users\ASUS\Downloads\TRAINING PROJECT\TRAINING PROJECT\venv\Lib\site-packages\django\core\handlers\base.py", line 198, in _get_response
    response = wrapped_callback(request, *callback_args, **callback_kwargs)
  File "C:\Users\ASUS\Downloads\TRAINING PROJECT\TRAINING PROJECT\registrations\views.py", line 958, in auto_save_field
    app.save()
    ~~~~~~~~^^
  File "C:\Users\ASUS\Downloads\TRAINING PROJECT\TRAINING PROJECT\venv\Lib\site-packages\django\db\models\base.py", line 874, in save
    self.save_base(
    ~~~~~~~~~~~~~~^
        using=using,
        ^^^^^^^^^^^^
    ...<2 lines>...
        update_fields=update_fields,
        ^^^^^^^^^^^^^^^^^^^^^^^^^^^^
    )
    ^
  File "C:\Users\ASUS\Downloads\TRAINING PROJECT\TRAINING PROJECT\venv\Lib\site-packages\django\db\models\base.py", line 966, in save_base
    updated = self._save_table(
        raw,
    ...<4 lines>...
        update_fields,
    )
  File "C:\Users\ASUS\Downloads\TRAINING PROJECT\TRAINING PROJECT\venv\Lib\site-packages\django\db\models\base.py", line 1169, in _save_table
    results = self._do_insert(
        cls._base_manager, using, insert_fields, returning_fields, raw
    )
  File "C:\Users\ASUS\Downloads\TRAINING PROJECT\TRAINING PROJECT\venv\Lib\site-packages\django\db\models\base.py", line 1220, in _do_insert
    return manager._insert(
           ~~~~~~~~~~~~~~~^
        [self],
        ^^^^^^^
    ...<3 lines>...
        raw=raw,
        ^^^^^^^^
    )
    ^
  File "C:\Users\ASUS\Downloads\TRAINING PROJECT\TRAINING PROJECT\venv\Lib\site-packages\django\db\models\manager.py", line 87, in manager_method
    return getattr(self.get_queryset(), name)(*args, **kwargs)
           ~~~~~~~~~~~~~~~~~~~~~~~~~~~~~~~~~~^^^^^^^^^^^^^^^^^
  File "C:\Users\ASUS\Downloads\TRAINING PROJECT\TRAINING PROJECT\venv\Lib\site-packages\django\db\models\query.py", line 1918, in _insert
    return query.get_compiler(using=using).execute_sql(returning_fields)
           ~~~~~~~~~~~~~~~~~~~~~~~~~~~~~~~~~~~~~~~~~~~^^^^^^^^^^^^^^^^^^
  File "C:\Users\ASUS\Downloads\TRAINING PROJECT\TRAINING PROJECT\venv\Lib\site-packages\django\db\models\sql\compiler.py", line 1925, in execute_sql
    cursor.execute(sql, params)
    ~~~~~~~~~~~~~~^^^^^^^^^^^^^
  File "C:\Users\ASUS\Downloads\TRAINING PROJECT\TRAINING PROJECT\venv\Lib\site-packages\django\db\backends\utils.py", line 122, in execute
    return super().execute(sql, params)
           ~~~~~~~~~~~~~~~^^^^^^^^^^^^^
  File "C:\Users\ASUS\Downloads\TRAINING PROJECT\TRAINING PROJECT\venv\Lib\site-packages\django\db\backends\utils.py", line 79, in execute
    return self._execute_with_wrappers(
           ~~~~~~~~~~~~~~~~~~~~~~~~~~~^
        sql, params, many=False, executor=self._execute
        ^^^^^^^^^^^^^^^^^^^^^^^^^^^^^^^^^^^^^^^^^^^^^^^
    )
    ^
  File "C:\Users\ASUS\Downloads\TRAINING PROJECT\TRAINING PROJECT\venv\Lib\site-packages\django\db\backends\utils.py", line 92, in _execute_with_wrappers
    return executor(sql, params, many, context)
  File "C:\Users\ASUS\Downloads\TRAINING PROJECT\TRAINING PROJECT\venv\Lib\site-packages\django\db\backends\utils.py", line 100, in _execute
    with self.db.wrap_database_errors:
         ^^^^^^^^^^^^^^^^^^^^^^^^^^^^
  File "C:\Users\ASUS\Downloads\TRAINING PROJECT\TRAINING PROJECT\venv\Lib\site-packages\django\db\utils.py", line 94, in __exit__
    raise dj_exc_value.with_traceback(traceback) from exc_value
  File "C:\Users\ASUS\Downloads\TRAINING PROJECT\TRAINING PROJECT\venv\Lib\site-packages\django\db\backends\utils.py", line 105, in _execute
    return self.cursor.execute(sql, params)
           ~~~~~~~~~~~~~~~~~~~^^^^^^^^^^^^^
  File "C:\Users\ASUS\Downloads\TRAINING PROJECT\TRAINING PROJECT\venv\Lib\site-packages\django\db\backends\sqlite3\base.py", line 359, in execute
    return super().execute(query, params)
           ~~~~~~~~~~~~~~~^^^^^^^^^^^^^^^
django.db.utils.IntegrityError: NOT NULL constraint failed: registrations_studentapplication.is_archived
Internal Server Error: /api/auto-save/
Traceback (most recent call last):
  File "C:\Users\ASUS\Downloads\TRAINING PROJECT\TRAINING PROJECT\venv\Lib\site-packages\django\db\backends\utils.py", line 105, in _execute
    return self.cursor.execute(sql, params)
           ~~~~~~~~~~~~~~~~~~~^^^^^^^^^^^^^
  File "C:\Users\ASUS\Downloads\TRAINING PROJECT\TRAINING PROJECT\venv\Lib\site-packages\django\db\backends\sqlite3\base.py", line 359, in execute
    return super().execute(query, params)
           ~~~~~~~~~~~~~~~^^^^^^^^^^^^^^^
sqlite3.IntegrityError: NOT NULL constraint failed: registrations_studentapplication.is_archived

The above exception was the direct cause of the following exception:

Traceback (most recent call last):
  File "C:\Users\ASUS\Downloads\TRAINING PROJECT\TRAINING PROJECT\venv\Lib\site-packages\django\core\handlers\exception.py", line 55, in inner
    response = get_response(request)
  File "C:\Users\ASUS\Downloads\TRAINING PROJECT\TRAINING PROJECT\venv\Lib\site-packages\django\core\handlers\base.py", line 198, in _get_response
    response = wrapped_callback(request, *callback_args, **callback_kwargs)
  File "C:\Users\ASUS\Downloads\TRAINING PROJECT\TRAINING PROJECT\registrations\views.py", line 958, in auto_save_field
    app.save()
    ~~~~~~~~^^
  File "C:\Users\ASUS\Downloads\TRAINING PROJECT\TRAINING PROJECT\venv\Lib\site-packages\django\db\models\base.py", line 874, in save
    self.save_base(
    ~~~~~~~~~~~~~~^
        using=using,
        ^^^^^^^^^^^^
    ...<2 lines>...
        update_fields=update_fields,
        ^^^^^^^^^^^^^^^^^^^^^^^^^^^^
    )
    ^
  File "C:\Users\ASUS\Downloads\TRAINING PROJECT\TRAINING PROJECT\venv\Lib\site-packages\django\db\models\base.py", line 966, in save_base
    updated = self._save_table(
        raw,
    ...<4 lines>...
        update_fields,
    )
  File "C:\Users\ASUS\Downloads\TRAINING PROJECT\TRAINING PROJECT\venv\Lib\site-packages\django\db\models\base.py", line 1169, in _save_table
    results = self._do_insert(
        cls._base_manager, using, insert_fields, returning_fields, raw
    )
  File "C:\Users\ASUS\Downloads\TRAINING PROJECT\TRAINING PROJECT\venv\Lib\site-packages\django\db\models\base.py", line 1220, in _do_insert
    return manager._insert(
           ~~~~~~~~~~~~~~~^
        [self],
        ^^^^^^^
    ...<3 lines>...
        raw=raw,
        ^^^^^^^^
    )
    ^
  File "C:\Users\ASUS\Downloads\TRAINING PROJECT\TRAINING PROJECT\venv\Lib\site-packages\django\db\models\manager.py", line 87, in manager_method
    return getattr(self.get_queryset(), name)(*args, **kwargs)
           ~~~~~~~~~~~~~~~~~~~~~~~~~~~~~~~~~~^^^^^^^^^^^^^^^^^
  File "C:\Users\ASUS\Downloads\TRAINING PROJECT\TRAINING PROJECT\venv\Lib\site-packages\django\db\models\query.py", line 1918, in _insert
    return query.get_compiler(using=using).execute_sql(returning_fields)
           ~~~~~~~~~~~~~~~~~~~~~~~~~~~~~~~~~~~~~~~~~~~^^^^^^^^^^^^^^^^^^
  File "C:\Users\ASUS\Downloads\TRAINING PROJECT\TRAINING PROJECT\venv\Lib\site-packages\django\db\models\sql\compiler.py", line 1925, in execute_sql
    cursor.execute(sql, params)
    ~~~~~~~~~~~~~~^^^^^^^^^^^^^
  File "C:\Users\ASUS\Downloads\TRAINING PROJECT\TRAINING PROJECT\venv\Lib\site-packages\django\db\backends\utils.py", line 122, in execute
    return super().execute(sql, params)
           ~~~~~~~~~~~~~~~^^^^^^^^^^^^^
  File "C:\Users\ASUS\Downloads\TRAINING PROJECT\TRAINING PROJECT\venv\Lib\site-packages\django\db\backends\utils.py", line 79, in execute
    return self._execute_with_wrappers(
           ~~~~~~~~~~~~~~~~~~~~~~~~~~~^
        sql, params, many=False, executor=self._execute
        ^^^^^^^^^^^^^^^^^^^^^^^^^^^^^^^^^^^^^^^^^^^^^^^
    )
    ^
  File "C:\Users\ASUS\Downloads\TRAINING PROJECT\TRAINING PROJECT\venv\Lib\site-packages\django\db\backends\utils.py", line 92, in _execute_with_wrappers
    return executor(sql, params, many, context)
  File "C:\Users\ASUS\Downloads\TRAINING PROJECT\TRAINING PROJECT\venv\Lib\site-packages\django\db\backends\utils.py", line 100, in _execute
    with self.db.wrap_database_errors:
         ^^^^^^^^^^^^^^^^^^^^^^^^^^^^
  File "C:\Users\ASUS\Downloads\TRAINING PROJECT\TRAINING PROJECT\venv\Lib\site-packages\django\db\utils.py", line 94, in __exit__
    raise dj_exc_value.with_traceback(traceback) from exc_value
  File "C:\Users\ASUS\Downloads\TRAINING PROJECT\TRAINING PROJECT\venv\Lib\site-packages\django\db\backends\utils.py", line 105, in _execute
    return self.cursor.execute(sql, params)
           ~~~~~~~~~~~~~~~~~~~^^^^^^^^^^^^^
  File "C:\Users\ASUS\Downloads\TRAINING PROJECT\TRAINING PROJECT\venv\Lib\site-packages\django\db\backends\sqlite3\base.py", line 359, in execute
    return super().execute(query, params)
           ~~~~~~~~~~~~~~~^^^^^^^^^^^^^^^
django.db.utils.IntegrityError: NOT NULL constraint failed: registrations_studentapplication.is_archived
Internal Server Error: /api/auto-save/
Traceback (most recent call last):
  File "C:\Users\ASUS\Downloads\TRAINING PROJECT\TRAINING PROJECT\venv\Lib\site-packages\django\db\backends\utils.py", line 105, in _execute
    return self.cursor.execute(sql, params)
           ~~~~~~~~~~~~~~~~~~~^^^^^^^^^^^^^
  File "C:\Users\ASUS\Downloads\TRAINING PROJECT\TRAINING PROJECT\venv\Lib\site-packages\django\db\backends\sqlite3\base.py", line 359, in execute
    return super().execute(query, params)
           ~~~~~~~~~~~~~~~^^^^^^^^^^^^^^^
sqlite3.IntegrityError: NOT NULL constraint failed: registrations_studentapplication.is_archived

The above exception was the direct cause of the following exception:

Traceback (most recent call last):
  File "C:\Users\ASUS\Downloads\TRAINING PROJECT\TRAINING PROJECT\venv\Lib\site-packages\django\core\handlers\exception.py", line 55, in inner
    response = get_response(request)
  File "C:\Users\ASUS\Downloads\TRAINING PROJECT\TRAINING PROJECT\venv\Lib\site-packages\django\core\handlers\base.py", line 198, in _get_response
    response = wrapped_callback(request, *callback_args, **callback_kwargs)
  File "C:\Users\ASUS\Downloads\TRAINING PROJECT\TRAINING PROJECT\registrations\views.py", line 958, in auto_save_field
    app.save()
    ~~~~~~~~^^
  File "C:\Users\ASUS\Downloads\TRAINING PROJECT\TRAINING PROJECT\venv\Lib\site-packages\django\db\models\base.py", line 874, in save
    self.save_base(
    ~~~~~~~~~~~~~~^
        using=using,
        ^^^^^^^^^^^^
    ...<2 lines>...
        update_fields=update_fields,
        ^^^^^^^^^^^^^^^^^^^^^^^^^^^^
    )
    ^
  File "C:\Users\ASUS\Downloads\TRAINING PROJECT\TRAINING PROJECT\venv\Lib\site-packages\django\db\models\base.py", line 966, in save_base
    updated = self._save_table(
        raw,
    ...<4 lines>...
        update_fields,
    )
  File "C:\Users\ASUS\Downloads\TRAINING PROJECT\TRAINING PROJECT\venv\Lib\site-packages\django\db\models\base.py", line 1169, in _save_table
    results = self._do_insert(
        cls._base_manager, using, insert_fields, returning_fields, raw
    )
  File "C:\Users\ASUS\Downloads\TRAINING PROJECT\TRAINING PROJECT\venv\Lib\site-packages\django\db\models\base.py", line 1220, in _do_insert
    return manager._insert(
           ~~~~~~~~~~~~~~~^
        [self],
        ^^^^^^^
    ...<3 lines>...
        raw=raw,
        ^^^^^^^^
    )
    ^
  File "C:\Users\ASUS\Downloads\TRAINING PROJECT\TRAINING PROJECT\venv\Lib\site-packages\django\db\models\manager.py", line 87, in manager_method
    return getattr(self.get_queryset(), name)(*args, **kwargs)
           ~~~~~~~~~~~~~~~~~~~~~~~~~~~~~~~~~~^^^^^^^^^^^^^^^^^
  File "C:\Users\ASUS\Downloads\TRAINING PROJECT\TRAINING PROJECT\venv\Lib\site-packages\django\db\models\query.py", line 1918, in _insert
    return query.get_compiler(using=using).execute_sql(returning_fields)
           ~~~~~~~~~~~~~~~~~~~~~~~~~~~~~~~~~~~~~~~~~~~^^^^^^^^^^^^^^^^^^
  File "C:\Users\ASUS\Downloads\TRAINING PROJECT\TRAINING PROJECT\venv\Lib\site-packages\django\db\models\sql\compiler.py", line 1925, in execute_sql
    cursor.execute(sql, params)
    ~~~~~~~~~~~~~~^^^^^^^^^^^^^
  File "C:\Users\ASUS\Downloads\TRAINING PROJECT\TRAINING PROJECT\venv\Lib\site-packages\django\db\backends\utils.py", line 122, in execute
    return super().execute(sql, params)
           ~~~~~~~~~~~~~~~^^^^^^^^^^^^^
  File "C:\Users\ASUS\Downloads\TRAINING PROJECT\TRAINING PROJECT\venv\Lib\site-packages\django\db\backends\utils.py", line 79, in execute
    return self._execute_with_wrappers(
           ~~~~~~~~~~~~~~~~~~~~~~~~~~~^
        sql, params, many=False, executor=self._execute
        ^^^^^^^^^^^^^^^^^^^^^^^^^^^^^^^^^^^^^^^^^^^^^^^
    )
    ^
  File "C:\Users\ASUS\Downloads\TRAINING PROJECT\TRAINING PROJECT\venv\Lib\site-packages\django\db\backends\utils.py", line 92, in _execute_with_wrappers
    return executor(sql, params, many, context)
  File "C:\Users\ASUS\Downloads\TRAINING PROJECT\TRAINING PROJECT\venv\Lib\site-packages\django\db\backends\utils.py", line 100, in _execute
    with self.db.wrap_database_errors:
         ^^^^^^^^^^^^^^^^^^^^^^^^^^^^
  File "C:\Users\ASUS\Downloads\TRAINING PROJECT\TRAINING PROJECT\venv\Lib\site-packages\django\db\utils.py", line 94, in __exit__
    raise dj_exc_value.with_traceback(traceback) from exc_value
  File "C:\Users\ASUS\Downloads\TRAINING PROJECT\TRAINING PROJECT\venv\Lib\site-packages\django\db\backends\utils.py", line 105, in _execute
    return self.cursor.execute(sql, params)
           ~~~~~~~~~~~~~~~~~~~^^^^^^^^^^^^^
  File "C:\Users\ASUS\Downloads\TRAINING PROJECT\TRAINING PROJECT\venv\Lib\site-packages\django\db\backends\sqlite3\base.py", line 359, in execute
    return super().execute(query, params)
           ~~~~~~~~~~~~~~~^^^^^^^^^^^^^^^
django.db.utils.IntegrityError: NOT NULL constraint failed: registrations_studentapplication.is_archived
Internal Server Error: /api/auto-save/
Traceback (most recent call last):
  File "C:\Users\ASUS\Downloads\TRAINING PROJECT\TRAINING PROJECT\venv\Lib\site-packages\django\db\backends\utils.py", line 105, in _execute
    return self.cursor.execute(sql, params)
           ~~~~~~~~~~~~~~~~~~~^^^^^^^^^^^^^
  File "C:\Users\ASUS\Downloads\TRAINING PROJECT\TRAINING PROJECT\venv\Lib\site-packages\django\db\backends\sqlite3\base.py", line 359, in execute
    return super().execute(query, params)
           ~~~~~~~~~~~~~~~^^^^^^^^^^^^^^^
sqlite3.IntegrityError: NOT NULL constraint failed: registrations_studentapplication.is_archived

The above exception was the direct cause of the following exception:

Traceback (most recent call last):
  File "C:\Users\ASUS\Downloads\TRAINING PROJECT\TRAINING PROJECT\venv\Lib\site-packages\django\core\handlers\exception.py", line 55, in inner
    response = get_response(request)
  File "C:\Users\ASUS\Downloads\TRAINING PROJECT\TRAINING PROJECT\venv\Lib\site-packages\django\core\handlers\base.py", line 198, in _get_response
    response = wrapped_callback(request, *callback_args, **callback_kwargs)
  File "C:\Users\ASUS\Downloads\TRAINING PROJECT\TRAINING PROJECT\registrations\views.py", line 958, in auto_save_field
    app.save()
    ~~~~~~~~^^
  File "C:\Users\ASUS\Downloads\TRAINING PROJECT\TRAINING PROJECT\venv\Lib\site-packages\django\db\models\base.py", line 874, in save
    self.save_base(
    ~~~~~~~~~~~~~~^
        using=using,
        ^^^^^^^^^^^^
    ...<2 lines>...
        update_fields=update_fields,
        ^^^^^^^^^^^^^^^^^^^^^^^^^^^^
    )
    ^
  File "C:\Users\ASUS\Downloads\TRAINING PROJECT\TRAINING PROJECT\venv\Lib\site-packages\django\db\models\base.py", line 966, in save_base
    updated = self._save_table(
        raw,
    ...<4 lines>...
        update_fields,
    )
  File "C:\Users\ASUS\Downloads\TRAINING PROJECT\TRAINING PROJECT\venv\Lib\site-packages\django\db\models\base.py", line 1169, in _save_table
    results = self._do_insert(
        cls._base_manager, using, insert_fields, returning_fields, raw
    )
  File "C:\Users\ASUS\Downloads\TRAINING PROJECT\TRAINING PROJECT\venv\Lib\site-packages\django\db\models\base.py", line 1220, in _do_insert
    return manager._insert(
           ~~~~~~~~~~~~~~~^
        [self],
        ^^^^^^^
    ...<3 lines>...
        raw=raw,
        ^^^^^^^^
    )
    ^
  File "C:\Users\ASUS\Downloads\TRAINING PROJECT\TRAINING PROJECT\venv\Lib\site-packages\django\db\models\manager.py", line 87, in manager_method
    return getattr(self.get_queryset(), name)(*args, **kwargs)
           ~~~~~~~~~~~~~~~~~~~~~~~~~~~~~~~~~~^^^^^^^^^^^^^^^^^
  File "C:\Users\ASUS\Downloads\TRAINING PROJECT\TRAINING PROJECT\venv\Lib\site-packages\django\db\models\query.py", line 1918, in _insert
    return query.get_compiler(using=using).execute_sql(returning_fields)
           ~~~~~~~~~~~~~~~~~~~~~~~~~~~~~~~~~~~~~~~~~~~^^^^^^^^^^^^^^^^^^
  File "C:\Users\ASUS\Downloads\TRAINING PROJECT\TRAINING PROJECT\venv\Lib\site-packages\django\db\models\sql\compiler.py", line 1925, in execute_sql
    cursor.execute(sql, params)
    ~~~~~~~~~~~~~~^^^^^^^^^^^^^
  File "C:\Users\ASUS\Downloads\TRAINING PROJECT\TRAINING PROJECT\venv\Lib\site-packages\django\db\backends\utils.py", line 122, in execute
    return super().execute(sql, params)
           ~~~~~~~~~~~~~~~^^^^^^^^^^^^^
  File "C:\Users\ASUS\Downloads\TRAINING PROJECT\TRAINING PROJECT\venv\Lib\site-packages\django\db\backends\utils.py", line 79, in execute
    return self._execute_with_wrappers(
           ~~~~~~~~~~~~~~~~~~~~~~~~~~~^
        sql, params, many=False, executor=self._execute
        ^^^^^^^^^^^^^^^^^^^^^^^^^^^^^^^^^^^^^^^^^^^^^^^
    )
    ^
  File "C:\Users\ASUS\Downloads\TRAINING PROJECT\TRAINING PROJECT\venv\Lib\site-packages\django\db\backends\utils.py", line 92, in _execute_with_wrappers
    return executor(sql, params, many, context)
  File "C:\Users\ASUS\Downloads\TRAINING PROJECT\TRAINING PROJECT\venv\Lib\site-packages\django\db\backends\utils.py", line 100, in _execute
    with self.db.wrap_database_errors:
         ^^^^^^^^^^^^^^^^^^^^^^^^^^^^
  File "C:\Users\ASUS\Downloads\TRAINING PROJECT\TRAINING PROJECT\venv\Lib\site-packages\django\db\utils.py", line 94, in __exit__
    raise dj_exc_value.with_traceback(traceback) from exc_value
  File "C:\Users\ASUS\Downloads\TRAINING PROJECT\TRAINING PROJECT\venv\Lib\site-packages\django\db\backends\utils.py", line 105, in _execute
    return self.cursor.execute(sql, params)
           ~~~~~~~~~~~~~~~~~~~^^^^^^^^^^^^^
  File "C:\Users\ASUS\Downloads\TRAINING PROJECT\TRAINING PROJECT\venv\Lib\site-packages\django\db\backends\sqlite3\base.py", line 359, in execute
    return super().execute(query, params)
           ~~~~~~~~~~~~~~~^^^^^^^^^^^^^^^
django.db.utils.IntegrityError: NOT NULL constraint failed: registrations_studentapplication.is_archived
Internal Server Error: /api/auto-save/
Traceback (most recent call last):
  File "C:\Users\ASUS\Downloads\TRAINING PROJECT\TRAINING PROJECT\venv\Lib\site-packages\django\db\backends\utils.py", line 105, in _execute
    return self.cursor.execute(sql, params)
           ~~~~~~~~~~~~~~~~~~~^^^^^^^^^^^^^
  File "C:\Users\ASUS\Downloads\TRAINING PROJECT\TRAINING PROJECT\venv\Lib\site-packages\django\db\backends\sqlite3\base.py", line 359, in execute
    return super().execute(query, params)
           ~~~~~~~~~~~~~~~^^^^^^^^^^^^^^^
sqlite3.IntegrityError: NOT NULL constraint failed: registrations_studentapplication.is_archived

The above exception was the direct cause of the following exception:

Traceback (most recent call last):
  File "C:\Users\ASUS\Downloads\TRAINING PROJECT\TRAINING PROJECT\venv\Lib\site-packages\django\core\handlers\exception.py", line 55, in inner
    response = get_response(request)
  File "C:\Users\ASUS\Downloads\TRAINING PROJECT\TRAINING PROJECT\venv\Lib\site-packages\django\core\handlers\base.py", line 198, in _get_response
    response = wrapped_callback(request, *callback_args, **callback_kwargs)
  File "C:\Users\ASUS\Downloads\TRAINING PROJECT\TRAINING PROJECT\registrations\views.py", line 958, in auto_save_field
    app.save()
    ~~~~~~~~^^
  File "C:\Users\ASUS\Downloads\TRAINING PROJECT\TRAINING PROJECT\venv\Lib\site-packages\django\db\models\base.py", line 874, in save
    self.save_base(
    ~~~~~~~~~~~~~~^
        using=using,
        ^^^^^^^^^^^^
    ...<2 lines>...
        update_fields=update_fields,
        ^^^^^^^^^^^^^^^^^^^^^^^^^^^^
    )
    ^
  File "C:\Users\ASUS\Downloads\TRAINING PROJECT\TRAINING PROJECT\venv\Lib\site-packages\django\db\models\base.py", line 966, in save_base
    updated = self._save_table(
        raw,
    ...<4 lines>...
        update_fields,
    )
  File "C:\Users\ASUS\Downloads\TRAINING PROJECT\TRAINING PROJECT\venv\Lib\site-packages\django\db\models\base.py", line 1169, in _save_table
    results = self._do_insert(
        cls._base_manager, using, insert_fields, returning_fields, raw
    )
  File "C:\Users\ASUS\Downloads\TRAINING PROJECT\TRAINING PROJECT\venv\Lib\site-packages\django\db\models\base.py", line 1220, in _do_insert
    return manager._insert(
           ~~~~~~~~~~~~~~~^
        [self],
        ^^^^^^^
    ...<3 lines>...
        raw=raw,
        ^^^^^^^^
    )
    ^
  File "C:\Users\ASUS\Downloads\TRAINING PROJECT\TRAINING PROJECT\venv\Lib\site-packages\django\db\models\manager.py", line 87, in manager_method
    return getattr(self.get_queryset(), name)(*args, **kwargs)
           ~~~~~~~~~~~~~~~~~~~~~~~~~~~~~~~~~~^^^^^^^^^^^^^^^^^
  File "C:\Users\ASUS\Downloads\TRAINING PROJECT\TRAINING PROJECT\venv\Lib\site-packages\django\db\models\query.py", line 1918, in _insert
    return query.get_compiler(using=using).execute_sql(returning_fields)
           ~~~~~~~~~~~~~~~~~~~~~~~~~~~~~~~~~~~~~~~~~~~^^^^^^^^^^^^^^^^^^
  File "C:\Users\ASUS\Downloads\TRAINING PROJECT\TRAINING PROJECT\venv\Lib\site-packages\django\db\models\sql\compiler.py", line 1925, in execute_sql
    cursor.execute(sql, params)
    ~~~~~~~~~~~~~~^^^^^^^^^^^^^
  File "C:\Users\ASUS\Downloads\TRAINING PROJECT\TRAINING PROJECT\venv\Lib\site-packages\django\db\backends\utils.py", line 122, in execute
    return super().execute(sql, params)
           ~~~~~~~~~~~~~~~^^^^^^^^^^^^^
  File "C:\Users\ASUS\Downloads\TRAINING PROJECT\TRAINING PROJECT\venv\Lib\site-packages\django\db\backends\utils.py", line 79, in execute
    return self._execute_with_wrappers(
           ~~~~~~~~~~~~~~~~~~~~~~~~~~~^
        sql, params, many=False, executor=self._execute
        ^^^^^^^^^^^^^^^^^^^^^^^^^^^^^^^^^^^^^^^^^^^^^^^
    )
    ^
  File "C:\Users\ASUS\Downloads\TRAINING PROJECT\TRAINING PROJECT\venv\Lib\site-packages\django\db\backends\utils.py", line 92, in _execute_with_wrappers
    return executor(sql, params, many, context)
  File "C:\Users\ASUS\Downloads\TRAINING PROJECT\TRAINING PROJECT\venv\Lib\site-packages\django\db\backends\utils.py", line 100, in _execute
    with self.db.wrap_database_errors:
         ^^^^^^^^^^^^^^^^^^^^^^^^^^^^
  File "C:\Users\ASUS\Downloads\TRAINING PROJECT\TRAINING PROJECT\venv\Lib\site-packages\django\db\utils.py", line 94, in __exit__
    raise dj_exc_value.with_traceback(traceback) from exc_value
  File "C:\Users\ASUS\Downloads\TRAINING PROJECT\TRAINING PROJECT\venv\Lib\site-packages\django\db\backends\utils.py", line 105, in _execute
    return self.cursor.execute(sql, params)
           ~~~~~~~~~~~~~~~~~~~^^^^^^^^^^^^^
  File "C:\Users\ASUS\Downloads\TRAINING PROJECT\TRAINING PROJECT\venv\Lib\site-packages\django\db\backends\sqlite3\base.py", line 359, in execute
    return super().execute(query, params)
           ~~~~~~~~~~~~~~~^^^^^^^^^^^^^^^
django.db.utils.IntegrityError: NOT NULL constraint failed: registrations_studentapplication.is_archived
Internal Server Error: /api/auto-save/
Traceback (most recent call last):
  File "C:\Users\ASUS\Downloads\TRAINING PROJECT\TRAINING PROJECT\venv\Lib\site-packages\django\db\backends\utils.py", line 105, in _execute
    return self.cursor.execute(sql, params)
           ~~~~~~~~~~~~~~~~~~~^^^^^^^^^^^^^
  File "C:\Users\ASUS\Downloads\TRAINING PROJECT\TRAINING PROJECT\venv\Lib\site-packages\django\db\backends\sqlite3\base.py", line 359, in execute
    return super().execute(query, params)
           ~~~~~~~~~~~~~~~^^^^^^^^^^^^^^^
sqlite3.IntegrityError: NOT NULL constraint failed: registrations_studentapplication.is_archived

The above exception was the direct cause of the following exception:

Traceback (most recent call last):
  File "C:\Users\ASUS\Downloads\TRAINING PROJECT\TRAINING PROJECT\venv\Lib\site-packages\django\core\handlers\exception.py", line 55, in inner
    response = get_response(request)
  File "C:\Users\ASUS\Downloads\TRAINING PROJECT\TRAINING PROJECT\venv\Lib\site-packages\django\core\handlers\base.py", line 198, in _get_response
    response = wrapped_callback(request, *callback_args, **callback_kwargs)
  File "C:\Users\ASUS\Downloads\TRAINING PROJECT\TRAINING PROJECT\registrations\views.py", line 958, in auto_save_field
    app.save()
    ~~~~~~~~^^
  File "C:\Users\ASUS\Downloads\TRAINING PROJECT\TRAINING PROJECT\venv\Lib\site-packages\django\db\models\base.py", line 874, in save
    self.save_base(
    ~~~~~~~~~~~~~~^
        using=using,
        ^^^^^^^^^^^^
    ...<2 lines>...
        update_fields=update_fields,
        ^^^^^^^^^^^^^^^^^^^^^^^^^^^^
    )
    ^
  File "C:\Users\ASUS\Downloads\TRAINING PROJECT\TRAINING PROJECT\venv\Lib\site-packages\django\db\models\base.py", line 966, in save_base
    updated = self._save_table(
        raw,
    ...<4 lines>...
        update_fields,
    )
  File "C:\Users\ASUS\Downloads\TRAINING PROJECT\TRAINING PROJECT\venv\Lib\site-packages\django\db\models\base.py", line 1169, in _save_table
    results = self._do_insert(
        cls._base_manager, using, insert_fields, returning_fields, raw
    )
  File "C:\Users\ASUS\Downloads\TRAINING PROJECT\TRAINING PROJECT\venv\Lib\site-packages\django\db\models\base.py", line 1220, in _do_insert
    return manager._insert(
           ~~~~~~~~~~~~~~~^
        [self],
        ^^^^^^^
    ...<3 lines>...
        raw=raw,
        ^^^^^^^^
    )
    ^
  File "C:\Users\ASUS\Downloads\TRAINING PROJECT\TRAINING PROJECT\venv\Lib\site-packages\django\db\models\manager.py", line 87, in manager_method
    return getattr(self.get_queryset(), name)(*args, **kwargs)
           ~~~~~~~~~~~~~~~~~~~~~~~~~~~~~~~~~~^^^^^^^^^^^^^^^^^
  File "C:\Users\ASUS\Downloads\TRAINING PROJECT\TRAINING PROJECT\venv\Lib\site-packages\django\db\models\query.py", line 1918, in _insert
    return query.get_compiler(using=using).execute_sql(returning_fields)
           ~~~~~~~~~~~~~~~~~~~~~~~~~~~~~~~~~~~~~~~~~~~^^^^^^^^^^^^^^^^^^
  File "C:\Users\ASUS\Downloads\TRAINING PROJECT\TRAINING PROJECT\venv\Lib\site-packages\django\db\models\sql\compiler.py", line 1925, in execute_sql
    cursor.execute(sql, params)
    ~~~~~~~~~~~~~~^^^^^^^^^^^^^
  File "C:\Users\ASUS\Downloads\TRAINING PROJECT\TRAINING PROJECT\venv\Lib\site-packages\django\db\backends\utils.py", line 122, in execute
    return super().execute(sql, params)
           ~~~~~~~~~~~~~~~^^^^^^^^^^^^^
  File "C:\Users\ASUS\Downloads\TRAINING PROJECT\TRAINING PROJECT\venv\Lib\site-packages\django\db\backends\utils.py", line 79, in execute
    return self._execute_with_wrappers(
           ~~~~~~~~~~~~~~~~~~~~~~~~~~~^
        sql, params, many=False, executor=self._execute
        ^^^^^^^^^^^^^^^^^^^^^^^^^^^^^^^^^^^^^^^^^^^^^^^
    )
    ^
  File "C:\Users\ASUS\Downloads\TRAINING PROJECT\TRAINING PROJECT\venv\Lib\site-packages\django\db\backends\utils.py", line 92, in _execute_with_wrappers
    return executor(sql, params, many, context)
  File "C:\Users\ASUS\Downloads\TRAINING PROJECT\TRAINING PROJECT\venv\Lib\site-packages\django\db\backends\utils.py", line 100, in _execute
    with self.db.wrap_database_errors:
         ^^^^^^^^^^^^^^^^^^^^^^^^^^^^
  File "C:\Users\ASUS\Downloads\TRAINING PROJECT\TRAINING PROJECT\venv\Lib\site-packages\django\db\utils.py", line 94, in __exit__
    raise dj_exc_value.with_traceback(traceback) from exc_value
  File "C:\Users\ASUS\Downloads\TRAINING PROJECT\TRAINING PROJECT\venv\Lib\site-packages\django\db\backends\utils.py", line 105, in _execute
    return self.cursor.execute(sql, params)
           ~~~~~~~~~~~~~~~~~~~^^^^^^^^^^^^^
  File "C:\Users\ASUS\Downloads\TRAINING PROJECT\TRAINING PROJECT\venv\Lib\site-packages\django\db\backends\sqlite3\base.py", line 359, in execute
    return super().execute(query, params)
           ~~~~~~~~~~~~~~~^^^^^^^^^^^^^^^
django.db.utils.IntegrityError: NOT NULL constraint failed: registrations_studentapplication.is_archived
Internal Server Error: /api/auto-save/
Traceback (most recent call last):
  File "C:\Users\ASUS\Downloads\TRAINING PROJECT\TRAINING PROJECT\venv\Lib\site-packages\django\db\backends\utils.py", line 105, in _execute
    return self.cursor.execute(sql, params)
           ~~~~~~~~~~~~~~~~~~~^^^^^^^^^^^^^
  File "C:\Users\ASUS\Downloads\TRAINING PROJECT\TRAINING PROJECT\venv\Lib\site-packages\django\db\backends\sqlite3\base.py", line 359, in execute
    return super().execute(query, params)
           ~~~~~~~~~~~~~~~^^^^^^^^^^^^^^^
sqlite3.IntegrityError: NOT NULL constraint failed: registrations_studentapplication.is_archived

The above exception was the direct cause of the following exception:

Traceback (most recent call last):
  File "C:\Users\ASUS\Downloads\TRAINING PROJECT\TRAINING PROJECT\venv\Lib\site-packages\django\core\handlers\exception.py", line 55, in inner
    response = get_response(request)
  File "C:\Users\ASUS\Downloads\TRAINING PROJECT\TRAINING PROJECT\venv\Lib\site-packages\django\core\handlers\base.py", line 198, in _get_response
    response = wrapped_callback(request, *callback_args, **callback_kwargs)
  File "C:\Users\ASUS\Downloads\TRAINING PROJECT\TRAINING PROJECT\registrations\views.py", line 958, in auto_save_field
    app.save()
    ~~~~~~~~^^
  File "C:\Users\ASUS\Downloads\TRAINING PROJECT\TRAINING PROJECT\venv\Lib\site-packages\django\db\models\base.py", line 874, in save
    self.save_base(
    ~~~~~~~~~~~~~~^
        using=using,
        ^^^^^^^^^^^^
    ...<2 lines>...
        update_fields=update_fields,
        ^^^^^^^^^^^^^^^^^^^^^^^^^^^^
    )
    ^
  File "C:\Users\ASUS\Downloads\TRAINING PROJECT\TRAINING PROJECT\venv\Lib\site-packages\django\db\models\base.py", line 966, in save_base
    updated = self._save_table(
        raw,
    ...<4 lines>...
        update_fields,
    )
  File "C:\Users\ASUS\Downloads\TRAINING PROJECT\TRAINING PROJECT\venv\Lib\site-packages\django\db\models\base.py", line 1169, in _save_table
    results = self._do_insert(
        cls._base_manager, using, insert_fields, returning_fields, raw
    )
  File "C:\Users\ASUS\Downloads\TRAINING PROJECT\TRAINING PROJECT\venv\Lib\site-packages\django\db\models\base.py", line 1220, in _do_insert
    return manager._insert(
           ~~~~~~~~~~~~~~~^
        [self],
        ^^^^^^^
    ...<3 lines>...
        raw=raw,
        ^^^^^^^^
    )
    ^
  File "C:\Users\ASUS\Downloads\TRAINING PROJECT\TRAINING PROJECT\venv\Lib\site-packages\django\db\models\manager.py", line 87, in manager_method
    return getattr(self.get_queryset(), name)(*args, **kwargs)
           ~~~~~~~~~~~~~~~~~~~~~~~~~~~~~~~~~~^^^^^^^^^^^^^^^^^
  File "C:\Users\ASUS\Downloads\TRAINING PROJECT\TRAINING PROJECT\venv\Lib\site-packages\django\db\models\query.py", line 1918, in _insert
    return query.get_compiler(using=using).execute_sql(returning_fields)
           ~~~~~~~~~~~~~~~~~~~~~~~~~~~~~~~~~~~~~~~~~~~^^^^^^^^^^^^^^^^^^
  File "C:\Users\ASUS\Downloads\TRAINING PROJECT\TRAINING PROJECT\venv\Lib\site-packages\django\db\models\sql\compiler.py", line 1925, in execute_sql
    cursor.execute(sql, params)
    ~~~~~~~~~~~~~~^^^^^^^^^^^^^
  File "C:\Users\ASUS\Downloads\TRAINING PROJECT\TRAINING PROJECT\venv\Lib\site-packages\django\db\backends\utils.py", line 122, in execute
    return super().execute(sql, params)
           ~~~~~~~~~~~~~~~^^^^^^^^^^^^^
  File "C:\Users\ASUS\Downloads\TRAINING PROJECT\TRAINING PROJECT\venv\Lib\site-packages\django\db\backends\utils.py", line 79, in execute
    return self._execute_with_wrappers(
           ~~~~~~~~~~~~~~~~~~~~~~~~~~~^
        sql, params, many=False, executor=self._execute
        ^^^^^^^^^^^^^^^^^^^^^^^^^^^^^^^^^^^^^^^^^^^^^^^
    )
    ^
  File "C:\Users\ASUS\Downloads\TRAINING PROJECT\TRAINING PROJECT\venv\Lib\site-packages\django\db\backends\utils.py", line 92, in _execute_with_wrappers
    return executor(sql, params, many, context)
  File "C:\Users\ASUS\Downloads\TRAINING PROJECT\TRAINING PROJECT\venv\Lib\site-packages\django\db\backends\utils.py", line 100, in _execute
    with self.db.wrap_database_errors:
         ^^^^^^^^^^^^^^^^^^^^^^^^^^^^
  File "C:\Users\ASUS\Downloads\TRAINING PROJECT\TRAINING PROJECT\venv\Lib\site-packages\django\db\utils.py", line 94, in __exit__
    raise dj_exc_value.with_traceback(traceback) from exc_value
  File "C:\Users\ASUS\Downloads\TRAINING PROJECT\TRAINING PROJECT\venv\Lib\site-packages\django\db\backends\utils.py", line 105, in _execute
    return self.cursor.execute(sql, params)
           ~~~~~~~~~~~~~~~~~~~^^^^^^^^^^^^^
  File "C:\Users\ASUS\Downloads\TRAINING PROJECT\TRAINING PROJECT\venv\Lib\site-packages\django\db\backends\sqlite3\base.py", line 359, in execute
    return super().execute(query, params)
           ~~~~~~~~~~~~~~~^^^^^^^^^^^^^^^
django.db.utils.IntegrityError: NOT NULL constraint failed: registrations_studentapplication.is_archived
Internal Server Error: /api/auto-save/
Traceback (most recent call last):
  File "C:\Users\ASUS\Downloads\TRAINING PROJECT\TRAINING PROJECT\venv\Lib\site-packages\django\db\backends\utils.py", line 105, in _execute
    return self.cursor.execute(sql, params)
           ~~~~~~~~~~~~~~~~~~~^^^^^^^^^^^^^
  File "C:\Users\ASUS\Downloads\TRAINING PROJECT\TRAINING PROJECT\venv\Lib\site-packages\django\db\backends\sqlite3\base.py", line 359, in execute
    return super().execute(query, params)
           ~~~~~~~~~~~~~~~^^^^^^^^^^^^^^^
sqlite3.IntegrityError: NOT NULL constraint failed: registrations_studentapplication.is_archived

The above exception was the direct cause of the following exception:

Traceback (most recent call last):
  File "C:\Users\ASUS\Downloads\TRAINING PROJECT\TRAINING PROJECT\venv\Lib\site-packages\django\core\handlers\exception.py", line 55, in inner
    response = get_response(request)
  File "C:\Users\ASUS\Downloads\TRAINING PROJECT\TRAINING PROJECT\venv\Lib\site-packages\django\core\handlers\base.py", line 198, in _get_response
    response = wrapped_callback(request, *callback_args, **callback_kwargs)
  File "C:\Users\ASUS\Downloads\TRAINING PROJECT\TRAINING PROJECT\registrations\views.py", line 958, in auto_save_field
    app.save()
    ~~~~~~~~^^
  File "C:\Users\ASUS\Downloads\TRAINING PROJECT\TRAINING PROJECT\venv\Lib\site-packages\django\db\models\base.py", line 874, in save
    self.save_base(
    ~~~~~~~~~~~~~~^
        using=using,
        ^^^^^^^^^^^^
    ...<2 lines>...
        update_fields=update_fields,
        ^^^^^^^^^^^^^^^^^^^^^^^^^^^^
    )
    ^
  File "C:\Users\ASUS\Downloads\TRAINING PROJECT\TRAINING PROJECT\venv\Lib\site-packages\django\db\models\base.py", line 966, in save_base
    updated = self._save_table(
        raw,
    ...<4 lines>...
        update_fields,
    )
  File "C:\Users\ASUS\Downloads\TRAINING PROJECT\TRAINING PROJECT\venv\Lib\site-packages\django\db\models\base.py", line 1169, in _save_table
    results = self._do_insert(
        cls._base_manager, using, insert_fields, returning_fields, raw
    )
  File "C:\Users\ASUS\Downloads\TRAINING PROJECT\TRAINING PROJECT\venv\Lib\site-packages\django\db\models\base.py", line 1220, in _do_insert
    return manager._insert(
           ~~~~~~~~~~~~~~~^
        [self],
        ^^^^^^^
    ...<3 lines>...
        raw=raw,
        ^^^^^^^^
    )
    ^
  File "C:\Users\ASUS\Downloads\TRAINING PROJECT\TRAINING PROJECT\venv\Lib\site-packages\django\db\models\manager.py", line 87, in manager_method
    return getattr(self.get_queryset(), name)(*args, **kwargs)
           ~~~~~~~~~~~~~~~~~~~~~~~~~~~~~~~~~~^^^^^^^^^^^^^^^^^
  File "C:\Users\ASUS\Downloads\TRAINING PROJECT\TRAINING PROJECT\venv\Lib\site-packages\django\db\models\query.py", line 1918, in _insert
    return query.get_compiler(using=using).execute_sql(returning_fields)
           ~~~~~~~~~~~~~~~~~~~~~~~~~~~~~~~~~~~~~~~~~~~^^^^^^^^^^^^^^^^^^
  File "C:\Users\ASUS\Downloads\TRAINING PROJECT\TRAINING PROJECT\venv\Lib\site-packages\django\db\models\sql\compiler.py", line 1925, in execute_sql
    cursor.execute(sql, params)
    ~~~~~~~~~~~~~~^^^^^^^^^^^^^
  File "C:\Users\ASUS\Downloads\TRAINING PROJECT\TRAINING PROJECT\venv\Lib\site-packages\django\db\backends\utils.py", line 122, in execute
    return super().execute(sql, params)
           ~~~~~~~~~~~~~~~^^^^^^^^^^^^^
  File "C:\Users\ASUS\Downloads\TRAINING PROJECT\TRAINING PROJECT\venv\Lib\site-packages\django\db\backends\utils.py", line 79, in execute
    return self._execute_with_wrappers(
           ~~~~~~~~~~~~~~~~~~~~~~~~~~~^
        sql, params, many=False, executor=self._execute
        ^^^^^^^^^^^^^^^^^^^^^^^^^^^^^^^^^^^^^^^^^^^^^^^
    )
    ^
  File "C:\Users\ASUS\Downloads\TRAINING PROJECT\TRAINING PROJECT\venv\Lib\site-packages\django\db\backends\utils.py", line 92, in _execute_with_wrappers
    return executor(sql, params, many, context)
  File "C:\Users\ASUS\Downloads\TRAINING PROJECT\TRAINING PROJECT\venv\Lib\site-packages\django\db\backends\utils.py", line 100, in _execute
    with self.db.wrap_database_errors:
         ^^^^^^^^^^^^^^^^^^^^^^^^^^^^
  File "C:\Users\ASUS\Downloads\TRAINING PROJECT\TRAINING PROJECT\venv\Lib\site-packages\django\db\utils.py", line 94, in __exit__
    raise dj_exc_value.with_traceback(traceback) from exc_value
  File "C:\Users\ASUS\Downloads\TRAINING PROJECT\TRAINING PROJECT\venv\Lib\site-packages\django\db\backends\utils.py", line 105, in _execute
    return self.cursor.execute(sql, params)
           ~~~~~~~~~~~~~~~~~~~^^^^^^^^^^^^^
  File "C:\Users\ASUS\Downloads\TRAINING PROJECT\TRAINING PROJECT\venv\Lib\site-packages\django\db\backends\sqlite3\base.py", line 359, in execute
    return super().execute(query, params)
           ~~~~~~~~~~~~~~~^^^^^^^^^^^^^^^
django.db.utils.IntegrityError: NOT NULL constraint failed: registrations_studentapplication.is_archived
Internal Server Error: /api/auto-save/
Traceback (most recent call last):
  File "C:\Users\ASUS\Downloads\TRAINING PROJECT\TRAINING PROJECT\venv\Lib\site-packages\django\db\backends\utils.py", line 105, in _execute
    return self.cursor.execute(sql, params)
           ~~~~~~~~~~~~~~~~~~~^^^^^^^^^^^^^
  File "C:\Users\ASUS\Downloads\TRAINING PROJECT\TRAINING PROJECT\venv\Lib\site-packages\django\db\backends\sqlite3\base.py", line 359, in execute
    return super().execute(query, params)
           ~~~~~~~~~~~~~~~^^^^^^^^^^^^^^^
sqlite3.IntegrityError: NOT NULL constraint failed: registrations_studentapplication.is_archived

The above exception was the direct cause of the following exception:

Traceback (most recent call last):
  File "C:\Users\ASUS\Downloads\TRAINING PROJECT\TRAINING PROJECT\venv\Lib\site-packages\django\core\handlers\exception.py", line 55, in inner
    response = get_response(request)
  File "C:\Users\ASUS\Downloads\TRAINING PROJECT\TRAINING PROJECT\venv\Lib\site-packages\django\core\handlers\base.py", line 198, in _get_response
    response = wrapped_callback(request, *callback_args, **callback_kwargs)
  File "C:\Users\ASUS\Downloads\TRAINING PROJECT\TRAINING PROJECT\registrations\views.py", line 958, in auto_save_field
    app.save()
    ~~~~~~~~^^
  File "C:\Users\ASUS\Downloads\TRAINING PROJECT\TRAINING PROJECT\venv\Lib\site-packages\django\db\models\base.py", line 874, in save
    self.save_base(
    ~~~~~~~~~~~~~~^
        using=using,
        ^^^^^^^^^^^^
    ...<2 lines>...
        update_fields=update_fields,
        ^^^^^^^^^^^^^^^^^^^^^^^^^^^^
    )
    ^
  File "C:\Users\ASUS\Downloads\TRAINING PROJECT\TRAINING PROJECT\venv\Lib\site-packages\django\db\models\base.py", line 966, in save_base
    updated = self._save_table(
        raw,
    ...<4 lines>...
        update_fields,
    )
  File "C:\Users\ASUS\Downloads\TRAINING PROJECT\TRAINING PROJECT\venv\Lib\site-packages\django\db\models\base.py", line 1169, in _save_table
    results = self._do_insert(
        cls._base_manager, using, insert_fields, returning_fields, raw
    )
  File "C:\Users\ASUS\Downloads\TRAINING PROJECT\TRAINING PROJECT\venv\Lib\site-packages\django\db\models\base.py", line 1220, in _do_insert
    return manager._insert(
           ~~~~~~~~~~~~~~~^
        [self],
        ^^^^^^^
    ...<3 lines>...
        raw=raw,
        ^^^^^^^^
    )
    ^
  File "C:\Users\ASUS\Downloads\TRAINING PROJECT\TRAINING PROJECT\venv\Lib\site-packages\django\db\models\manager.py", line 87, in manager_method
    return getattr(self.get_queryset(), name)(*args, **kwargs)
           ~~~~~~~~~~~~~~~~~~~~~~~~~~~~~~~~~~^^^^^^^^^^^^^^^^^
  File "C:\Users\ASUS\Downloads\TRAINING PROJECT\TRAINING PROJECT\venv\Lib\site-packages\django\db\models\query.py", line 1918, in _insert
    return query.get_compiler(using=using).execute_sql(returning_fields)
           ~~~~~~~~~~~~~~~~~~~~~~~~~~~~~~~~~~~~~~~~~~~^^^^^^^^^^^^^^^^^^
  File "C:\Users\ASUS\Downloads\TRAINING PROJECT\TRAINING PROJECT\venv\Lib\site-packages\django\db\models\sql\compiler.py", line 1925, in execute_sql
    cursor.execute(sql, params)
    ~~~~~~~~~~~~~~^^^^^^^^^^^^^
  File "C:\Users\ASUS\Downloads\TRAINING PROJECT\TRAINING PROJECT\venv\Lib\site-packages\django\db\backends\utils.py", line 122, in execute
    return super().execute(sql, params)
           ~~~~~~~~~~~~~~~^^^^^^^^^^^^^
  File "C:\Users\ASUS\Downloads\TRAINING PROJECT\TRAINING PROJECT\venv\Lib\site-packages\django\db\backends\utils.py", line 79, in execute
    return self._execute_with_wrappers(
           ~~~~~~~~~~~~~~~~~~~~~~~~~~~^
        sql, params, many=False, executor=self._execute
        ^^^^^^^^^^^^^^^^^^^^^^^^^^^^^^^^^^^^^^^^^^^^^^^
    )
    ^
  File "C:\Users\ASUS\Downloads\TRAINING PROJECT\TRAINING PROJECT\venv\Lib\site-packages\django\db\backends\utils.py", line 92, in _execute_with_wrappers
    return executor(sql, params, many, context)
  File "C:\Users\ASUS\Downloads\TRAINING PROJECT\TRAINING PROJECT\venv\Lib\site-packages\django\db\backends\utils.py", line 100, in _execute
    with self.db.wrap_database_errors:
         ^^^^^^^^^^^^^^^^^^^^^^^^^^^^
  File "C:\Users\ASUS\Downloads\TRAINING PROJECT\TRAINING PROJECT\venv\Lib\site-packages\django\db\utils.py", line 94, in __exit__
    raise dj_exc_value.with_traceback(traceback) from exc_value
  File "C:\Users\ASUS\Downloads\TRAINING PROJECT\TRAINING PROJECT\venv\Lib\site-packages\django\db\backends\utils.py", line 105, in _execute
    return self.cursor.execute(sql, params)
           ~~~~~~~~~~~~~~~~~~~^^^^^^^^^^^^^
  File "C:\Users\ASUS\Downloads\TRAINING PROJECT\TRAINING PROJECT\venv\Lib\site-packages\django\db\backends\sqlite3\base.py", line 359, in execute
    return super().execute(query, params)
           ~~~~~~~~~~~~~~~^^^^^^^^^^^^^^^
django.db.utils.IntegrityError: NOT NULL constraint failed: registrations_studentapplication.is_archived
Internal Server Error: /api/auto-save/
Traceback (most recent call last):
  File "C:\Users\ASUS\Downloads\TRAINING PROJECT\TRAINING PROJECT\venv\Lib\site-packages\django\db\backends\utils.py", line 105, in _execute
    return self.cursor.execute(sql, params)
           ~~~~~~~~~~~~~~~~~~~^^^^^^^^^^^^^
  File "C:\Users\ASUS\Downloads\TRAINING PROJECT\TRAINING PROJECT\venv\Lib\site-packages\django\db\backends\sqlite3\base.py", line 359, in execute
    return super().execute(query, params)
           ~~~~~~~~~~~~~~~^^^^^^^^^^^^^^^
sqlite3.IntegrityError: NOT NULL constraint failed: registrations_studentapplication.is_archived

The above exception was the direct cause of the following exception:

Traceback (most recent call last):
  File "C:\Users\ASUS\Downloads\TRAINING PROJECT\TRAINING PROJECT\venv\Lib\site-packages\django\core\handlers\exception.py", line 55, in inner
    response = get_response(request)
  File "C:\Users\ASUS\Downloads\TRAINING PROJECT\TRAINING PROJECT\venv\Lib\site-packages\django\core\handlers\base.py", line 198, in _get_response
    response = wrapped_callback(request, *callback_args, **callback_kwargs)
  File "C:\Users\ASUS\Downloads\TRAINING PROJECT\TRAINING PROJECT\registrations\views.py", line 958, in auto_save_field
    app.save()
    ~~~~~~~~^^
  File "C:\Users\ASUS\Downloads\TRAINING PROJECT\TRAINING PROJECT\venv\Lib\site-packages\django\db\models\base.py", line 874, in save
    self.save_base(
    ~~~~~~~~~~~~~~^
        using=using,
        ^^^^^^^^^^^^
    ...<2 lines>...
        update_fields=update_fields,
        ^^^^^^^^^^^^^^^^^^^^^^^^^^^^
    )
    ^
  File "C:\Users\ASUS\Downloads\TRAINING PROJECT\TRAINING PROJECT\venv\Lib\site-packages\django\db\models\base.py", line 966, in save_base
    updated = self._save_table(
        raw,
    ...<4 lines>...
        update_fields,
    )
  File "C:\Users\ASUS\Downloads\TRAINING PROJECT\TRAINING PROJECT\venv\Lib\site-packages\django\db\models\base.py", line 1169, in _save_table
    results = self._do_insert(
        cls._base_manager, using, insert_fields, returning_fields, raw
    )
  File "C:\Users\ASUS\Downloads\TRAINING PROJECT\TRAINING PROJECT\venv\Lib\site-packages\django\db\models\base.py", line 1220, in _do_insert
    return manager._insert(
           ~~~~~~~~~~~~~~~^
        [self],
        ^^^^^^^
    ...<3 lines>...
        raw=raw,
        ^^^^^^^^
    )
    ^
  File "C:\Users\ASUS\Downloads\TRAINING PROJECT\TRAINING PROJECT\venv\Lib\site-packages\django\db\models\manager.py", line 87, in manager_method
    return getattr(self.get_queryset(), name)(*args, **kwargs)
           ~~~~~~~~~~~~~~~~~~~~~~~~~~~~~~~~~~^^^^^^^^^^^^^^^^^
  File "C:\Users\ASUS\Downloads\TRAINING PROJECT\TRAINING PROJECT\venv\Lib\site-packages\django\db\models\query.py", line 1918, in _insert
    return query.get_compiler(using=using).execute_sql(returning_fields)
           ~~~~~~~~~~~~~~~~~~~~~~~~~~~~~~~~~~~~~~~~~~~^^^^^^^^^^^^^^^^^^
  File "C:\Users\ASUS\Downloads\TRAINING PROJECT\TRAINING PROJECT\venv\Lib\site-packages\django\db\models\sql\compiler.py", line 1925, in execute_sql
    cursor.execute(sql, params)
    ~~~~~~~~~~~~~~^^^^^^^^^^^^^
  File "C:\Users\ASUS\Downloads\TRAINING PROJECT\TRAINING PROJECT\venv\Lib\site-packages\django\db\backends\utils.py", line 122, in execute
    return super().execute(sql, params)
           ~~~~~~~~~~~~~~~^^^^^^^^^^^^^
  File "C:\Users\ASUS\Downloads\TRAINING PROJECT\TRAINING PROJECT\venv\Lib\site-packages\django\db\backends\utils.py", line 79, in execute
    return self._execute_with_wrappers(
           ~~~~~~~~~~~~~~~~~~~~~~~~~~~^
        sql, params, many=False, executor=self._execute
        ^^^^^^^^^^^^^^^^^^^^^^^^^^^^^^^^^^^^^^^^^^^^^^^
    )
    ^
  File "C:\Users\ASUS\Downloads\TRAINING PROJECT\TRAINING PROJECT\venv\Lib\site-packages\django\db\backends\utils.py", line 92, in _execute_with_wrappers
    return executor(sql, params, many, context)
  File "C:\Users\ASUS\Downloads\TRAINING PROJECT\TRAINING PROJECT\venv\Lib\site-packages\django\db\backends\utils.py", line 100, in _execute
    with self.db.wrap_database_errors:
         ^^^^^^^^^^^^^^^^^^^^^^^^^^^^
  File "C:\Users\ASUS\Downloads\TRAINING PROJECT\TRAINING PROJECT\venv\Lib\site-packages\django\db\utils.py", line 94, in __exit__
    raise dj_exc_value.with_traceback(traceback) from exc_value
  File "C:\Users\ASUS\Downloads\TRAINING PROJECT\TRAINING PROJECT\venv\Lib\site-packages\django\db\backends\utils.py", line 105, in _execute
    return self.cursor.execute(sql, params)
           ~~~~~~~~~~~~~~~~~~~^^^^^^^^^^^^^
  File "C:\Users\ASUS\Downloads\TRAINING PROJECT\TRAINING PROJECT\venv\Lib\site-packages\django\db\backends\sqlite3\base.py", line 359, in execute
    return super().execute(query, params)
           ~~~~~~~~~~~~~~~^^^^^^^^^^^^^^^
django.db.utils.IntegrityError: NOT NULL constraint failed: registrations_studentapplication.is_archived
Internal Server Error: /api/auto-save/
Traceback (most recent call last):
  File "C:\Users\ASUS\Downloads\TRAINING PROJECT\TRAINING PROJECT\venv\Lib\site-packages\django\db\backends\utils.py", line 105, in _execute
    return self.cursor.execute(sql, params)
           ~~~~~~~~~~~~~~~~~~~^^^^^^^^^^^^^
  File "C:\Users\ASUS\Downloads\TRAINING PROJECT\TRAINING PROJECT\venv\Lib\site-packages\django\db\backends\sqlite3\base.py", line 359, in execute
    return super().execute(query, params)
           ~~~~~~~~~~~~~~~^^^^^^^^^^^^^^^
sqlite3.IntegrityError: NOT NULL constraint failed: registrations_studentapplication.is_archived

The above exception was the direct cause of the following exception:

Traceback (most recent call last):
  File "C:\Users\ASUS\Downloads\TRAINING PROJECT\TRAINING PROJECT\venv\Lib\site-packages\django\core\handlers\exception.py", line 55, in inner
    response = get_response(request)
  File "C:\Users\ASUS\Downloads\TRAINING PROJECT\TRAINING PROJECT\venv\Lib\site-packages\django\core\handlers\base.py", line 198, in _get_response
    response = wrapped_callback(request, *callback_args, **callback_kwargs)
  File "C:\Users\ASUS\Downloads\TRAINING PROJECT\TRAINING PROJECT\registrations\views.py", line 958, in auto_save_field
    app.save()
    ~~~~~~~~^^
  File "C:\Users\ASUS\Downloads\TRAINING PROJECT\TRAINING PROJECT\venv\Lib\site-packages\django\db\models\base.py", line 874, in save
    self.save_base(
    ~~~~~~~~~~~~~~^
        using=using,
        ^^^^^^^^^^^^
    ...<2 lines>...
        update_fields=update_fields,
        ^^^^^^^^^^^^^^^^^^^^^^^^^^^^
    )
    ^
  File "C:\Users\ASUS\Downloads\TRAINING PROJECT\TRAINING PROJECT\venv\Lib\site-packages\django\db\models\base.py", line 966, in save_base
    updated = self._save_table(
        raw,
    ...<4 lines>...
        update_fields,
    )
  File "C:\Users\ASUS\Downloads\TRAINING PROJECT\TRAINING PROJECT\venv\Lib\site-packages\django\db\models\base.py", line 1169, in _save_table
    results = self._do_insert(
        cls._base_manager, using, insert_fields, returning_fields, raw
    )
  File "C:\Users\ASUS\Downloads\TRAINING PROJECT\TRAINING PROJECT\venv\Lib\site-packages\django\db\models\base.py", line 1220, in _do_insert
    return manager._insert(
           ~~~~~~~~~~~~~~~^
        [self],
        ^^^^^^^
    ...<3 lines>...
        raw=raw,
        ^^^^^^^^
    )
    ^
  File "C:\Users\ASUS\Downloads\TRAINING PROJECT\TRAINING PROJECT\venv\Lib\site-packages\django\db\models\manager.py", line 87, in manager_method
    return getattr(self.get_queryset(), name)(*args, **kwargs)
           ~~~~~~~~~~~~~~~~~~~~~~~~~~~~~~~~~~^^^^^^^^^^^^^^^^^
  File "C:\Users\ASUS\Downloads\TRAINING PROJECT\TRAINING PROJECT\venv\Lib\site-packages\django\db\models\query.py", line 1918, in _insert
    return query.get_compiler(using=using).execute_sql(returning_fields)
           ~~~~~~~~~~~~~~~~~~~~~~~~~~~~~~~~~~~~~~~~~~~^^^^^^^^^^^^^^^^^^
  File "C:\Users\ASUS\Downloads\TRAINING PROJECT\TRAINING PROJECT\venv\Lib\site-packages\django\db\models\sql\compiler.py", line 1925, in execute_sql
    cursor.execute(sql, params)
    ~~~~~~~~~~~~~~^^^^^^^^^^^^^
  File "C:\Users\ASUS\Downloads\TRAINING PROJECT\TRAINING PROJECT\venv\Lib\site-packages\django\db\backends\utils.py", line 122, in execute
    return super().execute(sql, params)
           ~~~~~~~~~~~~~~~^^^^^^^^^^^^^
  File "C:\Users\ASUS\Downloads\TRAINING PROJECT\TRAINING PROJECT\venv\Lib\site-packages\django\db\backends\utils.py", line 79, in execute
    return self._execute_with_wrappers(
           ~~~~~~~~~~~~~~~~~~~~~~~~~~~^
        sql, params, many=False, executor=self._execute
        ^^^^^^^^^^^^^^^^^^^^^^^^^^^^^^^^^^^^^^^^^^^^^^^
    )
    ^
  File "C:\Users\ASUS\Downloads\TRAINING PROJECT\TRAINING PROJECT\venv\Lib\site-packages\django\db\backends\utils.py", line 92, in _execute_with_wrappers
    return executor(sql, params, many, context)
  File "C:\Users\ASUS\Downloads\TRAINING PROJECT\TRAINING PROJECT\venv\Lib\site-packages\django\db\backends\utils.py", line 100, in _execute
    with self.db.wrap_database_errors:
         ^^^^^^^^^^^^^^^^^^^^^^^^^^^^
  File "C:\Users\ASUS\Downloads\TRAINING PROJECT\TRAINING PROJECT\venv\Lib\site-packages\django\db\utils.py", line 94, in __exit__
    raise dj_exc_value.with_traceback(traceback) from exc_value
  File "C:\Users\ASUS\Downloads\TRAINING PROJECT\TRAINING PROJECT\venv\Lib\site-packages\django\db\backends\utils.py", line 105, in _execute
    return self.cursor.execute(sql, params)
           ~~~~~~~~~~~~~~~~~~~^^^^^^^^^^^^^
  File "C:\Users\ASUS\Downloads\TRAINING PROJECT\TRAINING PROJECT\venv\Lib\site-packages\django\db\backends\sqlite3\base.py", line 359, in execute
    return super().execute(query, params)
           ~~~~~~~~~~~~~~~^^^^^^^^^^^^^^^
django.db.utils.IntegrityError: NOT NULL constraint failed: registrations_studentapplication.is_archived
Internal Server Error: /api/auto-save/
Traceback (most recent call last):
  File "C:\Users\ASUS\Downloads\TRAINING PROJECT\TRAINING PROJECT\venv\Lib\site-packages\django\db\backends\utils.py", line 105, in _execute
    return self.cursor.execute(sql, params)
           ~~~~~~~~~~~~~~~~~~~^^^^^^^^^^^^^
  File "C:\Users\ASUS\Downloads\TRAINING PROJECT\TRAINING PROJECT\venv\Lib\site-packages\django\db\backends\sqlite3\base.py", line 359, in execute
    return super().execute(query, params)
           ~~~~~~~~~~~~~~~^^^^^^^^^^^^^^^
sqlite3.IntegrityError: NOT NULL constraint failed: registrations_studentapplication.is_archived

The above exception was the direct cause of the following exception:

Traceback (most recent call last):
  File "C:\Users\ASUS\Downloads\TRAINING PROJECT\TRAINING PROJECT\venv\Lib\site-packages\django\core\handlers\exception.py", line 55, in inner
    response = get_response(request)
  File "C:\Users\ASUS\Downloads\TRAINING PROJECT\TRAINING PROJECT\venv\Lib\site-packages\django\core\handlers\base.py", line 198, in _get_response
    response = wrapped_callback(request, *callback_args, **callback_kwargs)
  File "C:\Users\ASUS\Downloads\TRAINING PROJECT\TRAINING PROJECT\registrations\views.py", line 958, in auto_save_field
    app.save()
    ~~~~~~~~^^
  File "C:\Users\ASUS\Downloads\TRAINING PROJECT\TRAINING PROJECT\venv\Lib\site-packages\django\db\models\base.py", line 874, in save
    self.save_base(
    ~~~~~~~~~~~~~~^
        using=using,
        ^^^^^^^^^^^^
    ...<2 lines>...
        update_fields=update_fields,
        ^^^^^^^^^^^^^^^^^^^^^^^^^^^^
    )
    ^
  File "C:\Users\ASUS\Downloads\TRAINING PROJECT\TRAINING PROJECT\venv\Lib\site-packages\django\db\models\base.py", line 966, in save_base
    updated = self._save_table(
        raw,
    ...<4 lines>...
        update_fields,
    )
  File "C:\Users\ASUS\Downloads\TRAINING PROJECT\TRAINING PROJECT\venv\Lib\site-packages\django\db\models\base.py", line 1169, in _save_table
    results = self._do_insert(
        cls._base_manager, using, insert_fields, returning_fields, raw
    )
  File "C:\Users\ASUS\Downloads\TRAINING PROJECT\TRAINING PROJECT\venv\Lib\site-packages\django\db\models\base.py", line 1220, in _do_insert
    return manager._insert(
           ~~~~~~~~~~~~~~~^
        [self],
        ^^^^^^^
    ...<3 lines>...
        raw=raw,
        ^^^^^^^^
    )
    ^
  File "C:\Users\ASUS\Downloads\TRAINING PROJECT\TRAINING PROJECT\venv\Lib\site-packages\django\db\models\manager.py", line 87, in manager_method
    return getattr(self.get_queryset(), name)(*args, **kwargs)
           ~~~~~~~~~~~~~~~~~~~~~~~~~~~~~~~~~~^^^^^^^^^^^^^^^^^
  File "C:\Users\ASUS\Downloads\TRAINING PROJECT\TRAINING PROJECT\venv\Lib\site-packages\django\db\models\query.py", line 1918, in _insert
    return query.get_compiler(using=using).execute_sql(returning_fields)
           ~~~~~~~~~~~~~~~~~~~~~~~~~~~~~~~~~~~~~~~~~~~^^^^^^^^^^^^^^^^^^
  File "C:\Users\ASUS\Downloads\TRAINING PROJECT\TRAINING PROJECT\venv\Lib\site-packages\django\db\models\sql\compiler.py", line 1925, in execute_sql
    cursor.execute(sql, params)
    ~~~~~~~~~~~~~~^^^^^^^^^^^^^
  File "C:\Users\ASUS\Downloads\TRAINING PROJECT\TRAINING PROJECT\venv\Lib\site-packages\django\db\backends\utils.py", line 122, in execute
    return super().execute(sql, params)
           ~~~~~~~~~~~~~~~^^^^^^^^^^^^^
  File "C:\Users\ASUS\Downloads\TRAINING PROJECT\TRAINING PROJECT\venv\Lib\site-packages\django\db\backends\utils.py", line 79, in execute
    return self._execute_with_wrappers(
           ~~~~~~~~~~~~~~~~~~~~~~~~~~~^
        sql, params, many=False, executor=self._execute
        ^^^^^^^^^^^^^^^^^^^^^^^^^^^^^^^^^^^^^^^^^^^^^^^
    )
    ^
  File "C:\Users\ASUS\Downloads\TRAINING PROJECT\TRAINING PROJECT\venv\Lib\site-packages\django\db\backends\utils.py", line 92, in _execute_with_wrappers
    return executor(sql, params, many, context)
  File "C:\Users\ASUS\Downloads\TRAINING PROJECT\TRAINING PROJECT\venv\Lib\site-packages\django\db\backends\utils.py", line 100, in _execute
    with self.db.wrap_database_errors:
         ^^^^^^^^^^^^^^^^^^^^^^^^^^^^
  File "C:\Users\ASUS\Downloads\TRAINING PROJECT\TRAINING PROJECT\venv\Lib\site-packages\django\db\utils.py", line 94, in __exit__
    raise dj_exc_value.with_traceback(traceback) from exc_value
  File "C:\Users\ASUS\Downloads\TRAINING PROJECT\TRAINING PROJECT\venv\Lib\site-packages\django\db\backends\utils.py", line 105, in _execute
    return self.cursor.execute(sql, params)
           ~~~~~~~~~~~~~~~~~~~^^^^^^^^^^^^^
  File "C:\Users\ASUS\Downloads\TRAINING PROJECT\TRAINING PROJECT\venv\Lib\site-packages\django\db\backends\sqlite3\base.py", line 359, in execute
    return super().execute(query, params)
           ~~~~~~~~~~~~~~~^^^^^^^^^^^^^^^
django.db.utils.IntegrityError: NOT NULL constraint failed: registrations_studentapplication.is_archived
Internal Server Error: /api/auto-save/
Traceback (most recent call last):
  File "C:\Users\ASUS\Downloads\TRAINING PROJECT\TRAINING PROJECT\venv\Lib\site-packages\django\db\backends\utils.py", line 105, in _execute
    return self.cursor.execute(sql, params)
           ~~~~~~~~~~~~~~~~~~~^^^^^^^^^^^^^
  File "C:\Users\ASUS\Downloads\TRAINING PROJECT\TRAINING PROJECT\venv\Lib\site-packages\django\db\backends\sqlite3\base.py", line 359, in execute
    return super().execute(query, params)
           ~~~~~~~~~~~~~~~^^^^^^^^^^^^^^^
sqlite3.IntegrityError: NOT NULL constraint failed: registrations_studentapplication.is_archived

The above exception was the direct cause of the following exception:

Traceback (most recent call last):
  File "C:\Users\ASUS\Downloads\TRAINING PROJECT\TRAINING PROJECT\venv\Lib\site-packages\django\core\handlers\exception.py", line 55, in inner
    response = get_response(request)
  File "C:\Users\ASUS\Downloads\TRAINING PROJECT\TRAINING PROJECT\venv\Lib\site-packages\django\core\handlers\base.py", line 198, in _get_response
    response = wrapped_callback(request, *callback_args, **callback_kwargs)
  File "C:\Users\ASUS\Downloads\TRAINING PROJECT\TRAINING PROJECT\registrations\views.py", line 958, in auto_save_field
    app.save()
    ~~~~~~~~^^
  File "C:\Users\ASUS\Downloads\TRAINING PROJECT\TRAINING PROJECT\venv\Lib\site-packages\django\db\models\base.py", line 874, in save
    self.save_base(
    ~~~~~~~~~~~~~~^
        using=using,
        ^^^^^^^^^^^^
    ...<2 lines>...
        update_fields=update_fields,
        ^^^^^^^^^^^^^^^^^^^^^^^^^^^^
    )
    ^
  File "C:\Users\ASUS\Downloads\TRAINING PROJECT\TRAINING PROJECT\venv\Lib\site-packages\django\db\models\base.py", line 966, in save_base
    updated = self._save_table(
        raw,
    ...<4 lines>...
        update_fields,
    )
  File "C:\Users\ASUS\Downloads\TRAINING PROJECT\TRAINING PROJECT\venv\Lib\site-packages\django\db\models\base.py", line 1169, in _save_table
    results = self._do_insert(
        cls._base_manager, using, insert_fields, returning_fields, raw
    )
  File "C:\Users\ASUS\Downloads\TRAINING PROJECT\TRAINING PROJECT\venv\Lib\site-packages\django\db\models\base.py", line 1220, in _do_insert
    return manager._insert(
           ~~~~~~~~~~~~~~~^
        [self],
        ^^^^^^^
    ...<3 lines>...
        raw=raw,
        ^^^^^^^^
    )
    ^
  File "C:\Users\ASUS\Downloads\TRAINING PROJECT\TRAINING PROJECT\venv\Lib\site-packages\django\db\models\manager.py", line 87, in manager_method
    return getattr(self.get_queryset(), name)(*args, **kwargs)
           ~~~~~~~~~~~~~~~~~~~~~~~~~~~~~~~~~~^^^^^^^^^^^^^^^^^
  File "C:\Users\ASUS\Downloads\TRAINING PROJECT\TRAINING PROJECT\venv\Lib\site-packages\django\db\models\query.py", line 1918, in _insert
    return query.get_compiler(using=using).execute_sql(returning_fields)
           ~~~~~~~~~~~~~~~~~~~~~~~~~~~~~~~~~~~~~~~~~~~^^^^^^^^^^^^^^^^^^
  File "C:\Users\ASUS\Downloads\TRAINING PROJECT\TRAINING PROJECT\venv\Lib\site-packages\django\db\models\sql\compiler.py", line 1925, in execute_sql
    cursor.execute(sql, params)
    ~~~~~~~~~~~~~~^^^^^^^^^^^^^
  File "C:\Users\ASUS\Downloads\TRAINING PROJECT\TRAINING PROJECT\venv\Lib\site-packages\django\db\backends\utils.py", line 122, in execute
    return super().execute(sql, params)
           ~~~~~~~~~~~~~~~^^^^^^^^^^^^^
  File "C:\Users\ASUS\Downloads\TRAINING PROJECT\TRAINING PROJECT\venv\Lib\site-packages\django\db\backends\utils.py", line 79, in execute
    return self._execute_with_wrappers(
           ~~~~~~~~~~~~~~~~~~~~~~~~~~~^
        sql, params, many=False, executor=self._execute
        ^^^^^^^^^^^^^^^^^^^^^^^^^^^^^^^^^^^^^^^^^^^^^^^
    )
    ^
  File "C:\Users\ASUS\Downloads\TRAINING PROJECT\TRAINING PROJECT\venv\Lib\site-packages\django\db\backends\utils.py", line 92, in _execute_with_wrappers
    return executor(sql, params, many, context)
  File "C:\Users\ASUS\Downloads\TRAINING PROJECT\TRAINING PROJECT\venv\Lib\site-packages\django\db\backends\utils.py", line 100, in _execute
    with self.db.wrap_database_errors:
         ^^^^^^^^^^^^^^^^^^^^^^^^^^^^
  File "C:\Users\ASUS\Downloads\TRAINING PROJECT\TRAINING PROJECT\venv\Lib\site-packages\django\db\utils.py", line 94, in __exit__
    raise dj_exc_value.with_traceback(traceback) from exc_value
  File "C:\Users\ASUS\Downloads\TRAINING PROJECT\TRAINING PROJECT\venv\Lib\site-packages\django\db\backends\utils.py", line 105, in _execute
    return self.cursor.execute(sql, params)
           ~~~~~~~~~~~~~~~~~~~^^^^^^^^^^^^^
  File "C:\Users\ASUS\Downloads\TRAINING PROJECT\TRAINING PROJECT\venv\Lib\site-packages\django\db\backends\sqlite3\base.py", line 359, in execute
    return super().execute(query, params)
           ~~~~~~~~~~~~~~~^^^^^^^^^^^^^^^
django.db.utils.IntegrityError: NOT NULL constraint failed: registrations_studentapplication.is_archived
Internal Server Error: /api/auto-save/
Traceback (most recent call last):
  File "C:\Users\ASUS\Downloads\TRAINING PROJECT\TRAINING PROJECT\venv\Lib\site-packages\django\db\backends\utils.py", line 105, in _execute
    return self.cursor.execute(sql, params)
           ~~~~~~~~~~~~~~~~~~~^^^^^^^^^^^^^
  File "C:\Users\ASUS\Downloads\TRAINING PROJECT\TRAINING PROJECT\venv\Lib\site-packages\django\db\backends\sqlite3\base.py", line 359, in execute
    return super().execute(query, params)
           ~~~~~~~~~~~~~~~^^^^^^^^^^^^^^^
sqlite3.IntegrityError: NOT NULL constraint failed: registrations_studentapplication.is_archived

The above exception was the direct cause of the following exception:

Traceback (most recent call last):
  File "C:\Users\ASUS\Downloads\TRAINING PROJECT\TRAINING PROJECT\venv\Lib\site-packages\django\core\handlers\exception.py", line 55, in inner
    response = get_response(request)
  File "C:\Users\ASUS\Downloads\TRAINING PROJECT\TRAINING PROJECT\venv\Lib\site-packages\django\core\handlers\base.py", line 198, in _get_response
    response = wrapped_callback(request, *callback_args, **callback_kwargs)
  File "C:\Users\ASUS\Downloads\TRAINING PROJECT\TRAINING PROJECT\registrations\views.py", line 958, in auto_save_field
    app.save()
    ~~~~~~~~^^
  File "C:\Users\ASUS\Downloads\TRAINING PROJECT\TRAINING PROJECT\venv\Lib\site-packages\django\db\models\base.py", line 874, in save
    self.save_base(
    ~~~~~~~~~~~~~~^
        using=using,
        ^^^^^^^^^^^^
    ...<2 lines>...
        update_fields=update_fields,
        ^^^^^^^^^^^^^^^^^^^^^^^^^^^^
    )
    ^
  File "C:\Users\ASUS\Downloads\TRAINING PROJECT\TRAINING PROJECT\venv\Lib\site-packages\django\db\models\base.py", line 966, in save_base
    updated = self._save_table(
        raw,
    ...<4 lines>...
        update_fields,
    )
  File "C:\Users\ASUS\Downloads\TRAINING PROJECT\TRAINING PROJECT\venv\Lib\site-packages\django\db\models\base.py", line 1169, in _save_table
    results = self._do_insert(
        cls._base_manager, using, insert_fields, returning_fields, raw
    )
  File "C:\Users\ASUS\Downloads\TRAINING PROJECT\TRAINING PROJECT\venv\Lib\site-packages\django\db\models\base.py", line 1220, in _do_insert
    return manager._insert(
           ~~~~~~~~~~~~~~~^
        [self],
        ^^^^^^^
    ...<3 lines>...
        raw=raw,
        ^^^^^^^^
    )
    ^
  File "C:\Users\ASUS\Downloads\TRAINING PROJECT\TRAINING PROJECT\venv\Lib\site-packages\django\db\models\manager.py", line 87, in manager_method
    return getattr(self.get_queryset(), name)(*args, **kwargs)
           ~~~~~~~~~~~~~~~~~~~~~~~~~~~~~~~~~~^^^^^^^^^^^^^^^^^
  File "C:\Users\ASUS\Downloads\TRAINING PROJECT\TRAINING PROJECT\venv\Lib\site-packages\django\db\models\query.py", line 1918, in _insert
    return query.get_compiler(using=using).execute_sql(returning_fields)
           ~~~~~~~~~~~~~~~~~~~~~~~~~~~~~~~~~~~~~~~~~~~^^^^^^^^^^^^^^^^^^
  File "C:\Users\ASUS\Downloads\TRAINING PROJECT\TRAINING PROJECT\venv\Lib\site-packages\django\db\models\sql\compiler.py", line 1925, in execute_sql
    cursor.execute(sql, params)
    ~~~~~~~~~~~~~~^^^^^^^^^^^^^
  File "C:\Users\ASUS\Downloads\TRAINING PROJECT\TRAINING PROJECT\venv\Lib\site-packages\django\db\backends\utils.py", line 122, in execute
    return super().execute(sql, params)
           ~~~~~~~~~~~~~~~^^^^^^^^^^^^^
  File "C:\Users\ASUS\Downloads\TRAINING PROJECT\TRAINING PROJECT\venv\Lib\site-packages\django\db\backends\utils.py", line 79, in execute
    return self._execute_with_wrappers(
           ~~~~~~~~~~~~~~~~~~~~~~~~~~~^
        sql, params, many=False, executor=self._execute
        ^^^^^^^^^^^^^^^^^^^^^^^^^^^^^^^^^^^^^^^^^^^^^^^
    )
    ^
  File "C:\Users\ASUS\Downloads\TRAINING PROJECT\TRAINING PROJECT\venv\Lib\site-packages\django\db\backends\utils.py", line 92, in _execute_with_wrappers
    return executor(sql, params, many, context)
  File "C:\Users\ASUS\Downloads\TRAINING PROJECT\TRAINING PROJECT\venv\Lib\site-packages\django\db\backends\utils.py", line 100, in _execute
    with self.db.wrap_database_errors:
         ^^^^^^^^^^^^^^^^^^^^^^^^^^^^
  File "C:\Users\ASUS\Downloads\TRAINING PROJECT\TRAINING PROJECT\venv\Lib\site-packages\django\db\utils.py", line 94, in __exit__
    raise dj_exc_value.with_traceback(traceback) from exc_value
  File "C:\Users\ASUS\Downloads\TRAINING PROJECT\TRAINING PROJECT\venv\Lib\site-packages\django\db\backends\utils.py", line 105, in _execute
    return self.cursor.execute(sql, params)
           ~~~~~~~~~~~~~~~~~~~^^^^^^^^^^^^^
  File "C:\Users\ASUS\Downloads\TRAINING PROJECT\TRAINING PROJECT\venv\Lib\site-packages\django\db\backends\sqlite3\base.py", line 359, in execute
    return super().execute(query, params)
           ~~~~~~~~~~~~~~~^^^^^^^^^^^^^^^
django.db.utils.IntegrityError: NOT NULL constraint failed: registrations_studentapplication.is_archived
Internal Server Error: /api/auto-save/
Traceback (most recent call last):
  File "C:\Users\ASUS\Downloads\TRAINING PROJECT\TRAINING PROJECT\venv\Lib\site-packages\django\db\backends\utils.py", line 105, in _execute
    return self.cursor.execute(sql, params)
           ~~~~~~~~~~~~~~~~~~~^^^^^^^^^^^^^
  File "C:\Users\ASUS\Downloads\TRAINING PROJECT\TRAINING PROJECT\venv\Lib\site-packages\django\db\backends\sqlite3\base.py", line 359, in execute
    return super().execute(query, params)
           ~~~~~~~~~~~~~~~^^^^^^^^^^^^^^^
sqlite3.IntegrityError: NOT NULL constraint failed: registrations_studentapplication.is_archived

The above exception was the direct cause of the following exception:

Traceback (most recent call last):
  File "C:\Users\ASUS\Downloads\TRAINING PROJECT\TRAINING PROJECT\venv\Lib\site-packages\django\core\handlers\exception.py", line 55, in inner
    response = get_response(request)
  File "C:\Users\ASUS\Downloads\TRAINING PROJECT\TRAINING PROJECT\venv\Lib\site-packages\django\core\handlers\base.py", line 198, in _get_response
    response = wrapped_callback(request, *callback_args, **callback_kwargs)
  File "C:\Users\ASUS\Downloads\TRAINING PROJECT\TRAINING PROJECT\registrations\views.py", line 958, in auto_save_field
    app.save()
    ~~~~~~~~^^
  File "C:\Users\ASUS\Downloads\TRAINING PROJECT\TRAINING PROJECT\venv\Lib\site-packages\django\db\models\base.py", line 874, in save
    self.save_base(
    ~~~~~~~~~~~~~~^
        using=using,
        ^^^^^^^^^^^^
    ...<2 lines>...
        update_fields=update_fields,
        ^^^^^^^^^^^^^^^^^^^^^^^^^^^^
    )
    ^
  File "C:\Users\ASUS\Downloads\TRAINING PROJECT\TRAINING PROJECT\venv\Lib\site-packages\django\db\models\base.py", line 966, in save_base
    updated = self._save_table(
        raw,
    ...<4 lines>...
        update_fields,
    )
  File "C:\Users\ASUS\Downloads\TRAINING PROJECT\TRAINING PROJECT\venv\Lib\site-packages\django\db\models\base.py", line 1169, in _save_table
    results = self._do_insert(
        cls._base_manager, using, insert_fields, returning_fields, raw
    )
  File "C:\Users\ASUS\Downloads\TRAINING PROJECT\TRAINING PROJECT\venv\Lib\site-packages\django\db\models\base.py", line 1220, in _do_insert
    return manager._insert(
           ~~~~~~~~~~~~~~~^
        [self],
        ^^^^^^^
    ...<3 lines>...
        raw=raw,
        ^^^^^^^^
    )
    ^
  File "C:\Users\ASUS\Downloads\TRAINING PROJECT\TRAINING PROJECT\venv\Lib\site-packages\django\db\models\manager.py", line 87, in manager_method
    return getattr(self.get_queryset(), name)(*args, **kwargs)
           ~~~~~~~~~~~~~~~~~~~~~~~~~~~~~~~~~~^^^^^^^^^^^^^^^^^
  File "C:\Users\ASUS\Downloads\TRAINING PROJECT\TRAINING PROJECT\venv\Lib\site-packages\django\db\models\query.py", line 1918, in _insert
    return query.get_compiler(using=using).execute_sql(returning_fields)
           ~~~~~~~~~~~~~~~~~~~~~~~~~~~~~~~~~~~~~~~~~~~^^^^^^^^^^^^^^^^^^
  File "C:\Users\ASUS\Downloads\TRAINING PROJECT\TRAINING PROJECT\venv\Lib\site-packages\django\db\models\sql\compiler.py", line 1925, in execute_sql
    cursor.execute(sql, params)
    ~~~~~~~~~~~~~~^^^^^^^^^^^^^
  File "C:\Users\ASUS\Downloads\TRAINING PROJECT\TRAINING PROJECT\venv\Lib\site-packages\django\db\backends\utils.py", line 122, in execute
    return super().execute(sql, params)
           ~~~~~~~~~~~~~~~^^^^^^^^^^^^^
  File "C:\Users\ASUS\Downloads\TRAINING PROJECT\TRAINING PROJECT\venv\Lib\site-packages\django\db\backends\utils.py", line 79, in execute
    return self._execute_with_wrappers(
           ~~~~~~~~~~~~~~~~~~~~~~~~~~~^
        sql, params, many=False, executor=self._execute
        ^^^^^^^^^^^^^^^^^^^^^^^^^^^^^^^^^^^^^^^^^^^^^^^
    )
    ^
  File "C:\Users\ASUS\Downloads\TRAINING PROJECT\TRAINING PROJECT\venv\Lib\site-packages\django\db\backends\utils.py", line 92, in _execute_with_wrappers
    return executor(sql, params, many, context)
  File "C:\Users\ASUS\Downloads\TRAINING PROJECT\TRAINING PROJECT\venv\Lib\site-packages\django\db\backends\utils.py", line 100, in _execute
    with self.db.wrap_database_errors:
         ^^^^^^^^^^^^^^^^^^^^^^^^^^^^
  File "C:\Users\ASUS\Downloads\TRAINING PROJECT\TRAINING PROJECT\venv\Lib\site-packages\django\db\utils.py", line 94, in __exit__
    raise dj_exc_value.with_traceback(traceback) from exc_value
  File "C:\Users\ASUS\Downloads\TRAINING PROJECT\TRAINING PROJECT\venv\Lib\site-packages\django\db\backends\utils.py", line 105, in _execute
    return self.cursor.execute(sql, params)
           ~~~~~~~~~~~~~~~~~~~^^^^^^^^^^^^^
  File "C:\Users\ASUS\Downloads\TRAINING PROJECT\TRAINING PROJECT\venv\Lib\site-packages\django\db\backends\sqlite3\base.py", line 359, in execute
    return super().execute(query, params)
           ~~~~~~~~~~~~~~~^^^^^^^^^^^^^^^
django.db.utils.IntegrityError: NOT NULL constraint failed: registrations_studentapplication.is_archived
Internal Server Error: /api/auto-save/
Traceback (most recent call last):
  File "C:\Users\ASUS\Downloads\TRAINING PROJECT\TRAINING PROJECT\venv\Lib\site-packages\django\db\backends\utils.py", line 105, in _execute
    return self.cursor.execute(sql, params)
           ~~~~~~~~~~~~~~~~~~~^^^^^^^^^^^^^
  File "C:\Users\ASUS\Downloads\TRAINING PROJECT\TRAINING PROJECT\venv\Lib\site-packages\django\db\backends\sqlite3\base.py", line 359, in execute
    return super().execute(query, params)
           ~~~~~~~~~~~~~~~^^^^^^^^^^^^^^^
sqlite3.IntegrityError: NOT NULL constraint failed: registrations_studentapplication.is_archived

The above exception was the direct cause of the following exception:

Traceback (most recent call last):
  File "C:\Users\ASUS\Downloads\TRAINING PROJECT\TRAINING PROJECT\venv\Lib\site-packages\django\core\handlers\exception.py", line 55, in inner
    response = get_response(request)
  File "C:\Users\ASUS\Downloads\TRAINING PROJECT\TRAINING PROJECT\venv\Lib\site-packages\django\core\handlers\base.py", line 198, in _get_response
    response = wrapped_callback(request, *callback_args, **callback_kwargs)
  File "C:\Users\ASUS\Downloads\TRAINING PROJECT\TRAINING PROJECT\registrations\views.py", line 958, in auto_save_field
    app.save()
    ~~~~~~~~^^
  File "C:\Users\ASUS\Downloads\TRAINING PROJECT\TRAINING PROJECT\venv\Lib\site-packages\django\db\models\base.py", line 874, in save
    self.save_base(
    ~~~~~~~~~~~~~~^
        using=using,
        ^^^^^^^^^^^^
    ...<2 lines>...
        update_fields=update_fields,
        ^^^^^^^^^^^^^^^^^^^^^^^^^^^^
    )
    ^
  File "C:\Users\ASUS\Downloads\TRAINING PROJECT\TRAINING PROJECT\venv\Lib\site-packages\django\db\models\base.py", line 966, in save_base
    updated = self._save_table(
        raw,
    ...<4 lines>...
        update_fields,
    )
  File "C:\Users\ASUS\Downloads\TRAINING PROJECT\TRAINING PROJECT\venv\Lib\site-packages\django\db\models\base.py", line 1169, in _save_table
    results = self._do_insert(
        cls._base_manager, using, insert_fields, returning_fields, raw
    )
  File "C:\Users\ASUS\Downloads\TRAINING PROJECT\TRAINING PROJECT\venv\Lib\site-packages\django\db\models\base.py", line 1220, in _do_insert
    return manager._insert(
           ~~~~~~~~~~~~~~~^
        [self],
        ^^^^^^^
    ...<3 lines>...
        raw=raw,
        ^^^^^^^^
    )
    ^
  File "C:\Users\ASUS\Downloads\TRAINING PROJECT\TRAINING PROJECT\venv\Lib\site-packages\django\db\models\manager.py", line 87, in manager_method
    return getattr(self.get_queryset(), name)(*args, **kwargs)
           ~~~~~~~~~~~~~~~~~~~~~~~~~~~~~~~~~~^^^^^^^^^^^^^^^^^
  File "C:\Users\ASUS\Downloads\TRAINING PROJECT\TRAINING PROJECT\venv\Lib\site-packages\django\db\models\query.py", line 1918, in _insert
    return query.get_compiler(using=using).execute_sql(returning_fields)
           ~~~~~~~~~~~~~~~~~~~~~~~~~~~~~~~~~~~~~~~~~~~^^^^^^^^^^^^^^^^^^
  File "C:\Users\ASUS\Downloads\TRAINING PROJECT\TRAINING PROJECT\venv\Lib\site-packages\django\db\models\sql\compiler.py", line 1925, in execute_sql
    cursor.execute(sql, params)
    ~~~~~~~~~~~~~~^^^^^^^^^^^^^
  File "C:\Users\ASUS\Downloads\TRAINING PROJECT\TRAINING PROJECT\venv\Lib\site-packages\django\db\backends\utils.py", line 122, in execute
    return super().execute(sql, params)
           ~~~~~~~~~~~~~~~^^^^^^^^^^^^^
  File "C:\Users\ASUS\Downloads\TRAINING PROJECT\TRAINING PROJECT\venv\Lib\site-packages\django\db\backends\utils.py", line 79, in execute
    return self._execute_with_wrappers(
           ~~~~~~~~~~~~~~~~~~~~~~~~~~~^
        sql, params, many=False, executor=self._execute
        ^^^^^^^^^^^^^^^^^^^^^^^^^^^^^^^^^^^^^^^^^^^^^^^
    )
    ^
  File "C:\Users\ASUS\Downloads\TRAINING PROJECT\TRAINING PROJECT\venv\Lib\site-packages\django\db\backends\utils.py", line 92, in _execute_with_wrappers
    return executor(sql, params, many, context)
  File "C:\Users\ASUS\Downloads\TRAINING PROJECT\TRAINING PROJECT\venv\Lib\site-packages\django\db\backends\utils.py", line 100, in _execute
    with self.db.wrap_database_errors:
         ^^^^^^^^^^^^^^^^^^^^^^^^^^^^
  File "C:\Users\ASUS\Downloads\TRAINING PROJECT\TRAINING PROJECT\venv\Lib\site-packages\django\db\utils.py", line 94, in __exit__
    raise dj_exc_value.with_traceback(traceback) from exc_value
  File "C:\Users\ASUS\Downloads\TRAINING PROJECT\TRAINING PROJECT\venv\Lib\site-packages\django\db\backends\utils.py", line 105, in _execute
    return self.cursor.execute(sql, params)
           ~~~~~~~~~~~~~~~~~~~^^^^^^^^^^^^^
  File "C:\Users\ASUS\Downloads\TRAINING PROJECT\TRAINING PROJECT\venv\Lib\site-packages\django\db\backends\sqlite3\base.py", line 359, in execute
    return super().execute(query, params)
           ~~~~~~~~~~~~~~~^^^^^^^^^^^^^^^
django.db.utils.IntegrityError: NOT NULL constraint failed: registrations_studentapplication.is_archived
Internal Server Error: /api/auto-save/
Traceback (most recent call last):
  File "C:\Users\ASUS\Downloads\TRAINING PROJECT\TRAINING PROJECT\venv\Lib\site-packages\django\db\backends\utils.py", line 105, in _execute
    return self.cursor.execute(sql, params)
           ~~~~~~~~~~~~~~~~~~~^^^^^^^^^^^^^
  File "C:\Users\ASUS\Downloads\TRAINING PROJECT\TRAINING PROJECT\venv\Lib\site-packages\django\db\backends\sqlite3\base.py", line 359, in execute
    return super().execute(query, params)
           ~~~~~~~~~~~~~~~^^^^^^^^^^^^^^^
sqlite3.IntegrityError: NOT NULL constraint failed: registrations_studentapplication.is_archived

The above exception was the direct cause of the following exception:

Traceback (most recent call last):
  File "C:\Users\ASUS\Downloads\TRAINING PROJECT\TRAINING PROJECT\venv\Lib\site-packages\django\core\handlers\exception.py", line 55, in inner
    response = get_response(request)
  File "C:\Users\ASUS\Downloads\TRAINING PROJECT\TRAINING PROJECT\venv\Lib\site-packages\django\core\handlers\base.py", line 198, in _get_response
    response = wrapped_callback(request, *callback_args, **callback_kwargs)
  File "C:\Users\ASUS\Downloads\TRAINING PROJECT\TRAINING PROJECT\registrations\views.py", line 958, in auto_save_field
    app.save()
    ~~~~~~~~^^
  File "C:\Users\ASUS\Downloads\TRAINING PROJECT\TRAINING PROJECT\venv\Lib\site-packages\django\db\models\base.py", line 874, in save
    self.save_base(
    ~~~~~~~~~~~~~~^
        using=using,
        ^^^^^^^^^^^^
    ...<2 lines>...
        update_fields=update_fields,
        ^^^^^^^^^^^^^^^^^^^^^^^^^^^^
    )
    ^
  File "C:\Users\ASUS\Downloads\TRAINING PROJECT\TRAINING PROJECT\venv\Lib\site-packages\django\db\models\base.py", line 966, in save_base
    updated = self._save_table(
        raw,
    ...<4 lines>...
        update_fields,
    )
  File "C:\Users\ASUS\Downloads\TRAINING PROJECT\TRAINING PROJECT\venv\Lib\site-packages\django\db\models\base.py", line 1169, in _save_table
    results = self._do_insert(
        cls._base_manager, using, insert_fields, returning_fields, raw
    )
  File "C:\Users\ASUS\Downloads\TRAINING PROJECT\TRAINING PROJECT\venv\Lib\site-packages\django\db\models\base.py", line 1220, in _do_insert
    return manager._insert(
           ~~~~~~~~~~~~~~~^
        [self],
        ^^^^^^^
    ...<3 lines>...
        raw=raw,
        ^^^^^^^^
    )
    ^
  File "C:\Users\ASUS\Downloads\TRAINING PROJECT\TRAINING PROJECT\venv\Lib\site-packages\django\db\models\manager.py", line 87, in manager_method
    return getattr(self.get_queryset(), name)(*args, **kwargs)
           ~~~~~~~~~~~~~~~~~~~~~~~~~~~~~~~~~~^^^^^^^^^^^^^^^^^
  File "C:\Users\ASUS\Downloads\TRAINING PROJECT\TRAINING PROJECT\venv\Lib\site-packages\django\db\models\query.py", line 1918, in _insert
    return query.get_compiler(using=using).execute_sql(returning_fields)
           ~~~~~~~~~~~~~~~~~~~~~~~~~~~~~~~~~~~~~~~~~~~^^^^^^^^^^^^^^^^^^
  File "C:\Users\ASUS\Downloads\TRAINING PROJECT\TRAINING PROJECT\venv\Lib\site-packages\django\db\models\sql\compiler.py", line 1925, in execute_sql
    cursor.execute(sql, params)
    ~~~~~~~~~~~~~~^^^^^^^^^^^^^
  File "C:\Users\ASUS\Downloads\TRAINING PROJECT\TRAINING PROJECT\venv\Lib\site-packages\django\db\backends\utils.py", line 122, in execute
    return super().execute(sql, params)
           ~~~~~~~~~~~~~~~^^^^^^^^^^^^^
  File "C:\Users\ASUS\Downloads\TRAINING PROJECT\TRAINING PROJECT\venv\Lib\site-packages\django\db\backends\utils.py", line 79, in execute
    return self._execute_with_wrappers(
           ~~~~~~~~~~~~~~~~~~~~~~~~~~~^
        sql, params, many=False, executor=self._execute
        ^^^^^^^^^^^^^^^^^^^^^^^^^^^^^^^^^^^^^^^^^^^^^^^
    )
    ^
  File "C:\Users\ASUS\Downloads\TRAINING PROJECT\TRAINING PROJECT\venv\Lib\site-packages\django\db\backends\utils.py", line 92, in _execute_with_wrappers
    return executor(sql, params, many, context)
  File "C:\Users\ASUS\Downloads\TRAINING PROJECT\TRAINING PROJECT\venv\Lib\site-packages\django\db\backends\utils.py", line 100, in _execute
    with self.db.wrap_database_errors:
         ^^^^^^^^^^^^^^^^^^^^^^^^^^^^
  File "C:\Users\ASUS\Downloads\TRAINING PROJECT\TRAINING PROJECT\venv\Lib\site-packages\django\db\utils.py", line 94, in __exit__
    raise dj_exc_value.with_traceback(traceback) from exc_value
  File "C:\Users\ASUS\Downloads\TRAINING PROJECT\TRAINING PROJECT\venv\Lib\site-packages\django\db\backends\utils.py", line 105, in _execute
    return self.cursor.execute(sql, params)
           ~~~~~~~~~~~~~~~~~~~^^^^^^^^^^^^^
  File "C:\Users\ASUS\Downloads\TRAINING PROJECT\TRAINING PROJECT\venv\Lib\site-packages\django\db\backends\sqlite3\base.py", line 359, in execute
    return super().execute(query, params)
           ~~~~~~~~~~~~~~~^^^^^^^^^^^^^^^
django.db.utils.IntegrityError: NOT NULL constraint failed: registrations_studentapplication.is_archived
Internal Server Error: /api/auto-save/
Traceback (most recent call last):
  File "C:\Users\ASUS\Downloads\TRAINING PROJECT\TRAINING PROJECT\venv\Lib\site-packages\django\db\backends\utils.py", line 105, in _execute
    return self.cursor.execute(sql, params)
           ~~~~~~~~~~~~~~~~~~~^^^^^^^^^^^^^
  File "C:\Users\ASUS\Downloads\TRAINING PROJECT\TRAINING PROJECT\venv\Lib\site-packages\django\db\backends\sqlite3\base.py", line 359, in execute
    return super().execute(query, params)
           ~~~~~~~~~~~~~~~^^^^^^^^^^^^^^^
sqlite3.IntegrityError: NOT NULL constraint failed: registrations_studentapplication.is_archived

The above exception was the direct cause of the following exception:

Traceback (most recent call last):
  File "C:\Users\ASUS\Downloads\TRAINING PROJECT\TRAINING PROJECT\venv\Lib\site-packages\django\core\handlers\exception.py", line 55, in inner
    response = get_response(request)
  File "C:\Users\ASUS\Downloads\TRAINING PROJECT\TRAINING PROJECT\venv\Lib\site-packages\django\core\handlers\base.py", line 198, in _get_response
    response = wrapped_callback(request, *callback_args, **callback_kwargs)
  File "C:\Users\ASUS\Downloads\TRAINING PROJECT\TRAINING PROJECT\registrations\views.py", line 958, in auto_save_field
    app.save()
    ~~~~~~~~^^
  File "C:\Users\ASUS\Downloads\TRAINING PROJECT\TRAINING PROJECT\venv\Lib\site-packages\django\db\models\base.py", line 874, in save
    self.save_base(
    ~~~~~~~~~~~~~~^
        using=using,
        ^^^^^^^^^^^^
    ...<2 lines>...
        update_fields=update_fields,
        ^^^^^^^^^^^^^^^^^^^^^^^^^^^^
    )
    ^
  File "C:\Users\ASUS\Downloads\TRAINING PROJECT\TRAINING PROJECT\venv\Lib\site-packages\django\db\models\base.py", line 966, in save_base
    updated = self._save_table(
        raw,
    ...<4 lines>...
        update_fields,
    )
  File "C:\Users\ASUS\Downloads\TRAINING PROJECT\TRAINING PROJECT\venv\Lib\site-packages\django\db\models\base.py", line 1169, in _save_table
    results = self._do_insert(
        cls._base_manager, using, insert_fields, returning_fields, raw
    )
  File "C:\Users\ASUS\Downloads\TRAINING PROJECT\TRAINING PROJECT\venv\Lib\site-packages\django\db\models\base.py", line 1220, in _do_insert
    return manager._insert(
           ~~~~~~~~~~~~~~~^
        [self],
        ^^^^^^^
    ...<3 lines>...
        raw=raw,
        ^^^^^^^^
    )
    ^
  File "C:\Users\ASUS\Downloads\TRAINING PROJECT\TRAINING PROJECT\venv\Lib\site-packages\django\db\models\manager.py", line 87, in manager_method
    return getattr(self.get_queryset(), name)(*args, **kwargs)
           ~~~~~~~~~~~~~~~~~~~~~~~~~~~~~~~~~~^^^^^^^^^^^^^^^^^
  File "C:\Users\ASUS\Downloads\TRAINING PROJECT\TRAINING PROJECT\venv\Lib\site-packages\django\db\models\query.py", line 1918, in _insert
    return query.get_compiler(using=using).execute_sql(returning_fields)
           ~~~~~~~~~~~~~~~~~~~~~~~~~~~~~~~~~~~~~~~~~~~^^^^^^^^^^^^^^^^^^
  File "C:\Users\ASUS\Downloads\TRAINING PROJECT\TRAINING PROJECT\venv\Lib\site-packages\django\db\models\sql\compiler.py", line 1925, in execute_sql
    cursor.execute(sql, params)
    ~~~~~~~~~~~~~~^^^^^^^^^^^^^
  File "C:\Users\ASUS\Downloads\TRAINING PROJECT\TRAINING PROJECT\venv\Lib\site-packages\django\db\backends\utils.py", line 122, in execute
    return super().execute(sql, params)
           ~~~~~~~~~~~~~~~^^^^^^^^^^^^^
  File "C:\Users\ASUS\Downloads\TRAINING PROJECT\TRAINING PROJECT\venv\Lib\site-packages\django\db\backends\utils.py", line 79, in execute
    return self._execute_with_wrappers(
           ~~~~~~~~~~~~~~~~~~~~~~~~~~~^
        sql, params, many=False, executor=self._execute
        ^^^^^^^^^^^^^^^^^^^^^^^^^^^^^^^^^^^^^^^^^^^^^^^
    )
    ^
  File "C:\Users\ASUS\Downloads\TRAINING PROJECT\TRAINING PROJECT\venv\Lib\site-packages\django\db\backends\utils.py", line 92, in _execute_with_wrappers
    return executor(sql, params, many, context)
  File "C:\Users\ASUS\Downloads\TRAINING PROJECT\TRAINING PROJECT\venv\Lib\site-packages\django\db\backends\utils.py", line 100, in _execute
    with self.db.wrap_database_errors:
         ^^^^^^^^^^^^^^^^^^^^^^^^^^^^
  File "C:\Users\ASUS\Downloads\TRAINING PROJECT\TRAINING PROJECT\venv\Lib\site-packages\django\db\utils.py", line 94, in __exit__
    raise dj_exc_value.with_traceback(traceback) from exc_value
  File "C:\Users\ASUS\Downloads\TRAINING PROJECT\TRAINING PROJECT\venv\Lib\site-packages\django\db\backends\utils.py", line 105, in _execute
    return self.cursor.execute(sql, params)
           ~~~~~~~~~~~~~~~~~~~^^^^^^^^^^^^^
  File "C:\Users\ASUS\Downloads\TRAINING PROJECT\TRAINING PROJECT\venv\Lib\site-packages\django\db\backends\sqlite3\base.py", line 359, in execute
    return super().execute(query, params)
           ~~~~~~~~~~~~~~~^^^^^^^^^^^^^^^
django.db.utils.IntegrityError: NOT NULL constraint failed: registrations_studentapplication.is_archived
Error during submit_application
Traceback (most recent call last):
  File "C:\Users\ASUS\Downloads\TRAINING PROJECT\TRAINING PROJECT\venv\Lib\site-packages\django\db\backends\utils.py", line 105, in _execute
    return self.cursor.execute(sql, params)
           ~~~~~~~~~~~~~~~~~~~^^^^^^^^^^^^^
  File "C:\Users\ASUS\Downloads\TRAINING PROJECT\TRAINING PROJECT\venv\Lib\site-packages\django\db\backends\sqlite3\base.py", line 359, in execute
    return super().execute(query, params)
           ~~~~~~~~~~~~~~~^^^^^^^^^^^^^^^
sqlite3.IntegrityError: NOT NULL constraint failed: registrations_studentapplication.is_archived

The above exception was the direct cause of the following exception:

Traceback (most recent call last):
  File "C:\Users\ASUS\Downloads\TRAINING PROJECT\TRAINING PROJECT\registrations\views.py", line 582, in submit_application
    app.save()
    ~~~~~~~~^^
  File "C:\Users\ASUS\Downloads\TRAINING PROJECT\TRAINING PROJECT\venv\Lib\site-packages\django\db\models\base.py", line 874, in save
    self.save_base(
    ~~~~~~~~~~~~~~^
        using=using,
        ^^^^^^^^^^^^
    ...<2 lines>...
        update_fields=update_fields,
        ^^^^^^^^^^^^^^^^^^^^^^^^^^^^
    )
    ^
  File "C:\Users\ASUS\Downloads\TRAINING PROJECT\TRAINING PROJECT\venv\Lib\site-packages\django\db\models\base.py", line 966, in save_base
    updated = self._save_table(
        raw,
    ...<4 lines>...
        update_fields,
    )
  File "C:\Users\ASUS\Downloads\TRAINING PROJECT\TRAINING PROJECT\venv\Lib\site-packages\django\db\models\base.py", line 1169, in _save_table
    results = self._do_insert(
        cls._base_manager, using, insert_fields, returning_fields, raw
    )
  File "C:\Users\ASUS\Downloads\TRAINING PROJECT\TRAINING PROJECT\venv\Lib\site-packages\django\db\models\base.py", line 1220, in _do_insert
    return manager._insert(
           ~~~~~~~~~~~~~~~^
        [self],
        ^^^^^^^
    ...<3 lines>...
        raw=raw,
        ^^^^^^^^
    )
    ^
  File "C:\Users\ASUS\Downloads\TRAINING PROJECT\TRAINING PROJECT\venv\Lib\site-packages\django\db\models\manager.py", line 87, in manager_method
    return getattr(self.get_queryset(), name)(*args, **kwargs)
           ~~~~~~~~~~~~~~~~~~~~~~~~~~~~~~~~~~^^^^^^^^^^^^^^^^^
  File "C:\Users\ASUS\Downloads\TRAINING PROJECT\TRAINING PROJECT\venv\Lib\site-packages\django\db\models\query.py", line 1918, in _insert
    return query.get_compiler(using=using).execute_sql(returning_fields)
           ~~~~~~~~~~~~~~~~~~~~~~~~~~~~~~~~~~~~~~~~~~~^^^^^^^^^^^^^^^^^^
  File "C:\Users\ASUS\Downloads\TRAINING PROJECT\TRAINING PROJECT\venv\Lib\site-packages\django\db\models\sql\compiler.py", line 1925, in execute_sql
    cursor.execute(sql, params)
    ~~~~~~~~~~~~~~^^^^^^^^^^^^^
  File "C:\Users\ASUS\Downloads\TRAINING PROJECT\TRAINING PROJECT\venv\Lib\site-packages\django\db\backends\utils.py", line 122, in execute
    return super().execute(sql, params)
           ~~~~~~~~~~~~~~~^^^^^^^^^^^^^
  File "C:\Users\ASUS\Downloads\TRAINING PROJECT\TRAINING PROJECT\venv\Lib\site-packages\django\db\backends\utils.py", line 79, in execute
    return self._execute_with_wrappers(
           ~~~~~~~~~~~~~~~~~~~~~~~~~~~^
        sql, params, many=False, executor=self._execute
        ^^^^^^^^^^^^^^^^^^^^^^^^^^^^^^^^^^^^^^^^^^^^^^^
    )
    ^
  File "C:\Users\ASUS\Downloads\TRAINING PROJECT\TRAINING PROJECT\venv\Lib\site-packages\django\db\backends\utils.py", line 92, in _execute_with_wrappers
    return executor(sql, params, many, context)
  File "C:\Users\ASUS\Downloads\TRAINING PROJECT\TRAINING PROJECT\venv\Lib\site-packages\django\db\backends\utils.py", line 100, in _execute
    with self.db.wrap_database_errors:
         ^^^^^^^^^^^^^^^^^^^^^^^^^^^^
  File "C:\Users\ASUS\Downloads\TRAINING PROJECT\TRAINING PROJECT\venv\Lib\site-packages\django\db\utils.py", line 94, in __exit__
    raise dj_exc_value.with_traceback(traceback) from exc_value
  File "C:\Users\ASUS\Downloads\TRAINING PROJECT\TRAINING PROJECT\venv\Lib\site-packages\django\db\backends\utils.py", line 105, in _execute
    return self.cursor.execute(sql, params)
           ~~~~~~~~~~~~~~~~~~~^^^^^^^^^^^^^
  File "C:\Users\ASUS\Downloads\TRAINING PROJECT\TRAINING PROJECT\venv\Lib\site-packages\django\db\backends\sqlite3\base.py", line 359, in execute
    return super().execute(query, params)
           ~~~~~~~~~~~~~~~^^^^^^^^^^^^^^^
django.db.utils.IntegrityError: NOT NULL constraint failed: registrations_studentapplication.is_archived
Error during submit_application
Traceback (most recent call last):
  File "C:\Users\ASUS\Downloads\TRAINING PROJECT\TRAINING PROJECT\venv\Lib\site-packages\django\db\backends\utils.py", line 105, in _execute
    return self.cursor.execute(sql, params)
           ~~~~~~~~~~~~~~~~~~~^^^^^^^^^^^^^
  File "C:\Users\ASUS\Downloads\TRAINING PROJECT\TRAINING PROJECT\venv\Lib\site-packages\django\db\backends\sqlite3\base.py", line 359, in execute
    return super().execute(query, params)
           ~~~~~~~~~~~~~~~^^^^^^^^^^^^^^^
sqlite3.IntegrityError: NOT NULL constraint failed: registrations_studentapplication.is_archived

The above exception was the direct cause of the following exception:

Traceback (most recent call last):
  File "C:\Users\ASUS\Downloads\TRAINING PROJECT\TRAINING PROJECT\registrations\views.py", line 582, in submit_application
    app.save()
    ~~~~~~~~^^
  File "C:\Users\ASUS\Downloads\TRAINING PROJECT\TRAINING PROJECT\venv\Lib\site-packages\django\db\models\base.py", line 874, in save
    self.save_base(
    ~~~~~~~~~~~~~~^
        using=using,
        ^^^^^^^^^^^^
    ...<2 lines>...
        update_fields=update_fields,
        ^^^^^^^^^^^^^^^^^^^^^^^^^^^^
    )
    ^
  File "C:\Users\ASUS\Downloads\TRAINING PROJECT\TRAINING PROJECT\venv\Lib\site-packages\django\db\models\base.py", line 966, in save_base
    updated = self._save_table(
        raw,
    ...<4 lines>...
        update_fields,
    )
  File "C:\Users\ASUS\Downloads\TRAINING PROJECT\TRAINING PROJECT\venv\Lib\site-packages\django\db\models\base.py", line 1169, in _save_table
    results = self._do_insert(
        cls._base_manager, using, insert_fields, returning_fields, raw
    )
  File "C:\Users\ASUS\Downloads\TRAINING PROJECT\TRAINING PROJECT\venv\Lib\site-packages\django\db\models\base.py", line 1220, in _do_insert
    return manager._insert(
           ~~~~~~~~~~~~~~~^
        [self],
        ^^^^^^^
    ...<3 lines>...
        raw=raw,
        ^^^^^^^^
    )
    ^
  File "C:\Users\ASUS\Downloads\TRAINING PROJECT\TRAINING PROJECT\venv\Lib\site-packages\django\db\models\manager.py", line 87, in manager_method
    return getattr(self.get_queryset(), name)(*args, **kwargs)
           ~~~~~~~~~~~~~~~~~~~~~~~~~~~~~~~~~~^^^^^^^^^^^^^^^^^
  File "C:\Users\ASUS\Downloads\TRAINING PROJECT\TRAINING PROJECT\venv\Lib\site-packages\django\db\models\query.py", line 1918, in _insert
    return query.get_compiler(using=using).execute_sql(returning_fields)
           ~~~~~~~~~~~~~~~~~~~~~~~~~~~~~~~~~~~~~~~~~~~^^^^^^^^^^^^^^^^^^
  File "C:\Users\ASUS\Downloads\TRAINING PROJECT\TRAINING PROJECT\venv\Lib\site-packages\django\db\models\sql\compiler.py", line 1925, in execute_sql
    cursor.execute(sql, params)
    ~~~~~~~~~~~~~~^^^^^^^^^^^^^
  File "C:\Users\ASUS\Downloads\TRAINING PROJECT\TRAINING PROJECT\venv\Lib\site-packages\django\db\backends\utils.py", line 122, in execute
    return super().execute(sql, params)
           ~~~~~~~~~~~~~~~^^^^^^^^^^^^^
  File "C:\Users\ASUS\Downloads\TRAINING PROJECT\TRAINING PROJECT\venv\Lib\site-packages\django\db\backends\utils.py", line 79, in execute
    return self._execute_with_wrappers(
           ~~~~~~~~~~~~~~~~~~~~~~~~~~~^
        sql, params, many=False, executor=self._execute
        ^^^^^^^^^^^^^^^^^^^^^^^^^^^^^^^^^^^^^^^^^^^^^^^
    )
    ^
  File "C:\Users\ASUS\Downloads\TRAINING PROJECT\TRAINING PROJECT\venv\Lib\site-packages\django\db\backends\utils.py", line 92, in _execute_with_wrappers
    return executor(sql, params, many, context)
  File "C:\Users\ASUS\Downloads\TRAINING PROJECT\TRAINING PROJECT\venv\Lib\site-packages\django\db\backends\utils.py", line 100, in _execute
    with self.db.wrap_database_errors:
         ^^^^^^^^^^^^^^^^^^^^^^^^^^^^
  File "C:\Users\ASUS\Downloads\TRAINING PROJECT\TRAINING PROJECT\venv\Lib\site-packages\django\db\utils.py", line 94, in __exit__
    raise dj_exc_value.with_traceback(traceback) from exc_value
  File "C:\Users\ASUS\Downloads\TRAINING PROJECT\TRAINING PROJECT\venv\Lib\site-packages\django\db\backends\utils.py", line 105, in _execute
    return self.cursor.execute(sql, params)
           ~~~~~~~~~~~~~~~~~~~^^^^^^^^^^^^^
  File "C:\Users\ASUS\Downloads\TRAINING PROJECT\TRAINING PROJECT\venv\Lib\site-packages\django\db\backends\sqlite3\base.py", line 359, in execute
    return super().execute(query, params)
           ~~~~~~~~~~~~~~~^^^^^^^^^^^^^^^
django.db.utils.IntegrityError: NOT NULL constraint failed: registrations_studentapplication.is_archived
